txn_id,from_account,from_name,to_account,to_name,amount_inr,timestamp,type,flag
T00001,XXXX2584,Gowtham Pillai,XXXX7643,Dinesh Rao,2500,2026-08-02 13:00,IMPS,
T00002,XXXX2584,Gowtham Pillai,XXXX4271,Devan Menon,4000,2026-08-03 09:00,UPI,
T00003,XXXX2584,Gowtham Pillai,XXXX7643,Dinesh Rao,10000,2026-08-05 11:00,IMPS,
T00004,XXXX2584,Gowtham Pillai,XXXX7643,Dinesh Rao,500,2026-08-06 17:00,UPI,
T00005,XXXX2584,Gowtham Pillai,XXXX4937,Sathish Gupta,2500,2026-08-07 12:00,NEFT,
T00006,XXXX2584,Gowtham Pillai,XXXX4833,Ashok Nair,7500,2026-08-09 16:00,UPI,
T00007,XXXX4150,Gopal Gowda,XXXX9565,Harish Iyer,4000,2026-08-03 17:00,NEFT,
T00008,XXXX4150,Gopal Gowda,XXXX9565,Harish Iyer,1200,2026-08-04 18:00,UPI,
T00009,XXXX4150,Gopal Gowda,XXXX5177,Vijay Verma,7500,2026-08-05 18:00,NEFT,
T00010,XXXX4150,Gopal Gowda,XXXX9565,Harish Iyer,1200,2026-08-06 15:00,UPI,
T00011,XXXX4150,Gopal Gowda,XXXX8385,Kishore Pillai,7500,2026-08-09 17:00,IMPS,
T00012,XXXX4150,Gopal Gowda,XXXX5177,Vijay Verma,4000,2026-08-10 17:00,IMPS,
T00013,XXXX4150,Gopal Gowda,XXXX2680,Hari Achari,500,2026-08-11 12:00,IMPS,
T00014,XXXX4150,Gopal Gowda,XXXX9565,Harish Iyer,500,2026-08-12 18:00,IMPS,
T00015,XXXX4150,Gopal Gowda,XXXX5177,Vijay Verma,1200,2026-08-13 18:00,IMPS,
T00016,XXXX7065,Omkar Iyer,XXXX8905,Eswar Krishnan,2500,2026-08-01 18:00,IMPS,
T00017,XXXX7065,Omkar Iyer,XXXX4271,Devan Menon,7500,2026-08-02 09:00,UPI,
T00018,XXXX7065,Omkar Iyer,XXXX3509,Senthil Nair,2500,2026-08-06 09:00,UPI,
T00019,XXXX7065,Omkar Iyer,XXXX8905,Eswar Krishnan,2500,2026-08-07 10:00,NEFT,
T00020,XXXX7065,Omkar Iyer,XXXX4271,Devan Menon,7500,2026-08-10 17:00,NEFT,
T00021,XXXX6313,Gopal Rao,XXXX1672,Kannan Subramaniam,10000,2026-08-03 17:00,UPI,
T00022,XXXX6313,Gopal Rao,XXXX2412,Vijay Reddy,1200,2026-08-05 15:00,UPI,
T00023,XXXX6313,Gopal Rao,XXXX4531,Naveen Ramaswamy,1200,2026-08-07 15:00,UPI,
T00024,XXXX6313,Gopal Rao,XXXX2412,Vijay Reddy,10000,2026-08-08 10:00,NEFT,
T00025,XXXX6313,Gopal Rao,XXXX2412,Vijay Reddy,500,2026-08-09 19:00,NEFT,
T00026,XXXX6313,Gopal Rao,XXXX1672,Kannan Subramaniam,4000,2026-08-12 10:00,UPI,
T00027,XXXX6313,Gopal Rao,XXXX4531,Naveen Ramaswamy,2500,2026-08-14 15:00,IMPS,
T00028,XXXX9179,Thiru Ramaswamy,XXXX9017,Anand Shetty,7500,2026-08-01 14:00,NEFT,
T00029,XXXX9179,Thiru Ramaswamy,XXXX8702,Lokesh Velu,1200,2026-08-07 17:00,NEFT,
T00030,XXXX9179,Thiru Ramaswamy,XXXX3198,Prakash Achari,7500,2026-08-09 20:00,IMPS,
T00031,XXXX9179,Thiru Ramaswamy,XXXX6313,Gopal Rao,7500,2026-08-10 15:00,NEFT,
T00032,XXXX9179,Thiru Ramaswamy,XXXX6313,Gopal Rao,2500,2026-08-11 13:00,IMPS,
T00033,XXXX9179,Thiru Ramaswamy,XXXX8702,Lokesh Velu,4000,2026-08-12 20:00,UPI,
T00034,XXXX9179,Thiru Ramaswamy,XXXX8702,Lokesh Velu,2500,2026-08-14 12:00,IMPS,
T00035,XXXX6930,Murugan Shetty,XXXX8780,Ravi Gupta,1200,2026-08-01 16:00,UPI,
T00036,XXXX6930,Murugan Shetty,XXXX8777,Kannan Velu,1200,2026-08-02 19:00,IMPS,
T00037,XXXX6930,Murugan Shetty,XXXX8777,Kannan Velu,4000,2026-08-08 09:00,UPI,
T00038,XXXX6930,Murugan Shetty,XXXX7965,Nithin Bose,10000,2026-08-09 19:00,IMPS,
T00039,XXXX6930,Murugan Shetty,XXXX8780,Ravi Gupta,7500,2026-08-11 16:00,IMPS,
T00040,XXXX6930,Murugan Shetty,XXXX8780,Ravi Gupta,500,2026-08-12 20:00,NEFT,
T00041,XXXX6930,Murugan Shetty,XXXX8780,Ravi Gupta,4000,2026-08-13 14:00,IMPS,
T00042,XXXX7252,Vijay Patel,XXXX8777,Kannan Velu,10000,2026-08-03 18:00,UPI,
T00043,XXXX7252,Vijay Patel,XXXX9335,Omkar Subramaniam,7500,2026-08-08 19:00,UPI,
T00044,XXXX7252,Vijay Patel,XXXX9335,Omkar Subramaniam,4000,2026-08-09 17:00,IMPS,
T00045,XXXX7252,Vijay Patel,XXXX6083,Ilango Subramaniam,1200,2026-08-10 13:00,IMPS,
T00046,XXXX7252,Vijay Patel,XXXX8777,Kannan Velu,500,2026-08-11 20:00,NEFT,
T00047,XXXX7252,Vijay Patel,XXXX9335,Omkar Subramaniam,2500,2026-08-12 13:00,NEFT,
T00048,XXXX7252,Vijay Patel,XXXX8777,Kannan Velu,2500,2026-08-13 20:00,IMPS,
T00049,XXXX7252,Vijay Patel,XXXX9335,Omkar Subramaniam,10000,2026-08-14 14:00,NEFT,
T00050,XXXX7252,Vijay Patel,XXXX5811,Unknown / Unlinked,500000,2026-08-03 20:00,IMPS,SUSPICIOUS_LARGE_TRANSFER
T00051,XXXX7252,Vijay Patel,XXXX5811,Unknown / Unlinked,350000,2026-08-03 23:00,IMPS,SUSPICIOUS_LARGE_TRANSFER
T00052,XXXX3591,Harish Subramaniam,XXXX2122,Suresh Balakrishnan,10000,2026-08-01 19:00,NEFT,
T00053,XXXX3591,Harish Subramaniam,XXXX9883,Arun Mohan,1200,2026-08-02 12:00,NEFT,
T00054,XXXX3591,Harish Subramaniam,XXXX4269,Selvam Kumar,2500,2026-08-04 12:00,NEFT,
T00055,XXXX3591,Harish Subramaniam,XXXX9883,Arun Mohan,1200,2026-08-05 14:00,UPI,
T00056,XXXX3591,Harish Subramaniam,XXXX4269,Selvam Kumar,2500,2026-08-06 17:00,UPI,
T00057,XXXX3591,Harish Subramaniam,XXXX2122,Suresh Balakrishnan,500,2026-08-08 15:00,NEFT,
T00058,XXXX3591,Harish Subramaniam,XXXX9883,Arun Mohan,10000,2026-08-10 16:00,NEFT,
T00059,XXXX3591,Harish Subramaniam,XXXX2122,Suresh Balakrishnan,10000,2026-08-11 14:00,IMPS,
T00060,XXXX3591,Harish Subramaniam,XXXX9883,Arun Mohan,4000,2026-08-14 09:00,UPI,
T00061,XXXX3591,Harish Subramaniam,XXXX1859,Unknown / Unlinked,500000,2026-08-11 18:00,IMPS,SUSPICIOUS_LARGE_TRANSFER
T00062,XXXX3646,Kannan Kumar,XXXX4470,Farook Iyer,500,2026-08-04 14:00,IMPS,
T00063,XXXX3646,Kannan Kumar,XXXX9548,Bharath Pandian,4000,2026-08-06 12:00,UPI,
T00064,XXXX3646,Kannan Kumar,XXXX9883,Arun Mohan,7500,2026-08-07 10:00,UPI,
T00065,XXXX3646,Kannan Kumar,XXXX9883,Arun Mohan,4000,2026-08-08 15:00,UPI,
T00066,XXXX3646,Kannan Kumar,XXXX9548,Bharath Pandian,2500,2026-08-10 10:00,IMPS,
T00067,XXXX3646,Kannan Kumar,XXXX1224,Mahesh Pillai,2500,2026-08-11 09:00,IMPS,
T00068,XXXX3646,Kannan Kumar,XXXX9883,Arun Mohan,7500,2026-08-13 18:00,UPI,
T00069,XXXX3646,Kannan Kumar,XXXX1224,Mahesh Pillai,4000,2026-08-14 16:00,UPI,
T00070,XXXX3646,Kannan Kumar,XXXX6891,Unknown / Unlinked,200000,2026-08-08 22:00,IMPS,SUSPICIOUS_LARGE_TRANSFER
T00071,XXXX3646,Kannan Kumar,XXXX6891,Unknown / Unlinked,750000,2026-08-08 21:00,IMPS,SUSPICIOUS_LARGE_TRANSFER
T00072,XXXX4946,Devan Ramaswamy,XXXX4082,Mahesh Gupta,7500,2026-08-04 11:00,NEFT,
T00073,XXXX4946,Devan Ramaswamy,XXXX7861,Naveen Murthy,500,2026-08-05 16:00,NEFT,
T00074,XXXX4946,Devan Ramaswamy,XXXX7861,Naveen Murthy,1200,2026-08-07 19:00,IMPS,
T00075,XXXX4946,Devan Ramaswamy,XXXX4082,Mahesh Gupta,500,2026-08-08 14:00,UPI,
T00076,XXXX4946,Devan Ramaswamy,XXXX4082,Mahesh Gupta,7500,2026-08-11 16:00,NEFT,
T00077,XXXX4946,Devan Ramaswamy,XXXX7861,Naveen Murthy,500,2026-08-14 13:00,UPI,
T00078,XXXX4470,Farook Iyer,XXXX1464,Ilango Chandran,10000,2026-08-01 14:00,UPI,
T00079,XXXX4470,Farook Iyer,XXXX1860,Dinesh Achari,500,2026-08-03 19:00,IMPS,
T00080,XXXX4470,Farook Iyer,XXXX1464,Ilango Chandran,10000,2026-08-07 18:00,IMPS,
T00081,XXXX4470,Farook Iyer,XXXX1464,Ilango Chandran,10000,2026-08-10 14:00,IMPS,
T00082,XXXX6539,Pandi Natarajan,XXXX2958,Gopal Krishnan,2500,2026-08-04 10:00,UPI,
T00083,XXXX6539,Pandi Natarajan,XXXX2122,Suresh Balakrishnan,7500,2026-08-05 16:00,NEFT,
T00084,XXXX6539,Pandi Natarajan,XXXX2958,Gopal Krishnan,500,2026-08-06 13:00,UPI,
T00085,XXXX6539,Pandi Natarajan,XXXX2122,Suresh Balakrishnan,7500,2026-08-09 17:00,NEFT,
T00086,XXXX6539,Pandi Natarajan,XXXX2122,Suresh Balakrishnan,7500,2026-08-12 19:00,IMPS,
T00087,XXXX6539,Pandi Natarajan,XXXX2958,Gopal Krishnan,4000,2026-08-13 09:00,UPI,
T00088,XXXX6539,Pandi Natarajan,XXXX2122,Suresh Balakrishnan,7500,2026-08-14 09:00,UPI,
T00089,XXXX2160,Rahul Das,XXXX2869,Manoj Gowda,500,2026-08-03 18:00,NEFT,
T00090,XXXX2160,Rahul Das,XXXX2869,Manoj Gowda,4000,2026-08-05 13:00,IMPS,
T00091,XXXX2160,Rahul Das,XXXX6375,Omkar Singh,500,2026-08-06 13:00,IMPS,
T00092,XXXX2160,Rahul Das,XXXX4082,Mahesh Gupta,7500,2026-08-07 12:00,NEFT,
T00093,XXXX2160,Rahul Das,XXXX6375,Omkar Singh,2500,2026-08-08 09:00,NEFT,
T00094,XXXX2160,Rahul Das,XXXX2869,Manoj Gowda,4000,2026-08-09 19:00,NEFT,
T00095,XXXX2160,Rahul Das,XXXX2869,Manoj Gowda,10000,2026-08-10 09:00,IMPS,
T00096,XXXX2160,Rahul Das,XXXX4082,Mahesh Gupta,10000,2026-08-12 12:00,NEFT,
T00097,XXXX2160,Rahul Das,XXXX4082,Mahesh Gupta,4000,2026-08-13 18:00,UPI,
T00098,XXXX4119,Bharath Menon,XXXX8532,Prakash Patel,4000,2026-08-01 15:00,NEFT,
T00099,XXXX4119,Bharath Menon,XXXX6813,Anand Ramaswamy,4000,2026-08-04 13:00,UPI,
T00100,XXXX4119,Bharath Menon,XXXX6813,Anand Ramaswamy,7500,2026-08-05 16:00,NEFT,
T00101,XXXX4119,Bharath Menon,XXXX3646,Kannan Kumar,2500,2026-08-06 17:00,NEFT,
T00102,XXXX4119,Bharath Menon,XXXX3646,Kannan Kumar,7500,2026-08-07 16:00,IMPS,
T00103,XXXX4119,Bharath Menon,XXXX6813,Anand Ramaswamy,1200,2026-08-11 16:00,IMPS,
T00104,XXXX4119,Bharath Menon,XXXX8532,Prakash Patel,10000,2026-08-12 14:00,NEFT,
T00105,XXXX4119,Bharath Menon,XXXX6813,Anand Ramaswamy,500,2026-08-13 12:00,NEFT,
T00106,XXXX4119,Bharath Menon,XXXX8161,Farook Menon,500,2026-08-14 15:00,UPI,
T00107,XXXX5073,Manoj Reddy,XXXX7818,Karthik Mohan,500,2026-08-03 19:00,UPI,
T00108,XXXX5073,Manoj Reddy,XXXX4119,Bharath Menon,7500,2026-08-06 20:00,UPI,
T00109,XXXX5073,Manoj Reddy,XXXX2646,Jagan Natarajan,7500,2026-08-07 19:00,IMPS,
T00110,XXXX5073,Manoj Reddy,XXXX2646,Jagan Natarajan,10000,2026-08-10 11:00,NEFT,
T00111,XXXX5073,Manoj Reddy,XXXX2646,Jagan Natarajan,1200,2026-08-11 19:00,UPI,
T00112,XXXX5073,Manoj Reddy,XXXX4119,Bharath Menon,10000,2026-08-12 19:00,IMPS,
T00113,XXXX5073,Manoj Reddy,XXXX2646,Jagan Natarajan,4000,2026-08-13 11:00,IMPS,
T00114,XXXX1828,Ganesh Rao,XXXX4144,Pandi Pillai,4000,2026-08-02 12:00,UPI,
T00115,XXXX1828,Ganesh Rao,XXXX4144,Pandi Pillai,7500,2026-08-03 09:00,UPI,
T00116,XXXX1828,Ganesh Rao,XXXX9254,Suresh Patel,10000,2026-08-04 10:00,IMPS,
T00117,XXXX1828,Ganesh Rao,XXXX4119,Bharath Menon,4000,2026-08-06 19:00,NEFT,
T00118,XXXX1828,Ganesh Rao,XXXX4119,Bharath Menon,2500,2026-08-07 16:00,IMPS,
T00119,XXXX1828,Ganesh Rao,XXXX2122,Suresh Balakrishnan,7500,2026-08-09 19:00,UPI,
T00120,XXXX1828,Ganesh Rao,XXXX2122,Suresh Balakrishnan,10000,2026-08-10 15:00,NEFT,
T00121,XXXX1828,Ganesh Rao,XXXX4119,Bharath Menon,7500,2026-08-12 20:00,UPI,
T00122,XXXX1828,Ganesh Rao,XXXX9254,Suresh Patel,500,2026-08-13 09:00,IMPS,
T00123,XXXX1828,Ganesh Rao,XXXX4144,Pandi Pillai,2500,2026-08-14 19:00,IMPS,
T00124,XXXX7209,Kishore Chandran,XXXX2646,Jagan Natarajan,7500,2026-08-01 11:00,NEFT,
T00125,XXXX7209,Kishore Chandran,XXXX1440,Rajesh Natarajan,500,2026-08-02 10:00,UPI,
T00126,XXXX7209,Kishore Chandran,XXXX8625,Anand Subramaniam,1200,2026-08-04 18:00,UPI,
T00127,XXXX7209,Kishore Chandran,XXXX8625,Anand Subramaniam,4000,2026-08-05 12:00,UPI,
T00128,XXXX7209,Kishore Chandran,XXXX8967,Lokesh Natarajan,2500,2026-08-07 19:00,NEFT,
T00129,XXXX7209,Kishore Chandran,XXXX8625,Anand Subramaniam,2500,2026-08-09 10:00,IMPS,
T00130,XXXX7209,Kishore Chandran,XXXX1440,Rajesh Natarajan,10000,2026-08-12 16:00,UPI,
T00131,XXXX7209,Kishore Chandran,XXXX2646,Jagan Natarajan,7500,2026-08-14 15:00,NEFT,
T00132,XXXX9883,Arun Mohan,XXXX3780,Arun Verma,4000,2026-08-01 11:00,NEFT,
T00133,XXXX9883,Arun Mohan,XXXX3780,Arun Verma,4000,2026-08-02 11:00,IMPS,
T00134,XXXX9883,Arun Mohan,XXXX3780,Arun Verma,1200,2026-08-07 09:00,IMPS,
T00135,XXXX9883,Arun Mohan,XXXX3129,Karthik Venkatesh,500,2026-08-11 20:00,NEFT,
T00136,XXXX9883,Arun Mohan,XXXX3780,Arun Verma,500,2026-08-14 15:00,IMPS,
T00137,XXXX2122,Suresh Balakrishnan,XXXX9609,Ashok Krishnan,7500,2026-08-01 13:00,NEFT,
T00138,XXXX2122,Suresh Balakrishnan,XXXX9609,Ashok Krishnan,1200,2026-08-02 10:00,UPI,
T00139,XXXX2122,Suresh Balakrishnan,XXXX1152,Kumar Achari,10000,2026-08-04 13:00,NEFT,
T00140,XXXX2122,Suresh Balakrishnan,XXXX6295,Anand Reddy,500,2026-08-05 14:00,UPI,
T00141,XXXX2122,Suresh Balakrishnan,XXXX9565,Harish Iyer,10000,2026-08-07 17:00,UPI,
T00142,XXXX2122,Suresh Balakrishnan,XXXX1152,Kumar Achari,7500,2026-08-08 13:00,UPI,
T00143,XXXX2122,Suresh Balakrishnan,XXXX9565,Harish Iyer,7500,2026-08-10 19:00,IMPS,
T00144,XXXX2122,Suresh Balakrishnan,XXXX9565,Harish Iyer,10000,2026-08-11 10:00,IMPS,
T00145,XXXX9565,Harish Iyer,XXXX4648,Elango Subramaniam,500,2026-08-01 18:00,IMPS,
T00146,XXXX9565,Harish Iyer,XXXX4648,Elango Subramaniam,500,2026-08-03 14:00,IMPS,
T00147,XXXX9565,Harish Iyer,XXXX4648,Elango Subramaniam,500,2026-08-07 18:00,IMPS,
T00148,XXXX9565,Harish Iyer,XXXX4648,Elango Subramaniam,10000,2026-08-10 18:00,UPI,
T00149,XXXX9565,Harish Iyer,XXXX4648,Elango Subramaniam,2500,2026-08-13 12:00,IMPS,
T00150,XXXX9565,Harish Iyer,XXXX9254,Suresh Patel,1200,2026-08-14 13:00,UPI,
T00151,XXXX1152,Kumar Achari,XXXX9813,Eswar Raj,500,2026-08-02 12:00,IMPS,
T00152,XXXX1152,Kumar Achari,XXXX9813,Eswar Raj,500,2026-08-04 17:00,UPI,
T00153,XXXX1152,Kumar Achari,XXXX4470,Farook Iyer,1200,2026-08-05 09:00,UPI,
T00154,XXXX1152,Kumar Achari,XXXX9813,Eswar Raj,4000,2026-08-08 13:00,UPI,
T00155,XXXX1152,Kumar Achari,XXXX9813,Eswar Raj,1200,2026-08-09 20:00,UPI,
T00156,XXXX1152,Kumar Achari,XXXX8555,Selvam Das,1200,2026-08-14 09:00,NEFT,
T00157,XXXX7054,Kannan Bose,XXXX9254,Suresh Patel,4000,2026-08-03 18:00,IMPS,
T00158,XXXX7054,Kannan Bose,XXXX9254,Suresh Patel,7500,2026-08-04 13:00,IMPS,
T00159,XXXX7054,Kannan Bose,XXXX3363,Bharath Subramaniam,1200,2026-08-05 18:00,UPI,
T00160,XXXX7054,Kannan Bose,XXXX9254,Suresh Patel,2500,2026-08-06 20:00,UPI,
T00161,XXXX7054,Kannan Bose,XXXX9254,Suresh Patel,4000,2026-08-07 16:00,UPI,
T00162,XXXX7054,Kannan Bose,XXXX3363,Bharath Subramaniam,10000,2026-08-08 17:00,NEFT,
T00163,XXXX7054,Kannan Bose,XXXX3363,Bharath Subramaniam,4000,2026-08-11 13:00,UPI,
T00164,XXXX7054,Kannan Bose,XXXX9254,Suresh Patel,4000,2026-08-12 12:00,UPI,
T00165,XXXX7054,Kannan Bose,XXXX3363,Bharath Subramaniam,2500,2026-08-13 15:00,IMPS,
T00166,XXXX2891,Ramesh Nair,XXXX9335,Omkar Subramaniam,4000,2026-08-02 20:00,UPI,
T00167,XXXX2891,Ramesh Nair,XXXX9977,Kumar Mohan,1200,2026-08-04 09:00,IMPS,
T00168,XXXX2891,Ramesh Nair,XXXX9335,Omkar Subramaniam,1200,2026-08-06 16:00,IMPS,
T00169,XXXX2891,Ramesh Nair,XXXX9977,Kumar Mohan,2500,2026-08-07 15:00,IMPS,
T00170,XXXX2891,Ramesh Nair,XXXX4119,Bharath Menon,1200,2026-08-08 14:00,UPI,
T00171,XXXX2891,Ramesh Nair,XXXX9335,Omkar Subramaniam,7500,2026-08-09 20:00,UPI,
T00172,XXXX2891,Ramesh Nair,XXXX6313,Gopal Rao,500,2026-08-11 17:00,NEFT,
T00173,XXXX2891,Ramesh Nair,XXXX9977,Kumar Mohan,7500,2026-08-12 18:00,UPI,
T00174,XXXX2891,Ramesh Nair,XXXX8011,Unknown / Unlinked,150000,2026-08-09 23:00,IMPS,SUSPICIOUS_LARGE_TRANSFER
T00175,XXXX1832,Manoj Balakrishnan,XXXX3591,Harish Subramaniam,10000,2026-08-01 18:00,UPI,
T00176,XXXX1832,Manoj Balakrishnan,XXXX3591,Harish Subramaniam,7500,2026-08-04 11:00,IMPS,
T00177,XXXX1832,Manoj Balakrishnan,XXXX2527,Selvam Balakrishnan,7500,2026-08-06 11:00,IMPS,
T00178,XXXX1832,Manoj Balakrishnan,XXXX2527,Selvam Balakrishnan,4000,2026-08-08 16:00,UPI,
T00179,XXXX1832,Manoj Balakrishnan,XXXX3591,Harish Subramaniam,10000,2026-08-09 14:00,NEFT,
T00180,XXXX1832,Manoj Balakrishnan,XXXX2527,Selvam Balakrishnan,4000,2026-08-10 16:00,UPI,
T00181,XXXX1832,Manoj Balakrishnan,XXXX2527,Selvam Balakrishnan,7500,2026-08-11 09:00,NEFT,
T00182,XXXX1832,Manoj Balakrishnan,XXXX3591,Harish Subramaniam,1200,2026-08-13 14:00,UPI,
T00183,XXXX1832,Manoj Balakrishnan,XXXX6252,Unknown / Unlinked,200000,2026-08-03 18:00,IMPS,SUSPICIOUS_LARGE_TRANSFER
T00184,XXXX2832,Deepak Pandian,XXXX8433,Deepak Gupta,7500,2026-08-02 15:00,NEFT,
T00185,XXXX2832,Deepak Pandian,XXXX4833,Ashok Nair,2500,2026-08-04 14:00,UPI,
T00186,XXXX2832,Deepak Pandian,XXXX8433,Deepak Gupta,2500,2026-08-06 10:00,IMPS,
T00187,XXXX2832,Deepak Pandian,XXXX8433,Deepak Gupta,7500,2026-08-07 11:00,IMPS,
T00188,XXXX2832,Deepak Pandian,XXXX8433,Deepak Gupta,4000,2026-08-10 16:00,UPI,
T00189,XXXX2832,Deepak Pandian,XXXX8433,Deepak Gupta,4000,2026-08-11 18:00,NEFT,
T00190,XXXX2832,Deepak Pandian,XXXX8433,Deepak Gupta,10000,2026-08-12 15:00,UPI,
T00191,XXXX6974,Karthik Shetty,XXXX6502,Siva Pillai,1200,2026-08-01 20:00,NEFT,
T00192,XXXX6974,Karthik Shetty,XXXX2633,Rajesh Raj,10000,2026-08-02 11:00,NEFT,
T00193,XXXX6974,Karthik Shetty,XXXX4833,Ashok Nair,500,2026-08-04 20:00,NEFT,
T00194,XXXX6974,Karthik Shetty,XXXX2633,Rajesh Raj,2500,2026-08-05 12:00,UPI,
T00195,XXXX6974,Karthik Shetty,XXXX4833,Ashok Nair,4000,2026-08-06 13:00,IMPS,
T00196,XXXX6974,Karthik Shetty,XXXX4833,Ashok Nair,10000,2026-08-12 10:00,UPI,
T00197,XXXX6974,Karthik Shetty,XXXX2633,Rajesh Raj,500,2026-08-14 17:00,UPI,
T00198,XXXX3900,Vikram Shetty,XXXX6568,Arjun Menon,2500,2026-08-01 14:00,IMPS,
T00199,XXXX3900,Vikram Shetty,XXXX1027,Pandi Sundaram,500,2026-08-03 20:00,NEFT,
T00200,XXXX3900,Vikram Shetty,XXXX3780,Arun Verma,1200,2026-08-05 19:00,UPI,
T00201,XXXX3900,Vikram Shetty,XXXX3780,Arun Verma,500,2026-08-06 09:00,UPI,
T00202,XXXX3900,Vikram Shetty,XXXX1027,Pandi Sundaram,7500,2026-08-07 11:00,UPI,
T00203,XXXX3900,Vikram Shetty,XXXX1027,Pandi Sundaram,500,2026-08-08 18:00,IMPS,
T00204,XXXX3900,Vikram Shetty,XXXX3780,Arun Verma,10000,2026-08-09 17:00,UPI,
T00205,XXXX3900,Vikram Shetty,XXXX3363,Bharath Subramaniam,10000,2026-08-10 13:00,NEFT,
T00206,XXXX3900,Vikram Shetty,XXXX6568,Arjun Menon,2500,2026-08-12 20:00,IMPS,
T00207,XXXX3900,Vikram Shetty,XXXX1027,Pandi Sundaram,4000,2026-08-13 16:00,IMPS,
T00208,XXXX3900,Vikram Shetty,XXXX8381,Sabari Rao,4000,2026-08-14 10:00,UPI,
T00209,XXXX3900,Vikram Shetty,XXXX4890,Unknown / Unlinked,350000,2026-08-09 22:00,IMPS,SUSPICIOUS_LARGE_TRANSFER
T00210,XXXX3900,Vikram Shetty,XXXX4890,Unknown / Unlinked,150000,2026-08-09 18:00,IMPS,SUSPICIOUS_LARGE_TRANSFER
T00211,XXXX3900,Vikram Shetty,XXXX4890,Unknown / Unlinked,350000,2026-08-09 18:00,IMPS,SUSPICIOUS_LARGE_TRANSFER
T00212,XXXX4269,Selvam Kumar,XXXX2899,Naveen Gupta,10000,2026-08-01 15:00,UPI,
T00213,XXXX4269,Selvam Kumar,XXXX6213,Eswar Ramaswamy,500,2026-08-04 20:00,IMPS,
T00214,XXXX4269,Selvam Kumar,XXXX9702,Siva Nair,4000,2026-08-05 15:00,UPI,
T00215,XXXX4269,Selvam Kumar,XXXX9702,Siva Nair,500,2026-08-08 16:00,IMPS,
T00216,XXXX4269,Selvam Kumar,XXXX9702,Siva Nair,500,2026-08-09 17:00,NEFT,
T00217,XXXX4269,Selvam Kumar,XXXX4531,Naveen Ramaswamy,4000,2026-08-10 15:00,UPI,
T00218,XXXX4269,Selvam Kumar,XXXX9702,Siva Nair,2500,2026-08-11 17:00,NEFT,
T00219,XXXX4269,Selvam Kumar,XXXX9702,Siva Nair,10000,2026-08-12 14:00,UPI,
T00220,XXXX9346,Kannan Singh,XXXX7861,Naveen Murthy,7500,2026-08-04 19:00,NEFT,
T00221,XXXX9346,Kannan Singh,XXXX2899,Naveen Gupta,4000,2026-08-06 10:00,IMPS,
T00222,XXXX9346,Kannan Singh,XXXX2899,Naveen Gupta,7500,2026-08-07 14:00,IMPS,
T00223,XXXX9346,Kannan Singh,XXXX7999,Farook Bose,10000,2026-08-10 13:00,UPI,
T00224,XXXX9346,Kannan Singh,XXXX2899,Naveen Gupta,7500,2026-08-11 12:00,UPI,
T00225,XXXX9346,Kannan Singh,XXXX6083,Ilango Subramaniam,10000,2026-08-12 20:00,IMPS,
T00226,XXXX9346,Kannan Singh,XXXX7999,Farook Bose,1200,2026-08-14 14:00,IMPS,
T00227,XXXX9346,Kannan Singh,XXXX8480,Unknown / Unlinked,200000,2026-08-09 21:00,IMPS,SUSPICIOUS_LARGE_TRANSFER
T00228,XXXX9346,Kannan Singh,XXXX8480,Unknown / Unlinked,500000,2026-08-09 19:00,IMPS,SUSPICIOUS_LARGE_TRANSFER
T00229,XXXX9346,Kannan Singh,XXXX8480,Unknown / Unlinked,350000,2026-08-09 20:00,IMPS,SUSPICIOUS_LARGE_TRANSFER
T00230,XXXX6663,Murugan Velu,XXXX9883,Arun Mohan,2500,2026-08-01 13:00,IMPS,
T00231,XXXX6663,Murugan Velu,XXXX9883,Arun Mohan,7500,2026-08-02 17:00,NEFT,
T00232,XXXX6663,Murugan Velu,XXXX8267,Vijay Bose,4000,2026-08-04 09:00,NEFT,
T00233,XXXX6663,Murugan Velu,XXXX9883,Arun Mohan,2500,2026-08-05 20:00,UPI,
T00234,XXXX6663,Murugan Velu,XXXX2260,Karthik Velu,4000,2026-08-07 19:00,IMPS,
T00235,XXXX6663,Murugan Velu,XXXX2260,Karthik Velu,4000,2026-08-11 18:00,UPI,
T00236,XXXX6663,Murugan Velu,XXXX8267,Vijay Bose,2500,2026-08-13 15:00,NEFT,
T00237,XXXX1027,Pandi Sundaram,XXXX9179,Thiru Ramaswamy,4000,2026-08-01 20:00,NEFT,
T00238,XXXX1027,Pandi Sundaram,XXXX7999,Farook Bose,10000,2026-08-02 12:00,IMPS,
T00239,XXXX1027,Pandi Sundaram,XXXX7225,Elango Krishnan,7500,2026-08-03 09:00,NEFT,
T00240,XXXX1027,Pandi Sundaram,XXXX9179,Thiru Ramaswamy,500,2026-08-08 20:00,IMPS,
T00241,XXXX1027,Pandi Sundaram,XXXX8433,Deepak Gupta,4000,2026-08-13 18:00,NEFT,
T00242,XXXX7691,Chandran Achari,XXXX9017,Anand Shetty,500,2026-08-01 11:00,UPI,
T00243,XXXX7691,Chandran Achari,XXXX9017,Anand Shetty,4000,2026-08-02 09:00,UPI,
T00244,XXXX7691,Chandran Achari,XXXX9017,Anand Shetty,2500,2026-08-06 16:00,UPI,
T00245,XXXX7691,Chandran Achari,XXXX9017,Anand Shetty,7500,2026-08-07 19:00,NEFT,
T00246,XXXX7691,Chandran Achari,XXXX7951,Jagan Pillai,1200,2026-08-08 13:00,IMPS,
T00247,XXXX7691,Chandran Achari,XXXX7951,Jagan Pillai,2500,2026-08-10 12:00,IMPS,
T00248,XXXX7691,Chandran Achari,XXXX9017,Anand Shetty,4000,2026-08-12 17:00,IMPS,
T00249,XXXX9977,Kumar Mohan,XXXX2524,Ravi Iyer,10000,2026-08-01 20:00,UPI,
T00250,XXXX9977,Kumar Mohan,XXXX4269,Selvam Kumar,7500,2026-08-04 16:00,IMPS,
T00251,XXXX9977,Kumar Mohan,XXXX4269,Selvam Kumar,7500,2026-08-05 09:00,IMPS,
T00252,XXXX9977,Kumar Mohan,XXXX4269,Selvam Kumar,7500,2026-08-06 11:00,UPI,
T00253,XXXX9977,Kumar Mohan,XXXX2524,Ravi Iyer,4000,2026-08-11 12:00,UPI,
T00254,XXXX9977,Kumar Mohan,XXXX2524,Ravi Iyer,1200,2026-08-13 12:00,IMPS,
T00255,XXXX3780,Arun Verma,XXXX1797,Pandi Ramaswamy,4000,2026-08-01 10:00,UPI,
T00256,XXXX3780,Arun Verma,XXXX1797,Pandi Ramaswamy,2500,2026-08-03 12:00,NEFT,
T00257,XXXX3780,Arun Verma,XXXX7135,Gopal Natarajan,10000,2026-08-06 12:00,UPI,
T00258,XXXX3780,Arun Verma,XXXX1797,Pandi Ramaswamy,500,2026-08-07 09:00,UPI,
T00259,XXXX3780,Arun Verma,XXXX1797,Pandi Ramaswamy,7500,2026-08-09 20:00,NEFT,
T00260,XXXX3780,Arun Verma,XXXX1797,Pandi Ramaswamy,10000,2026-08-11 17:00,IMPS,
T00261,XXXX3780,Arun Verma,XXXX1797,Pandi Ramaswamy,10000,2026-08-13 18:00,NEFT,
T00262,XXXX3780,Arun Verma,XXXX1797,Pandi Ramaswamy,10000,2026-08-14 10:00,NEFT,
T00263,XXXX1757,Lokesh Iyer,XXXX9335,Omkar Subramaniam,1200,2026-08-01 15:00,UPI,
T00264,XXXX1757,Lokesh Iyer,XXXX2674,Omkar Sundaram,2500,2026-08-03 12:00,IMPS,
T00265,XXXX1757,Lokesh Iyer,XXXX2674,Omkar Sundaram,10000,2026-08-04 14:00,UPI,
T00266,XXXX1757,Lokesh Iyer,XXXX2259,Karthik Menon,2500,2026-08-08 13:00,UPI,
T00267,XXXX1757,Lokesh Iyer,XXXX9335,Omkar Subramaniam,7500,2026-08-09 11:00,IMPS,
T00268,XXXX1757,Lokesh Iyer,XXXX7252,Vijay Patel,1200,2026-08-13 15:00,NEFT,
T00269,XXXX1757,Lokesh Iyer,XXXX2674,Omkar Sundaram,500,2026-08-14 10:00,NEFT,
T00270,XXXX1090,Anand Raj,XXXX4833,Ashok Nair,500,2026-08-01 16:00,IMPS,
T00271,XXXX1090,Anand Raj,XXXX4833,Ashok Nair,10000,2026-08-02 19:00,UPI,
T00272,XXXX1090,Anand Raj,XXXX4833,Ashok Nair,2500,2026-08-03 15:00,UPI,
T00273,XXXX1090,Anand Raj,XXXX4833,Ashok Nair,10000,2026-08-05 15:00,NEFT,
T00274,XXXX1090,Anand Raj,XXXX4833,Ashok Nair,10000,2026-08-07 17:00,NEFT,
T00275,XXXX1090,Anand Raj,XXXX4833,Ashok Nair,10000,2026-08-12 20:00,IMPS,
T00276,XXXX1090,Anand Raj,XXXX4833,Ashok Nair,500,2026-08-14 19:00,UPI,
T00277,XXXX1090,Anand Raj,XXXX5886,Unknown / Unlinked,750000,2026-08-06 22:00,IMPS,SUSPICIOUS_LARGE_TRANSFER
T00278,XXXX1090,Anand Raj,XXXX5886,Unknown / Unlinked,750000,2026-08-06 21:00,IMPS,SUSPICIOUS_LARGE_TRANSFER
T00279,XXXX1090,Anand Raj,XXXX5886,Unknown / Unlinked,750000,2026-08-06 21:00,IMPS,SUSPICIOUS_LARGE_TRANSFER
T00280,XXXX3184,Sabari Gowda,XXXX7065,Omkar Iyer,4000,2026-08-02 10:00,NEFT,
T00281,XXXX3184,Sabari Gowda,XXXX2524,Ravi Iyer,4000,2026-08-03 18:00,IMPS,
T00282,XXXX3184,Sabari Gowda,XXXX1090,Anand Raj,500,2026-08-04 19:00,IMPS,
T00283,XXXX3184,Sabari Gowda,XXXX2524,Ravi Iyer,2500,2026-08-08 13:00,NEFT,
T00284,XXXX3184,Sabari Gowda,XXXX2524,Ravi Iyer,4000,2026-08-10 18:00,NEFT,
T00285,XXXX3184,Sabari Gowda,XXXX1090,Anand Raj,7500,2026-08-12 19:00,NEFT,
T00286,XXXX3184,Sabari Gowda,XXXX1726,Vikram Pandian,1200,2026-08-13 12:00,NEFT,
T00287,XXXX3184,Sabari Gowda,XXXX7065,Omkar Iyer,7500,2026-08-14 20:00,IMPS,
T00288,XXXX8777,Kannan Velu,XXXX6813,Anand Ramaswamy,10000,2026-08-01 20:00,IMPS,
T00289,XXXX8777,Kannan Velu,XXXX6813,Anand Ramaswamy,1200,2026-08-02 13:00,IMPS,
T00290,XXXX8777,Kannan Velu,XXXX6813,Anand Ramaswamy,1200,2026-08-05 17:00,UPI,
T00291,XXXX8777,Kannan Velu,XXXX6813,Anand Ramaswamy,10000,2026-08-06 18:00,IMPS,
T00292,XXXX8777,Kannan Velu,XXXX3815,Karthik Gowda,500,2026-08-07 18:00,NEFT,
T00293,XXXX8777,Kannan Velu,XXXX6813,Anand Ramaswamy,500,2026-08-11 16:00,NEFT,
T00294,XXXX6502,Siva Pillai,XXXX9702,Siva Nair,10000,2026-08-04 10:00,NEFT,
T00295,XXXX6502,Siva Pillai,XXXX2899,Naveen Gupta,10000,2026-08-08 15:00,UPI,
T00296,XXXX6502,Siva Pillai,XXXX5982,Madhavan Murthy,1200,2026-08-09 19:00,UPI,
T00297,XXXX6502,Siva Pillai,XXXX9702,Siva Nair,10000,2026-08-11 13:00,IMPS,
T00298,XXXX6502,Siva Pillai,XXXX5982,Madhavan Murthy,1200,2026-08-12 15:00,IMPS,
T00299,XXXX6421,Kumar Shetty,XXXX7065,Omkar Iyer,500,2026-08-02 17:00,NEFT,
T00300,XXXX6421,Kumar Shetty,XXXX1027,Pandi Sundaram,7500,2026-08-04 14:00,NEFT,
T00301,XXXX6421,Kumar Shetty,XXXX3780,Arun Verma,1200,2026-08-05 12:00,NEFT,
T00302,XXXX6421,Kumar Shetty,XXXX1027,Pandi Sundaram,1200,2026-08-07 14:00,IMPS,
T00303,XXXX6421,Kumar Shetty,XXXX7065,Omkar Iyer,500,2026-08-08 16:00,NEFT,
T00304,XXXX6421,Kumar Shetty,XXXX3780,Arun Verma,1200,2026-08-09 12:00,NEFT,
T00305,XXXX6421,Kumar Shetty,XXXX7065,Omkar Iyer,10000,2026-08-10 17:00,IMPS,
T00306,XXXX6421,Kumar Shetty,XXXX3780,Arun Verma,10000,2026-08-11 17:00,NEFT,
T00307,XXXX6421,Kumar Shetty,XXXX7065,Omkar Iyer,7500,2026-08-12 20:00,UPI,
T00308,XXXX6421,Kumar Shetty,XXXX1027,Pandi Sundaram,7500,2026-08-13 18:00,IMPS,
T00309,XXXX6763,Devan Subramaniam,XXXX7224,Sathish Menon,1200,2026-08-03 19:00,NEFT,
T00310,XXXX6763,Devan Subramaniam,XXXX5706,Manoj Krishnan,7500,2026-08-04 13:00,IMPS,
T00311,XXXX6763,Devan Subramaniam,XXXX5706,Manoj Krishnan,2500,2026-08-05 10:00,UPI,
T00312,XXXX6763,Devan Subramaniam,XXXX6374,Sathish Chandran,500,2026-08-07 14:00,UPI,
T00313,XXXX6763,Devan Subramaniam,XXXX7224,Sathish Menon,500,2026-08-10 16:00,UPI,
T00314,XXXX6763,Devan Subramaniam,XXXX5706,Manoj Krishnan,7500,2026-08-11 13:00,UPI,
T00315,XXXX6763,Devan Subramaniam,XXXX5706,Manoj Krishnan,10000,2026-08-12 19:00,NEFT,
T00316,XXXX1475,Senthil Ramaswamy,XXXX9813,Eswar Raj,1200,2026-08-02 10:00,IMPS,
T00317,XXXX1475,Senthil Ramaswamy,XXXX9813,Eswar Raj,500,2026-08-03 15:00,NEFT,
T00318,XXXX1475,Senthil Ramaswamy,XXXX9813,Eswar Raj,500,2026-08-04 10:00,NEFT,
T00319,XXXX1475,Senthil Ramaswamy,XXXX9813,Eswar Raj,10000,2026-08-05 19:00,UPI,
T00320,XXXX1475,Senthil Ramaswamy,XXXX9813,Eswar Raj,1200,2026-08-08 15:00,IMPS,
T00321,XXXX1475,Senthil Ramaswamy,XXXX9813,Eswar Raj,10000,2026-08-10 16:00,NEFT,
T00322,XXXX1475,Senthil Ramaswamy,XXXX3007,Kumar Gowda,1200,2026-08-11 17:00,UPI,
T00323,XXXX1475,Senthil Ramaswamy,XXXX3007,Kumar Gowda,500,2026-08-12 16:00,IMPS,
T00324,XXXX1475,Senthil Ramaswamy,XXXX3007,Kumar Gowda,500,2026-08-13 18:00,IMPS,
T00325,XXXX8022,Elango Gupta,XXXX2674,Omkar Sundaram,500,2026-08-02 12:00,NEFT,
T00326,XXXX8022,Elango Gupta,XXXX7284,Raja Murthy,7500,2026-08-05 19:00,UPI,
T00327,XXXX8022,Elango Gupta,XXXX4269,Selvam Kumar,2500,2026-08-06 12:00,NEFT,
T00328,XXXX8022,Elango Gupta,XXXX7284,Raja Murthy,2500,2026-08-07 15:00,IMPS,
T00329,XXXX8022,Elango Gupta,XXXX4269,Selvam Kumar,500,2026-08-09 17:00,UPI,
T00330,XXXX8022,Elango Gupta,XXXX2674,Omkar Sundaram,2500,2026-08-11 18:00,UPI,
T00331,XXXX8022,Elango Gupta,XXXX4269,Selvam Kumar,2500,2026-08-12 14:00,UPI,
T00332,XXXX8022,Elango Gupta,XXXX4269,Selvam Kumar,10000,2026-08-13 17:00,NEFT,
T00333,XXXX5558,Ravi Gowda,XXXX3198,Prakash Achari,1200,2026-08-03 19:00,IMPS,
T00334,XXXX5558,Ravi Gowda,XXXX3198,Prakash Achari,2500,2026-08-04 10:00,NEFT,
T00335,XXXX5558,Ravi Gowda,XXXX3198,Prakash Achari,500,2026-08-05 19:00,NEFT,
T00336,XXXX5558,Ravi Gowda,XXXX9116,Kumar Verma,1200,2026-08-06 11:00,UPI,
T00337,XXXX5558,Ravi Gowda,XXXX9116,Kumar Verma,500,2026-08-10 12:00,UPI,
T00338,XXXX5558,Ravi Gowda,XXXX3198,Prakash Achari,10000,2026-08-14 12:00,NEFT,
T00339,XXXX1508,Sabari Venkatesh,XXXX2122,Suresh Balakrishnan,2500,2026-08-04 12:00,UPI,
T00340,XXXX1508,Sabari Venkatesh,XXXX2122,Suresh Balakrishnan,7500,2026-08-05 20:00,IMPS,
T00341,XXXX1508,Sabari Venkatesh,XXXX2122,Suresh Balakrishnan,7500,2026-08-14 19:00,UPI,
T00342,XXXX7043,Anand Rao,XXXX1797,Pandi Ramaswamy,1200,2026-08-04 15:00,NEFT,
T00343,XXXX7043,Anand Rao,XXXX4144,Pandi Pillai,1200,2026-08-05 13:00,UPI,
T00344,XXXX7043,Anand Rao,XXXX6916,Dinesh Verma,4000,2026-08-06 13:00,UPI,
T00345,XXXX7043,Anand Rao,XXXX6916,Dinesh Verma,2500,2026-08-10 11:00,NEFT,
T00346,XXXX7043,Anand Rao,XXXX4144,Pandi Pillai,2500,2026-08-11 19:00,UPI,
T00347,XXXX7043,Anand Rao,XXXX1797,Pandi Ramaswamy,500,2026-08-12 11:00,NEFT,
T00348,XXXX7043,Anand Rao,XXXX6916,Dinesh Verma,10000,2026-08-13 19:00,IMPS,
T00349,XXXX7043,Anand Rao,XXXX4144,Pandi Pillai,500,2026-08-14 10:00,UPI,
T00350,XXXX4249,Naveen Bose,XXXX1475,Senthil Ramaswamy,10000,2026-08-02 14:00,NEFT,
T00351,XXXX4249,Naveen Bose,XXXX5837,Nithin Pillai,500,2026-08-03 10:00,UPI,
T00352,XXXX4249,Naveen Bose,XXXX4271,Devan Menon,1200,2026-08-05 10:00,UPI,
T00353,XXXX4249,Naveen Bose,XXXX2958,Gopal Krishnan,4000,2026-08-09 20:00,NEFT,
T00354,XXXX4249,Naveen Bose,XXXX2958,Gopal Krishnan,7500,2026-08-11 13:00,IMPS,
T00355,XXXX4249,Naveen Bose,XXXX2958,Gopal Krishnan,10000,2026-08-13 15:00,NEFT,
T00356,XXXX4249,Naveen Bose,XXXX2958,Gopal Krishnan,500,2026-08-14 18:00,IMPS,
T00357,XXXX2129,Karthik Das,XXXX2122,Suresh Balakrishnan,500,2026-08-01 10:00,NEFT,
T00358,XXXX2129,Karthik Das,XXXX9346,Kannan Singh,500,2026-08-02 16:00,NEFT,
T00359,XXXX2129,Karthik Das,XXXX9346,Kannan Singh,500,2026-08-03 16:00,IMPS,
T00360,XXXX2129,Karthik Das,XXXX5728,Ravi Shetty,2500,2026-08-06 19:00,IMPS,
T00361,XXXX2129,Karthik Das,XXXX1228,Rajesh Gowda,2500,2026-08-07 16:00,NEFT,
T00362,XXXX2129,Karthik Das,XXXX2773,Pandi Sharma,4000,2026-08-08 11:00,NEFT,
T00363,XXXX2129,Karthik Das,XXXX5728,Ravi Shetty,10000,2026-08-09 12:00,UPI,
T00364,XXXX2129,Karthik Das,XXXX1228,Rajesh Gowda,2500,2026-08-11 17:00,NEFT,
T00365,XXXX9548,Bharath Pandian,XXXX9502,Harish Pillai,1200,2026-08-01 20:00,UPI,
T00366,XXXX9548,Bharath Pandian,XXXX1992,Ilango Krishnan,4000,2026-08-03 09:00,UPI,
T00367,XXXX9548,Bharath Pandian,XXXX6892,Omkar Rao,500,2026-08-05 12:00,IMPS,
T00368,XXXX9548,Bharath Pandian,XXXX9502,Harish Pillai,1200,2026-08-07 20:00,NEFT,
T00369,XXXX9548,Bharath Pandian,XXXX9502,Harish Pillai,500,2026-08-08 13:00,IMPS,
T00370,XXXX9548,Bharath Pandian,XXXX6892,Omkar Rao,500,2026-08-09 19:00,NEFT,
T00371,XXXX9548,Bharath Pandian,XXXX1992,Ilango Krishnan,1200,2026-08-10 20:00,NEFT,
T00372,XXXX9548,Bharath Pandian,XXXX8532,Prakash Patel,1200,2026-08-12 18:00,NEFT,
T00373,XXXX9548,Bharath Pandian,XXXX1992,Ilango Krishnan,10000,2026-08-14 16:00,NEFT,
T00374,XXXX8385,Kishore Pillai,XXXX7252,Vijay Patel,7500,2026-08-01 16:00,NEFT,
T00375,XXXX8385,Kishore Pillai,XXXX1797,Pandi Ramaswamy,10000,2026-08-02 11:00,NEFT,
T00376,XXXX8385,Kishore Pillai,XXXX1797,Pandi Ramaswamy,7500,2026-08-03 09:00,UPI,
T00377,XXXX8385,Kishore Pillai,XXXX7252,Vijay Patel,7500,2026-08-05 19:00,NEFT,
T00378,XXXX8385,Kishore Pillai,XXXX1797,Pandi Ramaswamy,7500,2026-08-06 14:00,IMPS,
T00379,XXXX8385,Kishore Pillai,XXXX7252,Vijay Patel,4000,2026-08-07 17:00,UPI,
T00380,XXXX8385,Kishore Pillai,XXXX1762,Aravind Gowda,2500,2026-08-10 10:00,IMPS,
T00381,XXXX8385,Kishore Pillai,XXXX1762,Aravind Gowda,2500,2026-08-11 10:00,UPI,
T00382,XXXX8385,Kishore Pillai,XXXX1152,Kumar Achari,2500,2026-08-12 14:00,NEFT,
T00383,XXXX8385,Kishore Pillai,XXXX1762,Aravind Gowda,4000,2026-08-14 17:00,UPI,
T00384,XXXX6813,Anand Ramaswamy,XXXX7818,Karthik Mohan,500,2026-08-01 20:00,NEFT,
T00385,XXXX6813,Anand Ramaswamy,XXXX7818,Karthik Mohan,2500,2026-08-02 16:00,IMPS,
T00386,XXXX6813,Anand Ramaswamy,XXXX3419,Rajesh Gupta,500,2026-08-03 12:00,UPI,
T00387,XXXX6813,Anand Ramaswamy,XXXX4974,Sabari Das,500,2026-08-04 12:00,UPI,
T00388,XXXX6813,Anand Ramaswamy,XXXX4974,Sabari Das,4000,2026-08-05 18:00,IMPS,
T00389,XXXX6813,Anand Ramaswamy,XXXX7818,Karthik Mohan,7500,2026-08-07 20:00,NEFT,
T00390,XXXX6813,Anand Ramaswamy,XXXX8532,Prakash Patel,500,2026-08-09 12:00,IMPS,
T00391,XXXX6813,Anand Ramaswamy,XXXX7818,Karthik Mohan,2500,2026-08-12 11:00,UPI,
T00392,XXXX6813,Anand Ramaswamy,XXXX7818,Karthik Mohan,10000,2026-08-13 19:00,UPI,
T00393,XXXX6813,Anand Ramaswamy,XXXX8778,Unknown / Unlinked,150000,2026-08-08 22:00,IMPS,SUSPICIOUS_LARGE_TRANSFER
T00394,XXXX4937,Sathish Gupta,XXXX3068,Jagan Sundaram,7500,2026-08-02 11:00,UPI,
T00395,XXXX4937,Sathish Gupta,XXXX7224,Sathish Menon,4000,2026-08-04 12:00,NEFT,
T00396,XXXX4937,Sathish Gupta,XXXX3068,Jagan Sundaram,7500,2026-08-09 10:00,NEFT,
T00397,XXXX4937,Sathish Gupta,XXXX3068,Jagan Sundaram,1200,2026-08-10 14:00,UPI,
T00398,XXXX4937,Sathish Gupta,XXXX4833,Ashok Nair,500,2026-08-12 18:00,IMPS,
T00399,XXXX9698,Nithin Raj,XXXX9609,Ashok Krishnan,500,2026-08-01 12:00,NEFT,
T00400,XXXX9698,Nithin Raj,XXXX6539,Pandi Natarajan,500,2026-08-02 11:00,NEFT,
T00401,XXXX9698,Nithin Raj,XXXX4115,Rahul Venkatesh,2500,2026-08-05 14:00,IMPS,
T00402,XXXX9698,Nithin Raj,XXXX5835,Rajesh Krishnan,4000,2026-08-07 16:00,UPI,
T00403,XXXX9698,Nithin Raj,XXXX4115,Rahul Venkatesh,7500,2026-08-10 11:00,UPI,
T00404,XXXX9698,Nithin Raj,XXXX9609,Ashok Krishnan,4000,2026-08-12 14:00,NEFT,
T00405,XXXX9698,Nithin Raj,XXXX9609,Ashok Krishnan,4000,2026-08-14 10:00,UPI,
T00406,XXXX2958,Gopal Krishnan,XXXX7818,Karthik Mohan,500,2026-08-01 10:00,NEFT,
T00407,XXXX2958,Gopal Krishnan,XXXX6421,Kumar Shetty,7500,2026-08-02 15:00,IMPS,
T00408,XXXX2958,Gopal Krishnan,XXXX8385,Kishore Pillai,2500,2026-08-06 09:00,NEFT,
T00409,XXXX2958,Gopal Krishnan,XXXX3068,Jagan Sundaram,2500,2026-08-07 19:00,NEFT,
T00410,XXXX2958,Gopal Krishnan,XXXX3068,Jagan Sundaram,500,2026-08-13 16:00,UPI,
T00411,XXXX2958,Gopal Krishnan,XXXX7818,Karthik Mohan,4000,2026-08-14 09:00,NEFT,
T00412,XXXX5853,Rajesh Chandran,XXXX4271,Devan Menon,4000,2026-08-02 12:00,IMPS,
T00413,XXXX5853,Rajesh Chandran,XXXX9782,Thiru Verma,500,2026-08-06 11:00,UPI,
T00414,XXXX5853,Rajesh Chandran,XXXX4271,Devan Menon,1200,2026-08-09 12:00,IMPS,
T00415,XXXX5853,Rajesh Chandran,XXXX9782,Thiru Verma,2500,2026-08-12 20:00,NEFT,
T00416,XXXX5853,Rajesh Chandran,XXXX9782,Thiru Verma,2500,2026-08-13 17:00,IMPS,
T00417,XXXX9042,Vijay Singh,XXXX7951,Jagan Pillai,1200,2026-08-02 19:00,UPI,
T00418,XXXX9042,Vijay Singh,XXXX7951,Jagan Pillai,500,2026-08-03 20:00,UPI,
T00419,XXXX9042,Vijay Singh,XXXX7951,Jagan Pillai,2500,2026-08-05 20:00,NEFT,
T00420,XXXX9042,Vijay Singh,XXXX7951,Jagan Pillai,500,2026-08-07 09:00,NEFT,
T00421,XXXX9042,Vijay Singh,XXXX6085,Jagan Gupta,10000,2026-08-08 16:00,IMPS,
T00422,XXXX9042,Vijay Singh,XXXX7951,Jagan Pillai,10000,2026-08-09 19:00,NEFT,
T00423,XXXX9042,Vijay Singh,XXXX7951,Jagan Pillai,7500,2026-08-10 17:00,NEFT,
T00424,XXXX9042,Vijay Singh,XXXX7951,Jagan Pillai,10000,2026-08-12 18:00,IMPS,
T00425,XXXX9042,Vijay Singh,XXXX1102,Unknown / Unlinked,500000,2026-08-03 19:00,IMPS,SUSPICIOUS_LARGE_TRANSFER
T00426,XXXX2869,Manoj Gowda,XXXX6213,Eswar Ramaswamy,2500,2026-08-02 14:00,IMPS,
T00427,XXXX2869,Manoj Gowda,XXXX7224,Sathish Menon,7500,2026-08-04 12:00,IMPS,
T00428,XXXX2869,Manoj Gowda,XXXX1475,Senthil Ramaswamy,10000,2026-08-05 19:00,NEFT,
T00429,XXXX2869,Manoj Gowda,XXXX1475,Senthil Ramaswamy,7500,2026-08-08 18:00,IMPS,
T00430,XXXX2869,Manoj Gowda,XXXX7224,Sathish Menon,4000,2026-08-11 18:00,NEFT,
T00431,XXXX2869,Manoj Gowda,XXXX3308,Unknown / Unlinked,200000,2026-08-04 18:00,IMPS,SUSPICIOUS_LARGE_TRANSFER
T00432,XXXX7818,Karthik Mohan,XXXX1832,Manoj Balakrishnan,10000,2026-08-04 14:00,IMPS,
T00433,XXXX7818,Karthik Mohan,XXXX6224,Anand Balakrishnan,1200,2026-08-06 18:00,UPI,
T00434,XXXX7818,Karthik Mohan,XXXX1832,Manoj Balakrishnan,4000,2026-08-07 10:00,IMPS,
T00435,XXXX7818,Karthik Mohan,XXXX1832,Manoj Balakrishnan,4000,2026-08-08 12:00,IMPS,
T00436,XXXX7818,Karthik Mohan,XXXX1832,Manoj Balakrishnan,500,2026-08-11 15:00,NEFT,
T00437,XXXX7818,Karthik Mohan,XXXX1832,Manoj Balakrishnan,7500,2026-08-13 18:00,IMPS,
T00438,XXXX7818,Karthik Mohan,XXXX1832,Manoj Balakrishnan,4000,2026-08-14 18:00,NEFT,
T00439,XXXX7818,Karthik Mohan,XXXX2419,Unknown / Unlinked,150000,2026-08-08 18:00,IMPS,SUSPICIOUS_LARGE_TRANSFER
T00440,XXXX7818,Karthik Mohan,XXXX2419,Unknown / Unlinked,750000,2026-08-08 19:00,IMPS,SUSPICIOUS_LARGE_TRANSFER
T00441,XXXX7818,Karthik Mohan,XXXX2419,Unknown / Unlinked,150000,2026-08-08 20:00,IMPS,SUSPICIOUS_LARGE_TRANSFER
T00442,XXXX2625,Harish Bose,XXXX9698,Nithin Raj,4000,2026-08-02 15:00,NEFT,
T00443,XXXX2625,Harish Bose,XXXX4833,Ashok Nair,10000,2026-08-08 09:00,NEFT,
T00444,XXXX2625,Harish Bose,XXXX8267,Vijay Bose,7500,2026-08-09 10:00,UPI,
T00445,XXXX2625,Harish Bose,XXXX4833,Ashok Nair,500,2026-08-14 19:00,UPI,
T00446,XXXX8381,Sabari Rao,XXXX2713,Kishore Subramaniam,7500,2026-08-02 09:00,IMPS,
T00447,XXXX8381,Sabari Rao,XXXX8161,Farook Menon,500,2026-08-04 18:00,UPI,
T00448,XXXX8381,Sabari Rao,XXXX8161,Farook Menon,7500,2026-08-06 18:00,UPI,
T00449,XXXX8381,Sabari Rao,XXXX7043,Anand Rao,2500,2026-08-08 12:00,NEFT,
T00450,XXXX8381,Sabari Rao,XXXX2713,Kishore Subramaniam,7500,2026-08-10 18:00,IMPS,
T00451,XXXX8381,Sabari Rao,XXXX7043,Anand Rao,7500,2026-08-11 13:00,UPI,
T00452,XXXX8381,Sabari Rao,XXXX7043,Anand Rao,1200,2026-08-12 19:00,NEFT,
T00453,XXXX8381,Sabari Rao,XXXX2713,Kishore Subramaniam,2500,2026-08-13 18:00,UPI,
T00454,XXXX8381,Sabari Rao,XXXX2713,Kishore Subramaniam,4000,2026-08-14 10:00,NEFT,
T00455,XXXX8381,Sabari Rao,XXXX9942,Unknown / Unlinked,750000,2026-08-08 19:00,IMPS,SUSPICIOUS_LARGE_TRANSFER
T00456,XXXX8381,Sabari Rao,XXXX9942,Unknown / Unlinked,750000,2026-08-08 20:00,IMPS,SUSPICIOUS_LARGE_TRANSFER
T00457,XXXX7965,Nithin Bose,XXXX6763,Devan Subramaniam,1200,2026-08-01 09:00,UPI,
T00458,XXXX7965,Nithin Bose,XXXX9882,Eswar Pandian,7500,2026-08-02 14:00,UPI,
T00459,XXXX7965,Nithin Bose,XXXX2773,Pandi Sharma,7500,2026-08-05 14:00,IMPS,
T00460,XXXX7965,Nithin Bose,XXXX2832,Deepak Pandian,10000,2026-08-06 10:00,NEFT,
T00461,XXXX7965,Nithin Bose,XXXX2773,Pandi Sharma,10000,2026-08-07 14:00,UPI,
T00462,XXXX7965,Nithin Bose,XXXX2773,Pandi Sharma,500,2026-08-08 18:00,NEFT,
T00463,XXXX7965,Nithin Bose,XXXX9882,Eswar Pandian,500,2026-08-09 14:00,UPI,
T00464,XXXX7965,Nithin Bose,XXXX2832,Deepak Pandian,1200,2026-08-10 13:00,UPI,
T00465,XXXX7965,Nithin Bose,XXXX2832,Deepak Pandian,1200,2026-08-11 10:00,UPI,
T00466,XXXX7965,Nithin Bose,XXXX2832,Deepak Pandian,4000,2026-08-12 10:00,UPI,
T00467,XXXX3037,Sanjay Chandran,XXXX8905,Eswar Krishnan,4000,2026-08-01 11:00,UPI,
T00468,XXXX3037,Sanjay Chandran,XXXX7135,Gopal Natarajan,7500,2026-08-02 12:00,NEFT,
T00469,XXXX3037,Sanjay Chandran,XXXX1090,Anand Raj,4000,2026-08-03 18:00,IMPS,
T00470,XXXX3037,Sanjay Chandran,XXXX9609,Ashok Krishnan,1200,2026-08-04 17:00,NEFT,
T00471,XXXX3037,Sanjay Chandran,XXXX8905,Eswar Krishnan,1200,2026-08-05 18:00,NEFT,
T00472,XXXX3037,Sanjay Chandran,XXXX9609,Ashok Krishnan,10000,2026-08-06 11:00,NEFT,
T00473,XXXX3037,Sanjay Chandran,XXXX9609,Ashok Krishnan,4000,2026-08-08 18:00,UPI,
T00474,XXXX3037,Sanjay Chandran,XXXX9609,Ashok Krishnan,1200,2026-08-09 16:00,UPI,
T00475,XXXX3037,Sanjay Chandran,XXXX7475,Sabari Murthy,10000,2026-08-11 19:00,UPI,
T00476,XXXX6280,Kannan Natarajan,XXXX3419,Rajesh Gupta,1200,2026-08-04 19:00,IMPS,
T00477,XXXX6280,Kannan Natarajan,XXXX6188,Pandi Patel,7500,2026-08-06 20:00,NEFT,
T00478,XXXX6280,Kannan Natarajan,XXXX6188,Pandi Patel,7500,2026-08-08 09:00,IMPS,
T00479,XXXX6280,Kannan Natarajan,XXXX6188,Pandi Patel,10000,2026-08-10 11:00,IMPS,
T00480,XXXX6280,Kannan Natarajan,XXXX9180,Rahul Pillai,4000,2026-08-12 11:00,NEFT,
T00481,XXXX6280,Kannan Natarajan,XXXX2821,Arjun Natarajan,4000,2026-08-14 19:00,IMPS,
T00482,XXXX6280,Kannan Natarajan,XXXX9216,Unknown / Unlinked,750000,2026-08-11 22:00,IMPS,SUSPICIOUS_LARGE_TRANSFER
T00483,XXXX9502,Harish Pillai,XXXX2381,Siva Achari,1200,2026-08-02 17:00,NEFT,
T00484,XXXX9502,Harish Pillai,XXXX2381,Siva Achari,10000,2026-08-03 14:00,UPI,
T00485,XXXX9502,Harish Pillai,XXXX6461,Thiru Gupta,500,2026-08-04 15:00,NEFT,
T00486,XXXX9502,Harish Pillai,XXXX2381,Siva Achari,1200,2026-08-05 17:00,NEFT,
T00487,XXXX9502,Harish Pillai,XXXX2381,Siva Achari,4000,2026-08-06 15:00,UPI,
T00488,XXXX9502,Harish Pillai,XXXX7965,Nithin Bose,2500,2026-08-10 15:00,NEFT,
T00489,XXXX9502,Harish Pillai,XXXX7172,Ganesh Menon,7500,2026-08-11 14:00,UPI,
T00490,XXXX9502,Harish Pillai,XXXX2381,Siva Achari,500,2026-08-13 16:00,NEFT,
T00491,XXXX2713,Kishore Subramaniam,XXXX2354,Madhavan Venkatesh,10000,2026-08-01 18:00,UPI,
T00492,XXXX2713,Kishore Subramaniam,XXXX7999,Farook Bose,1200,2026-08-04 20:00,UPI,
T00493,XXXX2713,Kishore Subramaniam,XXXX6374,Sathish Chandran,500,2026-08-05 11:00,IMPS,
T00494,XXXX2713,Kishore Subramaniam,XXXX2354,Madhavan Venkatesh,2500,2026-08-08 14:00,NEFT,
T00495,XXXX2713,Kishore Subramaniam,XXXX7999,Farook Bose,1200,2026-08-09 11:00,IMPS,
T00496,XXXX2713,Kishore Subramaniam,XXXX2354,Madhavan Venkatesh,2500,2026-08-12 10:00,UPI,
T00497,XXXX2713,Kishore Subramaniam,XXXX2354,Madhavan Venkatesh,2500,2026-08-14 16:00,UPI,
T00498,XXXX2899,Naveen Gupta,XXXX1440,Rajesh Natarajan,7500,2026-08-05 17:00,IMPS,
T00499,XXXX2899,Naveen Gupta,XXXX1090,Anand Raj,2500,2026-08-06 14:00,NEFT,
T00500,XXXX2899,Naveen Gupta,XXXX1090,Anand Raj,10000,2026-08-10 12:00,IMPS,
T00501,XXXX2899,Naveen Gupta,XXXX1090,Anand Raj,10000,2026-08-13 20:00,IMPS,
T00502,XXXX2899,Naveen Gupta,XXXX1090,Anand Raj,2500,2026-08-14 13:00,IMPS,
T00503,XXXX1845,Thiru Mohan,XXXX3541,Arun Ramaswamy,7500,2026-08-01 12:00,NEFT,
T00504,XXXX1845,Thiru Mohan,XXXX7643,Dinesh Rao,1200,2026-08-04 18:00,UPI,
T00505,XXXX1845,Thiru Mohan,XXXX7643,Dinesh Rao,500,2026-08-07 12:00,UPI,
T00506,XXXX1845,Thiru Mohan,XXXX4583,Kishore Sharma,4000,2026-08-08 17:00,UPI,
T00507,XXXX1845,Thiru Mohan,XXXX4583,Kishore Sharma,7500,2026-08-13 12:00,IMPS,
T00508,XXXX1224,Mahesh Pillai,XXXX8905,Eswar Krishnan,1200,2026-08-02 11:00,UPI,
T00509,XXXX1224,Mahesh Pillai,XXXX1464,Ilango Chandran,7500,2026-08-04 19:00,IMPS,
T00510,XXXX1224,Mahesh Pillai,XXXX1464,Ilango Chandran,500,2026-08-05 17:00,NEFT,
T00511,XXXX1224,Mahesh Pillai,XXXX1464,Ilango Chandran,2500,2026-08-06 10:00,NEFT,
T00512,XXXX1224,Mahesh Pillai,XXXX1464,Ilango Chandran,500,2026-08-07 16:00,NEFT,
T00513,XXXX1224,Mahesh Pillai,XXXX1464,Ilango Chandran,10000,2026-08-10 18:00,IMPS,
T00514,XXXX1224,Mahesh Pillai,XXXX8905,Eswar Krishnan,7500,2026-08-11 18:00,IMPS,
T00515,XXXX8905,Eswar Krishnan,XXXX1762,Aravind Gowda,10000,2026-08-11 19:00,NEFT,
T00516,XXXX8905,Eswar Krishnan,XXXX3198,Prakash Achari,1200,2026-08-12 10:00,IMPS,
T00517,XXXX6568,Arjun Menon,XXXX2958,Gopal Krishnan,1200,2026-08-01 10:00,NEFT,
T00518,XXXX6568,Arjun Menon,XXXX2958,Gopal Krishnan,7500,2026-08-02 11:00,NEFT,
T00519,XXXX6568,Arjun Menon,XXXX6375,Omkar Singh,1200,2026-08-03 16:00,NEFT,
T00520,XXXX6568,Arjun Menon,XXXX6375,Omkar Singh,500,2026-08-04 13:00,UPI,
T00521,XXXX6568,Arjun Menon,XXXX2958,Gopal Krishnan,1200,2026-08-06 12:00,IMPS,
T00522,XXXX6568,Arjun Menon,XXXX5706,Manoj Krishnan,7500,2026-08-08 13:00,UPI,
T00523,XXXX6568,Arjun Menon,XXXX2958,Gopal Krishnan,10000,2026-08-11 15:00,UPI,
T00524,XXXX6568,Arjun Menon,XXXX5706,Manoj Krishnan,2500,2026-08-12 15:00,NEFT,
T00525,XXXX6446,Bharath Pillai,XXXX2899,Naveen Gupta,1200,2026-08-01 16:00,NEFT,
T00526,XXXX6446,Bharath Pillai,XXXX2899,Naveen Gupta,10000,2026-08-02 13:00,UPI,
T00527,XXXX6446,Bharath Pillai,XXXX1508,Sabari Venkatesh,4000,2026-08-03 16:00,NEFT,
T00528,XXXX6446,Bharath Pillai,XXXX1508,Sabari Venkatesh,2500,2026-08-05 19:00,NEFT,
T00529,XXXX6446,Bharath Pillai,XXXX2899,Naveen Gupta,7500,2026-08-07 17:00,UPI,
T00530,XXXX6446,Bharath Pillai,XXXX1508,Sabari Venkatesh,2500,2026-08-08 20:00,NEFT,
T00531,XXXX6446,Bharath Pillai,XXXX2899,Naveen Gupta,2500,2026-08-09 10:00,UPI,
T00532,XXXX6446,Bharath Pillai,XXXX1508,Sabari Venkatesh,2500,2026-08-11 09:00,NEFT,
T00533,XXXX6446,Bharath Pillai,XXXX1508,Sabari Venkatesh,7500,2026-08-14 16:00,IMPS,
T00534,XXXX6446,Bharath Pillai,XXXX3970,Unknown / Unlinked,150000,2026-08-05 20:00,IMPS,SUSPICIOUS_LARGE_TRANSFER
T00535,XXXX6446,Bharath Pillai,XXXX3970,Unknown / Unlinked,200000,2026-08-05 23:00,IMPS,SUSPICIOUS_LARGE_TRANSFER
T00536,XXXX6213,Eswar Ramaswamy,XXXX6654,Ramesh Natarajan,7500,2026-08-06 12:00,IMPS,
T00537,XXXX6213,Eswar Ramaswamy,XXXX7043,Anand Rao,500,2026-08-08 14:00,UPI,
T00538,XXXX6213,Eswar Ramaswamy,XXXX3007,Kumar Gowda,1200,2026-08-09 10:00,NEFT,
T00539,XXXX2633,Rajesh Raj,XXXX8905,Eswar Krishnan,1200,2026-08-03 12:00,IMPS,
T00540,XXXX2633,Rajesh Raj,XXXX2584,Gowtham Pillai,10000,2026-08-07 19:00,IMPS,
T00541,XXXX2633,Rajesh Raj,XXXX1027,Pandi Sundaram,7500,2026-08-11 17:00,UPI,
T00542,XXXX2633,Rajesh Raj,XXXX1027,Pandi Sundaram,7500,2026-08-12 18:00,NEFT,
T00543,XXXX2633,Rajesh Raj,XXXX8905,Eswar Krishnan,500,2026-08-13 17:00,IMPS,
T00544,XXXX6188,Pandi Patel,XXXX5700,Hari Menon,4000,2026-08-01 14:00,IMPS,
T00545,XXXX6188,Pandi Patel,XXXX1474,Eswar Singh,4000,2026-08-03 15:00,UPI,
T00546,XXXX6188,Pandi Patel,XXXX1474,Eswar Singh,500,2026-08-05 19:00,NEFT,
T00547,XXXX6188,Pandi Patel,XXXX5700,Hari Menon,10000,2026-08-06 19:00,IMPS,
T00548,XXXX6188,Pandi Patel,XXXX5700,Hari Menon,2500,2026-08-07 10:00,UPI,
T00549,XXXX6188,Pandi Patel,XXXX1474,Eswar Singh,4000,2026-08-10 20:00,NEFT,
T00550,XXXX6188,Pandi Patel,XXXX1474,Eswar Singh,7500,2026-08-11 16:00,NEFT,
T00551,XXXX6188,Pandi Patel,XXXX1474,Eswar Singh,500,2026-08-12 12:00,UPI,
T00552,XXXX6188,Pandi Patel,XXXX1474,Eswar Singh,2500,2026-08-13 17:00,NEFT,
T00553,XXXX2646,Jagan Natarajan,XXXX8055,Harish Sharma,7500,2026-08-02 17:00,IMPS,
T00554,XXXX2646,Jagan Natarajan,XXXX6916,Dinesh Verma,500,2026-08-04 09:00,UPI,
T00555,XXXX2646,Jagan Natarajan,XXXX6352,Ilango Pillai,1200,2026-08-08 18:00,IMPS,
T00556,XXXX2646,Jagan Natarajan,XXXX4684,Prakash Subramaniam,4000,2026-08-09 20:00,NEFT,
T00557,XXXX2646,Jagan Natarajan,XXXX4684,Prakash Subramaniam,7500,2026-08-11 17:00,NEFT,
T00558,XXXX2646,Jagan Natarajan,XXXX8055,Harish Sharma,4000,2026-08-12 18:00,UPI,
T00559,XXXX9702,Siva Nair,XXXX6539,Pandi Natarajan,10000,2026-08-01 09:00,UPI,
T00560,XXXX9702,Siva Nair,XXXX9017,Anand Shetty,4000,2026-08-02 15:00,NEFT,
T00561,XXXX9702,Siva Nair,XXXX6539,Pandi Natarajan,4000,2026-08-03 12:00,NEFT,
T00562,XXXX9702,Siva Nair,XXXX6539,Pandi Natarajan,500,2026-08-04 10:00,NEFT,
T00563,XXXX9702,Siva Nair,XXXX9017,Anand Shetty,1200,2026-08-05 15:00,NEFT,
T00564,XXXX9702,Siva Nair,XXXX5706,Manoj Krishnan,7500,2026-08-07 16:00,IMPS,
T00565,XXXX9702,Siva Nair,XXXX5706,Manoj Krishnan,500,2026-08-08 18:00,NEFT,
T00566,XXXX9702,Siva Nair,XXXX9017,Anand Shetty,1200,2026-08-10 15:00,IMPS,
T00567,XXXX9702,Siva Nair,XXXX5706,Manoj Krishnan,7500,2026-08-11 18:00,IMPS,
T00568,XXXX8555,Selvam Das,XXXX2160,Rahul Das,7500,2026-08-02 20:00,NEFT,
T00569,XXXX8555,Selvam Das,XXXX7225,Elango Krishnan,2500,2026-08-04 12:00,IMPS,
T00570,XXXX8555,Selvam Das,XXXX7225,Elango Krishnan,10000,2026-08-06 17:00,UPI,
T00571,XXXX8555,Selvam Das,XXXX3815,Karthik Gowda,10000,2026-08-10 14:00,NEFT,
T00572,XXXX8555,Selvam Das,XXXX7225,Elango Krishnan,4000,2026-08-11 11:00,IMPS,
T00573,XXXX8555,Selvam Das,XXXX9653,Kannan Balakrishnan,2500,2026-08-12 16:00,IMPS,
T00574,XXXX7951,Jagan Pillai,XXXX5558,Ravi Gowda,500,2026-08-01 12:00,UPI,
T00575,XXXX7951,Jagan Pillai,XXXX9346,Kannan Singh,1200,2026-08-02 12:00,IMPS,
T00576,XXXX7951,Jagan Pillai,XXXX9346,Kannan Singh,500,2026-08-05 17:00,IMPS,
T00577,XXXX7951,Jagan Pillai,XXXX9346,Kannan Singh,10000,2026-08-08 13:00,NEFT,
T00578,XXXX7951,Jagan Pillai,XXXX9346,Kannan Singh,500,2026-08-09 12:00,UPI,
T00579,XXXX7951,Jagan Pillai,XXXX9346,Kannan Singh,4000,2026-08-10 17:00,IMPS,
T00580,XXXX7951,Jagan Pillai,XXXX5558,Ravi Gowda,4000,2026-08-11 11:00,IMPS,
T00581,XXXX5837,Nithin Pillai,XXXX6974,Karthik Shetty,10000,2026-08-04 16:00,UPI,
T00582,XXXX5837,Nithin Pillai,XXXX7999,Farook Bose,4000,2026-08-05 13:00,IMPS,
T00583,XXXX5837,Nithin Pillai,XXXX8532,Prakash Patel,7500,2026-08-06 14:00,IMPS,
T00584,XXXX5837,Nithin Pillai,XXXX7999,Farook Bose,2500,2026-08-08 12:00,NEFT,
T00585,XXXX5837,Nithin Pillai,XXXX7999,Farook Bose,2500,2026-08-09 14:00,IMPS,
T00586,XXXX5837,Nithin Pillai,XXXX7999,Farook Bose,4000,2026-08-10 10:00,UPI,
T00587,XXXX4115,Rahul Venkatesh,XXXX3780,Arun Verma,1200,2026-08-01 12:00,UPI,
T00588,XXXX4115,Rahul Venkatesh,XXXX7951,Jagan Pillai,500,2026-08-02 13:00,NEFT,
T00589,XXXX4115,Rahul Venkatesh,XXXX3780,Arun Verma,500,2026-08-03 11:00,NEFT,
T00590,XXXX4115,Rahul Venkatesh,XXXX3780,Arun Verma,1200,2026-08-04 11:00,NEFT,
T00591,XXXX4115,Rahul Venkatesh,XXXX7951,Jagan Pillai,1200,2026-08-06 13:00,NEFT,
T00592,XXXX4115,Rahul Venkatesh,XXXX7951,Jagan Pillai,1200,2026-08-09 17:00,UPI,
T00593,XXXX4115,Rahul Venkatesh,XXXX7951,Jagan Pillai,10000,2026-08-10 16:00,IMPS,
T00594,XXXX4115,Rahul Venkatesh,XXXX7951,Jagan Pillai,4000,2026-08-11 17:00,IMPS,
T00595,XXXX4115,Rahul Venkatesh,XXXX3780,Arun Verma,500,2026-08-12 10:00,NEFT,
T00596,XXXX4115,Rahul Venkatesh,XXXX3780,Arun Verma,500,2026-08-13 13:00,UPI,
T00597,XXXX6352,Ilango Pillai,XXXX7284,Raja Murthy,4000,2026-08-04 11:00,NEFT,
T00598,XXXX6352,Ilango Pillai,XXXX4144,Pandi Pillai,1200,2026-08-13 10:00,IMPS,
T00599,XXXX5835,Rajesh Krishnan,XXXX2633,Rajesh Raj,4000,2026-08-01 09:00,UPI,
T00600,XXXX5835,Rajesh Krishnan,XXXX4144,Pandi Pillai,1200,2026-08-02 10:00,UPI,
T00601,XXXX5835,Rajesh Krishnan,XXXX2633,Rajesh Raj,10000,2026-08-03 18:00,UPI,
T00602,XXXX5835,Rajesh Krishnan,XXXX3068,Jagan Sundaram,1200,2026-08-04 13:00,UPI,
T00603,XXXX5835,Rajesh Krishnan,XXXX2633,Rajesh Raj,10000,2026-08-05 12:00,NEFT,
T00604,XXXX5835,Rajesh Krishnan,XXXX3274,Elango Kumar,7500,2026-08-08 15:00,NEFT,
T00605,XXXX5835,Rajesh Krishnan,XXXX3068,Jagan Sundaram,2500,2026-08-10 13:00,IMPS,
T00606,XXXX5835,Rajesh Krishnan,XXXX4144,Pandi Pillai,2500,2026-08-11 19:00,NEFT,
T00607,XXXX5835,Rajesh Krishnan,XXXX3274,Elango Kumar,4000,2026-08-13 20:00,UPI,
T00608,XXXX1228,Rajesh Gowda,XXXX1152,Kumar Achari,4000,2026-08-01 14:00,IMPS,
T00609,XXXX1228,Rajesh Gowda,XXXX6085,Jagan Gupta,10000,2026-08-03 15:00,UPI,
T00610,XXXX1228,Rajesh Gowda,XXXX1152,Kumar Achari,4000,2026-08-04 11:00,UPI,
T00611,XXXX1228,Rajesh Gowda,XXXX2899,Naveen Gupta,1200,2026-08-05 10:00,UPI,
T00612,XXXX1228,Rajesh Gowda,XXXX4470,Farook Iyer,500,2026-08-06 10:00,NEFT,
T00613,XXXX1228,Rajesh Gowda,XXXX2899,Naveen Gupta,2500,2026-08-09 14:00,UPI,
T00614,XXXX1228,Rajesh Gowda,XXXX6352,Ilango Pillai,2500,2026-08-10 19:00,UPI,
T00615,XXXX1228,Rajesh Gowda,XXXX2899,Naveen Gupta,10000,2026-08-12 19:00,UPI,
T00616,XXXX1228,Rajesh Gowda,XXXX6085,Jagan Gupta,4000,2026-08-13 19:00,UPI,
T00617,XXXX1228,Rajesh Gowda,XXXX1152,Kumar Achari,4000,2026-08-14 12:00,IMPS,
T00618,XXXX6374,Sathish Chandran,XXXX5835,Rajesh Krishnan,7500,2026-08-02 15:00,UPI,
T00619,XXXX6374,Sathish Chandran,XXXX5700,Hari Menon,2500,2026-08-05 09:00,UPI,
T00620,XXXX6374,Sathish Chandran,XXXX5700,Hari Menon,7500,2026-08-06 17:00,NEFT,
T00621,XXXX6374,Sathish Chandran,XXXX5835,Rajesh Krishnan,7500,2026-08-07 14:00,UPI,
T00622,XXXX6374,Sathish Chandran,XXXX5700,Hari Menon,7500,2026-08-08 17:00,NEFT,
T00623,XXXX6374,Sathish Chandran,XXXX5835,Rajesh Krishnan,2500,2026-08-09 17:00,UPI,
T00624,XXXX6374,Sathish Chandran,XXXX5700,Hari Menon,4000,2026-08-10 16:00,IMPS,
T00625,XXXX6374,Sathish Chandran,XXXX5835,Rajesh Krishnan,500,2026-08-11 12:00,IMPS,
T00626,XXXX2592,Ilango Menon,XXXX9224,Siva Shetty,1200,2026-08-02 13:00,UPI,
T00627,XXXX2592,Ilango Menon,XXXX9224,Siva Shetty,4000,2026-08-03 17:00,UPI,
T00628,XXXX2592,Ilango Menon,XXXX3184,Sabari Gowda,2500,2026-08-04 12:00,NEFT,
T00629,XXXX2592,Ilango Menon,XXXX9224,Siva Shetty,10000,2026-08-05 17:00,NEFT,
T00630,XXXX2592,Ilango Menon,XXXX3184,Sabari Gowda,10000,2026-08-07 14:00,NEFT,
T00631,XXXX2592,Ilango Menon,XXXX9224,Siva Shetty,1200,2026-08-09 16:00,UPI,
T00632,XXXX2592,Ilango Menon,XXXX9224,Siva Shetty,2500,2026-08-10 16:00,IMPS,
T00633,XXXX2592,Ilango Menon,XXXX1464,Ilango Chandran,4000,2026-08-12 15:00,NEFT,
T00634,XXXX2592,Ilango Menon,XXXX2832,Deepak Pandian,4000,2026-08-14 09:00,UPI,
T00635,XXXX9017,Anand Shetty,XXXX2592,Ilango Menon,4000,2026-08-01 11:00,UPI,
T00636,XXXX9017,Anand Shetty,XXXX8267,Vijay Bose,4000,2026-08-02 11:00,UPI,
T00637,XXXX9017,Anand Shetty,XXXX2592,Ilango Menon,2500,2026-08-08 13:00,NEFT,
T00638,XXXX9017,Anand Shetty,XXXX8267,Vijay Bose,2500,2026-08-09 19:00,IMPS,
T00639,XXXX9017,Anand Shetty,XXXX8267,Vijay Bose,1200,2026-08-10 15:00,IMPS,
T00640,XXXX9017,Anand Shetty,XXXX8267,Vijay Bose,10000,2026-08-13 10:00,IMPS,
T00641,XXXX1992,Ilango Krishnan,XXXX3900,Vikram Shetty,1200,2026-08-03 19:00,IMPS,
T00642,XXXX1992,Ilango Krishnan,XXXX9653,Kannan Balakrishnan,4000,2026-08-04 12:00,IMPS,
T00643,XXXX1992,Ilango Krishnan,XXXX3900,Vikram Shetty,1200,2026-08-07 17:00,UPI,
T00644,XXXX1992,Ilango Krishnan,XXXX9653,Kannan Balakrishnan,4000,2026-08-09 13:00,NEFT,
T00645,XXXX1992,Ilango Krishnan,XXXX9653,Kannan Balakrishnan,1200,2026-08-11 17:00,NEFT,
T00646,XXXX1992,Ilango Krishnan,XXXX3900,Vikram Shetty,7500,2026-08-12 17:00,UPI,
T00647,XXXX1992,Ilango Krishnan,XXXX3900,Vikram Shetty,500,2026-08-14 20:00,IMPS,
T00648,XXXX4362,Murugan Pillai,XXXX3815,Karthik Gowda,7500,2026-08-04 09:00,UPI,
T00649,XXXX4362,Murugan Pillai,XXXX9548,Bharath Pandian,500,2026-08-07 13:00,UPI,
T00650,XXXX4362,Murugan Pillai,XXXX3815,Karthik Gowda,7500,2026-08-09 16:00,IMPS,
T00651,XXXX4362,Murugan Pillai,XXXX1672,Kannan Subramaniam,1200,2026-08-10 15:00,IMPS,
T00652,XXXX3129,Karthik Venkatesh,XXXX9782,Thiru Verma,2500,2026-08-01 10:00,IMPS,
T00653,XXXX3129,Karthik Venkatesh,XXXX9673,Hari Sharma,10000,2026-08-02 18:00,UPI,
T00654,XXXX3129,Karthik Venkatesh,XXXX3541,Arun Ramaswamy,1200,2026-08-05 10:00,UPI,
T00655,XXXX3129,Karthik Venkatesh,XXXX3541,Arun Ramaswamy,2500,2026-08-06 12:00,IMPS,
T00656,XXXX3129,Karthik Venkatesh,XXXX3541,Arun Ramaswamy,500,2026-08-07 10:00,UPI,
T00657,XXXX3129,Karthik Venkatesh,XXXX9782,Thiru Verma,7500,2026-08-08 17:00,UPI,
T00658,XXXX3129,Karthik Venkatesh,XXXX9017,Anand Shetty,7500,2026-08-11 10:00,NEFT,
T00659,XXXX3129,Karthik Venkatesh,XXXX3541,Arun Ramaswamy,2500,2026-08-12 16:00,UPI,
T00660,XXXX3129,Karthik Venkatesh,XXXX9782,Thiru Verma,4000,2026-08-13 17:00,NEFT,
T00661,XXXX5347,Devan Pillai,XXXX6213,Eswar Ramaswamy,1200,2026-08-01 17:00,IMPS,
T00662,XXXX5347,Devan Pillai,XXXX4119,Bharath Menon,2500,2026-08-02 17:00,IMPS,
T00663,XXXX5347,Devan Pillai,XXXX4119,Bharath Menon,1200,2026-08-04 12:00,NEFT,
T00664,XXXX5347,Devan Pillai,XXXX4119,Bharath Menon,2500,2026-08-06 17:00,IMPS,
T00665,XXXX5347,Devan Pillai,XXXX4119,Bharath Menon,10000,2026-08-07 11:00,IMPS,
T00666,XXXX5347,Devan Pillai,XXXX2821,Arjun Natarajan,1200,2026-08-09 15:00,UPI,
T00667,XXXX5347,Devan Pillai,XXXX6123,Dinesh Subramaniam,500,2026-08-10 20:00,NEFT,
T00668,XXXX5347,Devan Pillai,XXXX6213,Eswar Ramaswamy,7500,2026-08-11 20:00,NEFT,
T00669,XXXX5347,Devan Pillai,XXXX6123,Dinesh Subramaniam,1200,2026-08-13 20:00,UPI,
T00670,XXXX9254,Suresh Patel,XXXX2821,Arjun Natarajan,10000,2026-08-01 15:00,UPI,
T00671,XXXX9254,Suresh Patel,XXXX8532,Prakash Patel,1200,2026-08-02 11:00,IMPS,
T00672,XXXX9254,Suresh Patel,XXXX8532,Prakash Patel,7500,2026-08-03 15:00,UPI,
T00673,XXXX9254,Suresh Patel,XXXX5961,Naveen Nair,1200,2026-08-05 17:00,IMPS,
T00674,XXXX9254,Suresh Patel,XXXX8532,Prakash Patel,2500,2026-08-06 12:00,NEFT,
T00675,XXXX9254,Suresh Patel,XXXX8532,Prakash Patel,10000,2026-08-11 11:00,UPI,
T00676,XXXX9254,Suresh Patel,XXXX5961,Naveen Nair,7500,2026-08-12 19:00,NEFT,
T00677,XXXX9254,Suresh Patel,XXXX2821,Arjun Natarajan,500,2026-08-13 17:00,IMPS,
T00678,XXXX9254,Suresh Patel,XXXX8532,Prakash Patel,500,2026-08-14 10:00,NEFT,
T00679,XXXX8267,Vijay Bose,XXXX1475,Senthil Ramaswamy,10000,2026-08-02 17:00,UPI,
T00680,XXXX8267,Vijay Bose,XXXX4944,Ganesh Ramaswamy,2500,2026-08-05 11:00,IMPS,
T00681,XXXX8267,Vijay Bose,XXXX4944,Ganesh Ramaswamy,2500,2026-08-06 20:00,UPI,
T00682,XXXX8267,Vijay Bose,XXXX5706,Manoj Krishnan,500,2026-08-08 13:00,UPI,
T00683,XXXX8267,Vijay Bose,XXXX1475,Senthil Ramaswamy,4000,2026-08-09 14:00,IMPS,
T00684,XXXX8267,Vijay Bose,XXXX1475,Senthil Ramaswamy,1200,2026-08-10 11:00,NEFT,
T00685,XXXX8267,Vijay Bose,XXXX5706,Manoj Krishnan,10000,2026-08-11 20:00,IMPS,
T00686,XXXX8267,Vijay Bose,XXXX1475,Senthil Ramaswamy,2500,2026-08-12 10:00,UPI,
T00687,XXXX8267,Vijay Bose,XXXX1475,Senthil Ramaswamy,1200,2026-08-14 17:00,NEFT,
T00688,XXXX8433,Deepak Gupta,XXXX7225,Elango Krishnan,7500,2026-08-02 15:00,UPI,
T00689,XXXX8433,Deepak Gupta,XXXX7225,Elango Krishnan,2500,2026-08-03 09:00,NEFT,
T00690,XXXX8433,Deepak Gupta,XXXX1717,Gopal Chandran,500,2026-08-04 20:00,UPI,
T00691,XXXX8433,Deepak Gupta,XXXX8905,Eswar Krishnan,7500,2026-08-05 13:00,NEFT,
T00692,XXXX8433,Deepak Gupta,XXXX7225,Elango Krishnan,7500,2026-08-06 19:00,UPI,
T00693,XXXX8433,Deepak Gupta,XXXX8905,Eswar Krishnan,2500,2026-08-11 17:00,UPI,
T00694,XXXX8433,Deepak Gupta,XXXX1717,Gopal Chandran,7500,2026-08-14 12:00,UPI,
T00695,XXXX7532,Bharath Bose,XXXX1440,Rajesh Natarajan,4000,2026-08-01 19:00,UPI,
T00696,XXXX7532,Bharath Bose,XXXX4583,Kishore Sharma,500,2026-08-03 10:00,NEFT,
T00697,XXXX7532,Bharath Bose,XXXX9813,Eswar Raj,7500,2026-08-04 14:00,IMPS,
T00698,XXXX7532,Bharath Bose,XXXX2773,Pandi Sharma,2500,2026-08-06 11:00,UPI,
T00699,XXXX7532,Bharath Bose,XXXX1440,Rajesh Natarajan,500,2026-08-07 10:00,IMPS,
T00700,XXXX7532,Bharath Bose,XXXX8022,Elango Gupta,10000,2026-08-09 09:00,NEFT,
T00701,XXXX2527,Selvam Balakrishnan,XXXX2958,Gopal Krishnan,1200,2026-08-02 11:00,IMPS,
T00702,XXXX2527,Selvam Balakrishnan,XXXX2958,Gopal Krishnan,2500,2026-08-07 16:00,IMPS,
T00703,XXXX2527,Selvam Balakrishnan,XXXX2958,Gopal Krishnan,2500,2026-08-08 13:00,UPI,
T00704,XXXX2527,Selvam Balakrishnan,XXXX4115,Rahul Venkatesh,7500,2026-08-09 18:00,UPI,
T00705,XXXX2527,Selvam Balakrishnan,XXXX4115,Rahul Venkatesh,7500,2026-08-11 15:00,IMPS,
T00706,XXXX2527,Selvam Balakrishnan,XXXX4115,Rahul Venkatesh,1200,2026-08-12 17:00,IMPS,
T00707,XXXX7929,Raja Reddy,XXXX1090,Anand Raj,4000,2026-08-03 10:00,NEFT,
T00708,XXXX7929,Raja Reddy,XXXX9702,Siva Nair,500,2026-08-05 09:00,NEFT,
T00709,XXXX7929,Raja Reddy,XXXX9702,Siva Nair,4000,2026-08-06 13:00,UPI,
T00710,XXXX7929,Raja Reddy,XXXX9702,Siva Nair,2500,2026-08-07 11:00,NEFT,
T00711,XXXX7929,Raja Reddy,XXXX6188,Pandi Patel,4000,2026-08-08 10:00,NEFT,
T00712,XXXX7929,Raja Reddy,XXXX4144,Pandi Pillai,10000,2026-08-10 12:00,UPI,
T00713,XXXX7929,Raja Reddy,XXXX4144,Pandi Pillai,7500,2026-08-11 20:00,UPI,
T00714,XXXX7929,Raja Reddy,XXXX9702,Siva Nair,4000,2026-08-12 19:00,IMPS,
T00715,XXXX7929,Raja Reddy,XXXX4833,Ashok Nair,10000,2026-08-13 14:00,IMPS,
T00716,XXXX2773,Pandi Sharma,XXXX6461,Thiru Gupta,10000,2026-08-04 16:00,NEFT,
T00717,XXXX2773,Pandi Sharma,XXXX9346,Kannan Singh,10000,2026-08-07 14:00,NEFT,
T00718,XXXX2773,Pandi Sharma,XXXX4648,Elango Subramaniam,4000,2026-08-09 17:00,IMPS,
T00719,XXXX2773,Pandi Sharma,XXXX9346,Kannan Singh,500,2026-08-11 12:00,IMPS,
T00720,XXXX2773,Pandi Sharma,XXXX2527,Selvam Balakrishnan,7500,2026-08-12 18:00,NEFT,
T00721,XXXX1474,Eswar Singh,XXXX6930,Murugan Shetty,4000,2026-08-01 16:00,UPI,
T00722,XXXX1474,Eswar Singh,XXXX6502,Siva Pillai,1200,2026-08-03 15:00,NEFT,
T00723,XXXX1474,Eswar Singh,XXXX2129,Karthik Das,7500,2026-08-07 16:00,UPI,
T00724,XXXX1474,Eswar Singh,XXXX6930,Murugan Shetty,500,2026-08-09 11:00,UPI,
T00725,XXXX2503,Prakash Pillai,XXXX6213,Eswar Ramaswamy,1200,2026-08-01 09:00,IMPS,
T00726,XXXX2503,Prakash Pillai,XXXX6213,Eswar Ramaswamy,500,2026-08-04 11:00,IMPS,
T00727,XXXX2503,Prakash Pillai,XXXX6213,Eswar Ramaswamy,2500,2026-08-05 11:00,IMPS,
T00728,XXXX2503,Prakash Pillai,XXXX2891,Ramesh Nair,2500,2026-08-07 13:00,IMPS,
T00729,XXXX2503,Prakash Pillai,XXXX6213,Eswar Ramaswamy,2500,2026-08-08 10:00,NEFT,
T00730,XXXX2503,Prakash Pillai,XXXX6213,Eswar Ramaswamy,500,2026-08-10 09:00,NEFT,
T00731,XXXX2503,Prakash Pillai,XXXX2891,Ramesh Nair,2500,2026-08-11 17:00,NEFT,
T00732,XXXX2503,Prakash Pillai,XXXX2891,Ramesh Nair,2500,2026-08-12 16:00,UPI,
T00733,XXXX2503,Prakash Pillai,XXXX2891,Ramesh Nair,2500,2026-08-14 20:00,UPI,
T00734,XXXX3549,Rajesh Murthy,XXXX3509,Senthil Nair,500,2026-08-04 10:00,NEFT,
T00735,XXXX3549,Rajesh Murthy,XXXX4068,Rahul Pandian,7500,2026-08-07 09:00,IMPS,
T00736,XXXX3549,Rajesh Murthy,XXXX9446,Ganesh Bose,7500,2026-08-10 11:00,NEFT,
T00737,XXXX3549,Rajesh Murthy,XXXX4068,Rahul Pandian,1200,2026-08-11 18:00,NEFT,
T00738,XXXX3549,Rajesh Murthy,XXXX3509,Senthil Nair,2500,2026-08-12 20:00,UPI,
T00739,XXXX3549,Rajesh Murthy,XXXX2713,Kishore Subramaniam,10000,2026-08-14 17:00,NEFT,
T00740,XXXX4531,Naveen Ramaswamy,XXXX9883,Arun Mohan,4000,2026-08-04 17:00,UPI,
T00741,XXXX4531,Naveen Ramaswamy,XXXX1757,Lokesh Iyer,1200,2026-08-05 17:00,IMPS,
T00742,XXXX4531,Naveen Ramaswamy,XXXX8555,Selvam Das,1200,2026-08-07 12:00,IMPS,
T00743,XXXX4531,Naveen Ramaswamy,XXXX8555,Selvam Das,2500,2026-08-09 13:00,NEFT,
T00744,XXXX4531,Naveen Ramaswamy,XXXX1757,Lokesh Iyer,1200,2026-08-10 13:00,IMPS,
T00745,XXXX4531,Naveen Ramaswamy,XXXX6446,Bharath Pillai,4000,2026-08-11 15:00,NEFT,
T00746,XXXX4531,Naveen Ramaswamy,XXXX7224,Sathish Menon,2500,2026-08-12 09:00,IMPS,
T00747,XXXX4531,Naveen Ramaswamy,XXXX8555,Selvam Das,7500,2026-08-13 11:00,NEFT,
T00748,XXXX4531,Naveen Ramaswamy,XXXX9883,Arun Mohan,4000,2026-08-14 11:00,IMPS,
T00749,XXXX7475,Sabari Murthy,XXXX2381,Siva Achari,500,2026-08-04 18:00,UPI,
T00750,XXXX7475,Sabari Murthy,XXXX9017,Anand Shetty,500,2026-08-05 20:00,UPI,
T00751,XXXX7475,Sabari Murthy,XXXX4115,Rahul Venkatesh,2500,2026-08-11 14:00,UPI,
T00752,XXXX8055,Harish Sharma,XXXX7941,Farook Sharma,1200,2026-08-02 11:00,IMPS,
T00753,XXXX8055,Harish Sharma,XXXX8777,Kannan Velu,7500,2026-08-04 18:00,UPI,
T00754,XXXX8055,Harish Sharma,XXXX7941,Farook Sharma,4000,2026-08-05 20:00,IMPS,
T00755,XXXX8055,Harish Sharma,XXXX8777,Kannan Velu,10000,2026-08-08 19:00,UPI,
T00756,XXXX8055,Harish Sharma,XXXX8777,Kannan Velu,4000,2026-08-10 18:00,IMPS,
T00757,XXXX8055,Harish Sharma,XXXX7941,Farook Sharma,500,2026-08-12 20:00,IMPS,
T00758,XXXX8055,Harish Sharma,XXXX7941,Farook Sharma,4000,2026-08-14 16:00,UPI,
T00759,XXXX8532,Prakash Patel,XXXX1228,Rajesh Gowda,7500,2026-08-01 18:00,UPI,
T00760,XXXX8532,Prakash Patel,XXXX2527,Selvam Balakrishnan,2500,2026-08-04 19:00,UPI,
T00761,XXXX8532,Prakash Patel,XXXX2527,Selvam Balakrishnan,4000,2026-08-05 13:00,UPI,
T00762,XXXX8532,Prakash Patel,XXXX1228,Rajesh Gowda,500,2026-08-09 12:00,UPI,
T00763,XXXX8532,Prakash Patel,XXXX2527,Selvam Balakrishnan,7500,2026-08-10 13:00,NEFT,
T00764,XXXX8532,Prakash Patel,XXXX2527,Selvam Balakrishnan,1200,2026-08-13 13:00,NEFT,
T00765,XXXX8532,Prakash Patel,XXXX1228,Rajesh Gowda,1200,2026-08-14 14:00,UPI,
T00766,XXXX3815,Karthik Gowda,XXXX8161,Farook Menon,1200,2026-08-02 15:00,IMPS,
T00767,XXXX3815,Karthik Gowda,XXXX8161,Farook Menon,7500,2026-08-03 18:00,NEFT,
T00768,XXXX3815,Karthik Gowda,XXXX8161,Farook Menon,2500,2026-08-04 16:00,UPI,
T00769,XXXX3815,Karthik Gowda,XXXX7965,Nithin Bose,500,2026-08-06 20:00,NEFT,
T00770,XXXX3815,Karthik Gowda,XXXX7965,Nithin Bose,4000,2026-08-08 16:00,NEFT,
T00771,XXXX3815,Karthik Gowda,XXXX5982,Madhavan Murthy,500,2026-08-12 12:00,IMPS,
T00772,XXXX6083,Ilango Subramaniam,XXXX8871,Rahul Singh,10000,2026-08-04 20:00,IMPS,
T00773,XXXX6083,Ilango Subramaniam,XXXX8871,Rahul Singh,7500,2026-08-05 09:00,IMPS,
T00774,XXXX6083,Ilango Subramaniam,XXXX7951,Jagan Pillai,10000,2026-08-06 17:00,UPI,
T00775,XXXX6083,Ilango Subramaniam,XXXX8871,Rahul Singh,10000,2026-08-09 09:00,IMPS,
T00776,XXXX6083,Ilango Subramaniam,XXXX8871,Rahul Singh,500,2026-08-12 15:00,NEFT,
T00777,XXXX6083,Ilango Subramaniam,XXXX8871,Rahul Singh,1200,2026-08-13 19:00,NEFT,
T00778,XXXX6083,Ilango Subramaniam,XXXX7951,Jagan Pillai,4000,2026-08-14 14:00,NEFT,
T00779,XXXX3419,Rajesh Gupta,XXXX9346,Kannan Singh,10000,2026-08-02 19:00,NEFT,
T00780,XXXX3419,Rajesh Gupta,XXXX4082,Mahesh Gupta,7500,2026-08-04 14:00,IMPS,
T00781,XXXX3419,Rajesh Gupta,XXXX4082,Mahesh Gupta,4000,2026-08-05 16:00,UPI,
T00782,XXXX3419,Rajesh Gupta,XXXX9346,Kannan Singh,500,2026-08-06 20:00,NEFT,
T00783,XXXX3419,Rajesh Gupta,XXXX4974,Sabari Das,2500,2026-08-09 20:00,NEFT,
T00784,XXXX3419,Rajesh Gupta,XXXX9346,Kannan Singh,4000,2026-08-10 09:00,NEFT,
T00785,XXXX3419,Rajesh Gupta,XXXX9346,Kannan Singh,500,2026-08-11 20:00,UPI,
T00786,XXXX3419,Rajesh Gupta,XXXX4974,Sabari Das,2500,2026-08-12 16:00,IMPS,
T00787,XXXX3419,Rajesh Gupta,XXXX9346,Kannan Singh,4000,2026-08-13 11:00,UPI,
T00788,XXXX3419,Rajesh Gupta,XXXX9346,Kannan Singh,10000,2026-08-14 15:00,UPI,
T00789,XXXX6295,Anand Reddy,XXXX9180,Rahul Pillai,4000,2026-08-04 14:00,NEFT,
T00790,XXXX6295,Anand Reddy,XXXX4082,Mahesh Gupta,1200,2026-08-06 18:00,IMPS,
T00791,XXXX6295,Anand Reddy,XXXX9180,Rahul Pillai,10000,2026-08-10 14:00,NEFT,
T00792,XXXX6295,Anand Reddy,XXXX2527,Selvam Balakrishnan,2500,2026-08-12 12:00,UPI,
T00793,XXXX6295,Anand Reddy,XXXX5558,Ravi Gowda,7500,2026-08-13 13:00,UPI,
T00794,XXXX6295,Anand Reddy,XXXX9180,Rahul Pillai,1200,2026-08-14 11:00,IMPS,
T00795,XXXX6295,Anand Reddy,XXXX6717,Unknown / Unlinked,150000,2026-08-13 20:00,IMPS,SUSPICIOUS_LARGE_TRANSFER
T00796,XXXX6295,Anand Reddy,XXXX6717,Unknown / Unlinked,750000,2026-08-13 21:00,IMPS,SUSPICIOUS_LARGE_TRANSFER
T00797,XXXX6085,Jagan Gupta,XXXX5347,Devan Pillai,4000,2026-08-01 19:00,UPI,
T00798,XXXX6085,Jagan Gupta,XXXX5347,Devan Pillai,2500,2026-08-02 18:00,IMPS,
T00799,XXXX6085,Jagan Gupta,XXXX5347,Devan Pillai,4000,2026-08-04 09:00,NEFT,
T00800,XXXX6085,Jagan Gupta,XXXX7043,Anand Rao,7500,2026-08-10 15:00,UPI,
T00801,XXXX6085,Jagan Gupta,XXXX7043,Anand Rao,2500,2026-08-13 12:00,NEFT,
T00802,XXXX6085,Jagan Gupta,XXXX5347,Devan Pillai,7500,2026-08-14 12:00,NEFT,
T00803,XXXX6085,Jagan Gupta,XXXX4783,Unknown / Unlinked,150000,2026-08-12 20:00,IMPS,SUSPICIOUS_LARGE_TRANSFER
T00804,XXXX6085,Jagan Gupta,XXXX4783,Unknown / Unlinked,150000,2026-08-12 19:00,IMPS,SUSPICIOUS_LARGE_TRANSFER
T00805,XXXX6085,Jagan Gupta,XXXX4783,Unknown / Unlinked,200000,2026-08-12 19:00,IMPS,SUSPICIOUS_LARGE_TRANSFER
T00806,XXXX1672,Kannan Subramaniam,XXXX9224,Siva Shetty,10000,2026-08-02 12:00,NEFT,
T00807,XXXX1672,Kannan Subramaniam,XXXX9224,Siva Shetty,7500,2026-08-05 20:00,NEFT,
T00808,XXXX1672,Kannan Subramaniam,XXXX9224,Siva Shetty,4000,2026-08-06 11:00,UPI,
T00809,XXXX1672,Kannan Subramaniam,XXXX9224,Siva Shetty,1200,2026-08-09 19:00,IMPS,
T00810,XXXX1672,Kannan Subramaniam,XXXX8912,Deepak Sharma,2500,2026-08-10 18:00,NEFT,
T00811,XXXX1672,Kannan Subramaniam,XXXX8912,Deepak Sharma,10000,2026-08-12 14:00,IMPS,
T00812,XXXX2381,Siva Achari,XXXX2354,Madhavan Venkatesh,1200,2026-08-05 15:00,IMPS,
T00813,XXXX2381,Siva Achari,XXXX4583,Kishore Sharma,2500,2026-08-06 09:00,UPI,
T00814,XXXX2381,Siva Achari,XXXX4583,Kishore Sharma,7500,2026-08-08 09:00,UPI,
T00815,XXXX2381,Siva Achari,XXXX4583,Kishore Sharma,1200,2026-08-10 13:00,NEFT,
T00816,XXXX2381,Siva Achari,XXXX6568,Arjun Menon,2500,2026-08-11 19:00,NEFT,
T00817,XXXX2381,Siva Achari,XXXX4583,Kishore Sharma,10000,2026-08-12 19:00,UPI,
T00818,XXXX2381,Siva Achari,XXXX2646,Jagan Natarajan,10000,2026-08-13 15:00,IMPS,
T00819,XXXX7697,Prakash Sharma,XXXX9042,Vijay Singh,10000,2026-08-01 16:00,UPI,
T00820,XXXX7697,Prakash Sharma,XXXX9042,Vijay Singh,7500,2026-08-02 20:00,IMPS,
T00821,XXXX7697,Prakash Sharma,XXXX8381,Sabari Rao,500,2026-08-04 20:00,NEFT,
T00822,XXXX7697,Prakash Sharma,XXXX6224,Anand Balakrishnan,4000,2026-08-07 16:00,UPI,
T00823,XXXX7697,Prakash Sharma,XXXX9042,Vijay Singh,500,2026-08-08 17:00,NEFT,
T00824,XXXX7697,Prakash Sharma,XXXX6224,Anand Balakrishnan,1200,2026-08-11 16:00,NEFT,
T00825,XXXX6461,Thiru Gupta,XXXX9702,Siva Nair,4000,2026-08-02 09:00,UPI,
T00826,XXXX6461,Thiru Gupta,XXXX2680,Hari Achari,4000,2026-08-04 15:00,NEFT,
T00827,XXXX6461,Thiru Gupta,XXXX8381,Sabari Rao,500,2026-08-06 17:00,UPI,
T00828,XXXX6461,Thiru Gupta,XXXX9702,Siva Nair,7500,2026-08-11 18:00,NEFT,
T00829,XXXX6461,Thiru Gupta,XXXX9702,Siva Nair,7500,2026-08-12 15:00,IMPS,
T00830,XXXX6461,Thiru Gupta,XXXX2680,Hari Achari,7500,2026-08-14 16:00,UPI,
T00831,XXXX3093,Deepak Das,XXXX7951,Jagan Pillai,1200,2026-08-02 12:00,UPI,
T00832,XXXX3093,Deepak Das,XXXX4833,Ashok Nair,1200,2026-08-04 19:00,UPI,
T00833,XXXX3093,Deepak Das,XXXX7951,Jagan Pillai,7500,2026-08-07 19:00,UPI,
T00834,XXXX3093,Deepak Das,XXXX8780,Ravi Gupta,500,2026-08-09 17:00,NEFT,
T00835,XXXX3093,Deepak Das,XXXX7951,Jagan Pillai,7500,2026-08-14 19:00,IMPS,
T00836,XXXX8967,Lokesh Natarajan,XXXX4150,Gopal Gowda,500,2026-08-01 16:00,UPI,
T00837,XXXX8967,Lokesh Natarajan,XXXX6502,Siva Pillai,1200,2026-08-02 19:00,UPI,
T00838,XXXX8967,Lokesh Natarajan,XXXX9042,Vijay Singh,500,2026-08-04 20:00,IMPS,
T00839,XXXX8967,Lokesh Natarajan,XXXX9042,Vijay Singh,500,2026-08-10 17:00,IMPS,
T00840,XXXX8967,Lokesh Natarajan,XXXX6502,Siva Pillai,500,2026-08-11 09:00,UPI,
T00841,XXXX8967,Lokesh Natarajan,XXXX9042,Vijay Singh,2500,2026-08-13 10:00,NEFT,
T00842,XXXX8967,Lokesh Natarajan,XXXX5749,Unknown / Unlinked,200000,2026-08-10 19:00,IMPS,SUSPICIOUS_LARGE_TRANSFER
T00843,XXXX8967,Lokesh Natarajan,XXXX5749,Unknown / Unlinked,500000,2026-08-10 18:00,IMPS,SUSPICIOUS_LARGE_TRANSFER
T00844,XXXX7172,Ganesh Menon,XXXX7951,Jagan Pillai,7500,2026-08-01 19:00,UPI,
T00845,XXXX7172,Ganesh Menon,XXXX7054,Kannan Bose,10000,2026-08-02 13:00,NEFT,
T00846,XXXX7172,Ganesh Menon,XXXX7054,Kannan Bose,500,2026-08-03 17:00,UPI,
T00847,XXXX7172,Ganesh Menon,XXXX9565,Harish Iyer,500,2026-08-07 12:00,IMPS,
T00848,XXXX7172,Ganesh Menon,XXXX9565,Harish Iyer,4000,2026-08-10 11:00,UPI,
T00849,XXXX7172,Ganesh Menon,XXXX7951,Jagan Pillai,1200,2026-08-12 16:00,UPI,
T00850,XXXX7172,Ganesh Menon,XXXX4944,Ganesh Ramaswamy,1200,2026-08-13 15:00,IMPS,
T00851,XXXX7172,Ganesh Menon,XXXX7951,Jagan Pillai,500,2026-08-14 15:00,IMPS,
T00852,XXXX4833,Ashok Nair,XXXX2259,Karthik Menon,7500,2026-08-07 12:00,UPI,
T00853,XXXX4833,Ashok Nair,XXXX2259,Karthik Menon,1200,2026-08-10 19:00,UPI,
T00854,XXXX4833,Ashok Nair,XXXX6352,Ilango Pillai,10000,2026-08-11 10:00,NEFT,
T00855,XXXX4833,Ashok Nair,XXXX9883,Arun Mohan,7500,2026-08-14 19:00,NEFT,
T00856,XXXX4271,Devan Menon,XXXX3363,Bharath Subramaniam,500,2026-08-01 11:00,IMPS,
T00857,XXXX4271,Devan Menon,XXXX3363,Bharath Subramaniam,1200,2026-08-02 16:00,UPI,
T00858,XXXX4271,Devan Menon,XXXX3363,Bharath Subramaniam,500,2026-08-05 10:00,NEFT,
T00859,XXXX4271,Devan Menon,XXXX3363,Bharath Subramaniam,10000,2026-08-06 13:00,NEFT,
T00860,XXXX4271,Devan Menon,XXXX3815,Karthik Gowda,10000,2026-08-07 11:00,UPI,
T00861,XXXX4271,Devan Menon,XXXX3363,Bharath Subramaniam,2500,2026-08-09 15:00,NEFT,
T00862,XXXX4271,Devan Menon,XXXX3363,Bharath Subramaniam,1200,2026-08-11 10:00,NEFT,
T00863,XXXX4271,Devan Menon,XXXX3815,Karthik Gowda,500,2026-08-12 11:00,NEFT,
T00864,XXXX4271,Devan Menon,XXXX3363,Bharath Subramaniam,500,2026-08-14 15:00,IMPS,
T00865,XXXX5469,Harish Patel,XXXX6085,Jagan Gupta,2500,2026-08-01 12:00,IMPS,
T00866,XXXX5469,Harish Patel,XXXX6085,Jagan Gupta,1200,2026-08-04 19:00,NEFT,
T00867,XXXX5469,Harish Patel,XXXX6085,Jagan Gupta,1200,2026-08-05 13:00,UPI,
T00868,XXXX5469,Harish Patel,XXXX6085,Jagan Gupta,10000,2026-08-08 10:00,NEFT,
T00869,XXXX5469,Harish Patel,XXXX6085,Jagan Gupta,500,2026-08-09 19:00,IMPS,
T00870,XXXX5469,Harish Patel,XXXX6213,Eswar Ramaswamy,7500,2026-08-11 20:00,UPI,
T00871,XXXX5469,Harish Patel,XXXX6213,Eswar Ramaswamy,500,2026-08-14 11:00,IMPS,
T00872,XXXX9224,Siva Shetty,XXXX1464,Ilango Chandran,4000,2026-08-01 12:00,IMPS,
T00873,XXXX9224,Siva Shetty,XXXX2646,Jagan Natarajan,4000,2026-08-02 12:00,UPI,
T00874,XXXX9224,Siva Shetty,XXXX2646,Jagan Natarajan,500,2026-08-03 14:00,NEFT,
T00875,XXXX9224,Siva Shetty,XXXX2646,Jagan Natarajan,4000,2026-08-05 12:00,UPI,
T00876,XXXX9224,Siva Shetty,XXXX1464,Ilango Chandran,2500,2026-08-06 13:00,UPI,
T00877,XXXX9224,Siva Shetty,XXXX2646,Jagan Natarajan,2500,2026-08-10 12:00,IMPS,
T00878,XXXX9224,Siva Shetty,XXXX2646,Jagan Natarajan,500,2026-08-11 12:00,NEFT,
T00879,XXXX9224,Siva Shetty,XXXX2646,Jagan Natarajan,500,2026-08-14 13:00,IMPS,
T00880,XXXX5700,Hari Menon,XXXX1474,Eswar Singh,10000,2026-08-04 09:00,IMPS,
T00881,XXXX5700,Hari Menon,XXXX5982,Madhavan Murthy,2500,2026-08-06 19:00,IMPS,
T00882,XXXX5700,Hari Menon,XXXX5982,Madhavan Murthy,500,2026-08-07 14:00,IMPS,
T00883,XXXX5700,Hari Menon,XXXX5835,Rajesh Krishnan,1200,2026-08-08 12:00,UPI,
T00884,XXXX5700,Hari Menon,XXXX5835,Rajesh Krishnan,7500,2026-08-11 09:00,IMPS,
T00885,XXXX5700,Hari Menon,XXXX5835,Rajesh Krishnan,7500,2026-08-12 18:00,IMPS,
T00886,XXXX5700,Hari Menon,XXXX5835,Rajesh Krishnan,1200,2026-08-13 20:00,IMPS,
T00887,XXXX2821,Arjun Natarajan,XXXX5728,Ravi Shetty,10000,2026-08-01 16:00,IMPS,
T00888,XXXX2821,Arjun Natarajan,XXXX5728,Ravi Shetty,1200,2026-08-05 15:00,IMPS,
T00889,XXXX2821,Arjun Natarajan,XXXX5728,Ravi Shetty,4000,2026-08-08 13:00,UPI,
T00890,XXXX2821,Arjun Natarajan,XXXX3129,Karthik Venkatesh,2500,2026-08-10 15:00,NEFT,
T00891,XXXX2821,Arjun Natarajan,XXXX5728,Ravi Shetty,10000,2026-08-11 14:00,UPI,
T00892,XXXX9782,Thiru Verma,XXXX7065,Omkar Iyer,2500,2026-08-01 17:00,IMPS,
T00893,XXXX9782,Thiru Verma,XXXX3129,Karthik Venkatesh,4000,2026-08-03 10:00,NEFT,
T00894,XXXX9782,Thiru Verma,XXXX6123,Dinesh Subramaniam,2500,2026-08-05 14:00,NEFT,
T00895,XXXX9782,Thiru Verma,XXXX6123,Dinesh Subramaniam,10000,2026-08-07 09:00,IMPS,
T00896,XXXX9782,Thiru Verma,XXXX7065,Omkar Iyer,2500,2026-08-08 18:00,IMPS,
T00897,XXXX9782,Thiru Verma,XXXX3129,Karthik Venkatesh,10000,2026-08-10 10:00,NEFT,
T00898,XXXX9782,Thiru Verma,XXXX3129,Karthik Venkatesh,4000,2026-08-11 12:00,UPI,
T00899,XXXX9782,Thiru Verma,XXXX7065,Omkar Iyer,1200,2026-08-14 19:00,UPI,
T00900,XXXX4068,Rahul Pandian,XXXX2633,Rajesh Raj,2500,2026-08-01 12:00,UPI,
T00901,XXXX4068,Rahul Pandian,XXXX2633,Rajesh Raj,2500,2026-08-02 09:00,IMPS,
T00902,XXXX4068,Rahul Pandian,XXXX2633,Rajesh Raj,4000,2026-08-09 13:00,UPI,
T00903,XXXX4068,Rahul Pandian,XXXX5347,Devan Pillai,10000,2026-08-14 13:00,NEFT,
T00904,XXXX8702,Lokesh Velu,XXXX3198,Prakash Achari,7500,2026-08-04 15:00,UPI,
T00905,XXXX8702,Lokesh Velu,XXXX3198,Prakash Achari,2500,2026-08-05 16:00,UPI,
T00906,XXXX8702,Lokesh Velu,XXXX3198,Prakash Achari,1200,2026-08-06 11:00,NEFT,
T00907,XXXX8702,Lokesh Velu,XXXX3198,Prakash Achari,1200,2026-08-07 19:00,NEFT,
T00908,XXXX8702,Lokesh Velu,XXXX3198,Prakash Achari,4000,2026-08-10 10:00,UPI,
T00909,XXXX8702,Lokesh Velu,XXXX3198,Prakash Achari,2500,2026-08-13 11:00,UPI,
T00910,XXXX8702,Lokesh Velu,XXXX2524,Ravi Iyer,4000,2026-08-14 19:00,NEFT,
T00911,XXXX1726,Vikram Pandian,XXXX3390,Bharath Shetty,500,2026-08-01 15:00,UPI,
T00912,XXXX1726,Vikram Pandian,XXXX7172,Ganesh Menon,500,2026-08-03 18:00,IMPS,
T00913,XXXX1726,Vikram Pandian,XXXX7172,Ganesh Menon,10000,2026-08-05 13:00,IMPS,
T00914,XXXX1726,Vikram Pandian,XXXX3390,Bharath Shetty,4000,2026-08-06 15:00,UPI,
T00915,XXXX1726,Vikram Pandian,XXXX3390,Bharath Shetty,4000,2026-08-07 19:00,UPI,
T00916,XXXX1726,Vikram Pandian,XXXX7172,Ganesh Menon,4000,2026-08-09 18:00,IMPS,
T00917,XXXX1726,Vikram Pandian,XXXX7172,Ganesh Menon,10000,2026-08-10 11:00,UPI,
T00918,XXXX1726,Vikram Pandian,XXXX7172,Ganesh Menon,500,2026-08-13 10:00,IMPS,
T00919,XXXX1717,Gopal Chandran,XXXX3390,Bharath Shetty,7500,2026-08-01 18:00,IMPS,
T00920,XXXX1717,Gopal Chandran,XXXX9180,Rahul Pillai,4000,2026-08-04 09:00,NEFT,
T00921,XXXX1717,Gopal Chandran,XXXX9180,Rahul Pillai,2500,2026-08-05 16:00,UPI,
T00922,XXXX1717,Gopal Chandran,XXXX9565,Harish Iyer,2500,2026-08-07 20:00,NEFT,
T00923,XXXX1717,Gopal Chandran,XXXX6446,Bharath Pillai,7500,2026-08-09 16:00,UPI,
T00924,XXXX1717,Gopal Chandran,XXXX6446,Bharath Pillai,10000,2026-08-13 12:00,NEFT,
T00925,XXXX6848,Ganesh Shetty,XXXX2354,Madhavan Venkatesh,10000,2026-08-03 17:00,IMPS,
T00926,XXXX6848,Ganesh Shetty,XXXX2354,Madhavan Venkatesh,1200,2026-08-04 11:00,UPI,
T00927,XXXX6848,Ganesh Shetty,XXXX4583,Kishore Sharma,7500,2026-08-05 17:00,UPI,
T00928,XXXX6848,Ganesh Shetty,XXXX2354,Madhavan Venkatesh,500,2026-08-06 12:00,NEFT,
T00929,XXXX6848,Ganesh Shetty,XXXX2354,Madhavan Venkatesh,500,2026-08-07 10:00,UPI,
T00930,XXXX6848,Ganesh Shetty,XXXX8022,Elango Gupta,1200,2026-08-09 13:00,NEFT,
T00931,XXXX6848,Ganesh Shetty,XXXX4583,Kishore Sharma,7500,2026-08-10 16:00,NEFT,
T00932,XXXX6848,Ganesh Shetty,XXXX8022,Elango Gupta,4000,2026-08-11 16:00,UPI,
T00933,XXXX6848,Ganesh Shetty,XXXX8022,Elango Gupta,500,2026-08-13 17:00,NEFT,
T00934,XXXX6848,Ganesh Shetty,XXXX2354,Madhavan Venkatesh,4000,2026-08-14 12:00,UPI,
T00935,XXXX9151,Thiru Sharma,XXXX6295,Anand Reddy,7500,2026-08-01 10:00,UPI,
T00936,XXXX9151,Thiru Sharma,XXXX6213,Eswar Ramaswamy,4000,2026-08-02 13:00,UPI,
T00937,XXXX9151,Thiru Sharma,XXXX7225,Elango Krishnan,7500,2026-08-03 18:00,IMPS,
T00938,XXXX9151,Thiru Sharma,XXXX7225,Elango Krishnan,2500,2026-08-04 14:00,IMPS,
T00939,XXXX9151,Thiru Sharma,XXXX9335,Omkar Subramaniam,10000,2026-08-05 19:00,NEFT,
T00940,XXXX9151,Thiru Sharma,XXXX7225,Elango Krishnan,4000,2026-08-07 09:00,NEFT,
T00941,XXXX9151,Thiru Sharma,XXXX9335,Omkar Subramaniam,1200,2026-08-10 13:00,UPI,
T00942,XXXX9151,Thiru Sharma,XXXX7225,Elango Krishnan,500,2026-08-11 14:00,NEFT,
T00943,XXXX9151,Thiru Sharma,XXXX3007,Kumar Gowda,10000,2026-08-12 17:00,IMPS,
T00944,XXXX9151,Thiru Sharma,XXXX6213,Eswar Ramaswamy,500,2026-08-13 15:00,UPI,
T00945,XXXX9151,Thiru Sharma,XXXX6295,Anand Reddy,2500,2026-08-14 17:00,NEFT,
T00946,XXXX2680,Hari Achari,XXXX4271,Devan Menon,1200,2026-08-03 14:00,IMPS,
T00947,XXXX2680,Hari Achari,XXXX3815,Karthik Gowda,7500,2026-08-04 17:00,IMPS,
T00948,XXXX2680,Hari Achari,XXXX3815,Karthik Gowda,1200,2026-08-05 18:00,IMPS,
T00949,XXXX2680,Hari Achari,XXXX3815,Karthik Gowda,2500,2026-08-06 20:00,UPI,
T00950,XXXX2680,Hari Achari,XXXX3815,Karthik Gowda,2500,2026-08-08 20:00,UPI,
T00951,XXXX2680,Hari Achari,XXXX3815,Karthik Gowda,7500,2026-08-09 17:00,NEFT,
T00952,XXXX2680,Hari Achari,XXXX4271,Devan Menon,2500,2026-08-11 12:00,IMPS,
T00953,XXXX2680,Hari Achari,XXXX3815,Karthik Gowda,10000,2026-08-12 09:00,UPI,
T00954,XXXX2680,Hari Achari,XXXX4271,Devan Menon,1200,2026-08-13 11:00,UPI,
T00955,XXXX2680,Hari Achari,XXXX4271,Devan Menon,7500,2026-08-14 13:00,UPI,
T00956,XXXX2680,Hari Achari,XXXX4616,Unknown / Unlinked,500000,2026-08-09 20:00,IMPS,SUSPICIOUS_LARGE_TRANSFER
T00957,XXXX2680,Hari Achari,XXXX4616,Unknown / Unlinked,750000,2026-08-09 21:00,IMPS,SUSPICIOUS_LARGE_TRANSFER
T00958,XXXX5498,Lokesh Verma,XXXX6280,Kannan Natarajan,500,2026-08-01 18:00,IMPS,
T00959,XXXX5498,Lokesh Verma,XXXX6280,Kannan Natarajan,2500,2026-08-02 14:00,IMPS,
T00960,XXXX5498,Lokesh Verma,XXXX3509,Senthil Nair,7500,2026-08-05 09:00,UPI,
T00961,XXXX5498,Lokesh Verma,XXXX6280,Kannan Natarajan,500,2026-08-08 20:00,NEFT,
T00962,XXXX5498,Lokesh Verma,XXXX6280,Kannan Natarajan,2500,2026-08-09 17:00,IMPS,
T00963,XXXX5498,Lokesh Verma,XXXX6280,Kannan Natarajan,1200,2026-08-14 11:00,NEFT,
T00964,XXXX3068,Jagan Sundaram,XXXX6916,Dinesh Verma,1200,2026-08-05 19:00,UPI,
T00965,XXXX3068,Jagan Sundaram,XXXX9565,Harish Iyer,1200,2026-08-06 13:00,UPI,
T00966,XXXX3068,Jagan Sundaram,XXXX9565,Harish Iyer,500,2026-08-11 19:00,UPI,
T00967,XXXX3068,Jagan Sundaram,XXXX5073,Manoj Reddy,2500,2026-08-12 16:00,UPI,
T00968,XXXX3068,Jagan Sundaram,XXXX6916,Dinesh Verma,7500,2026-08-13 09:00,UPI,
T00969,XXXX2259,Karthik Menon,XXXX9653,Kannan Balakrishnan,10000,2026-08-02 12:00,UPI,
T00970,XXXX2259,Karthik Menon,XXXX6123,Dinesh Subramaniam,4000,2026-08-04 18:00,UPI,
T00971,XXXX2259,Karthik Menon,XXXX6123,Dinesh Subramaniam,7500,2026-08-06 09:00,NEFT,
T00972,XXXX2259,Karthik Menon,XXXX3900,Vikram Shetty,4000,2026-08-07 13:00,IMPS,
T00973,XXXX2259,Karthik Menon,XXXX9653,Kannan Balakrishnan,7500,2026-08-08 13:00,UPI,
T00974,XXXX2259,Karthik Menon,XXXX9653,Kannan Balakrishnan,7500,2026-08-09 13:00,UPI,
T00975,XXXX2259,Karthik Menon,XXXX9653,Kannan Balakrishnan,500,2026-08-10 19:00,IMPS,
T00976,XXXX2259,Karthik Menon,XXXX9653,Kannan Balakrishnan,4000,2026-08-11 13:00,IMPS,
T00977,XXXX2259,Karthik Menon,XXXX3900,Vikram Shetty,500,2026-08-12 15:00,UPI,
T00978,XXXX2929,Farook Patel,XXXX4833,Ashok Nair,4000,2026-08-01 16:00,IMPS,
T00979,XXXX2929,Farook Patel,XXXX4833,Ashok Nair,2500,2026-08-02 19:00,UPI,
T00980,XXXX2929,Farook Patel,XXXX6573,Anand Sundaram,7500,2026-08-03 18:00,UPI,
T00981,XXXX2929,Farook Patel,XXXX3093,Deepak Das,2500,2026-08-07 18:00,NEFT,
T00982,XXXX2929,Farook Patel,XXXX2260,Karthik Velu,1200,2026-08-10 10:00,UPI,
T00983,XXXX2929,Farook Patel,XXXX2354,Madhavan Venkatesh,2500,2026-08-14 10:00,IMPS,
T00984,XXXX3828,Sathish Ramaswamy,XXXX8632,Karthik Verma,1200,2026-08-02 11:00,IMPS,
T00985,XXXX3828,Sathish Ramaswamy,XXXX8632,Karthik Verma,10000,2026-08-06 10:00,IMPS,
T00986,XXXX3828,Sathish Ramaswamy,XXXX2259,Karthik Menon,2500,2026-08-09 16:00,UPI,
T00987,XXXX3828,Sathish Ramaswamy,XXXX5700,Hari Menon,2500,2026-08-10 10:00,NEFT,
T00988,XXXX3828,Sathish Ramaswamy,XXXX2259,Karthik Menon,10000,2026-08-11 14:00,IMPS,
T00989,XXXX3828,Sathish Ramaswamy,XXXX8632,Karthik Verma,2500,2026-08-12 12:00,UPI,
T00990,XXXX9335,Omkar Subramaniam,XXXX4737,Vijay Venkatesh,1200,2026-08-07 19:00,IMPS,
T00991,XXXX9335,Omkar Subramaniam,XXXX8267,Vijay Bose,500,2026-08-08 19:00,IMPS,
T00992,XXXX9335,Omkar Subramaniam,XXXX8267,Vijay Bose,7500,2026-08-09 09:00,UPI,
T00993,XXXX9335,Omkar Subramaniam,XXXX4737,Vijay Venkatesh,4000,2026-08-10 20:00,IMPS,
T00994,XXXX9335,Omkar Subramaniam,XXXX4737,Vijay Venkatesh,500,2026-08-13 17:00,IMPS,
T00995,XXXX9335,Omkar Subramaniam,XXXX4737,Vijay Venkatesh,4000,2026-08-14 18:00,IMPS,
T00996,XXXX2412,Vijay Reddy,XXXX9883,Arun Mohan,10000,2026-08-02 14:00,NEFT,
T00997,XXXX2412,Vijay Reddy,XXXX1797,Pandi Ramaswamy,7500,2026-08-07 17:00,NEFT,
T00998,XXXX2412,Vijay Reddy,XXXX3363,Bharath Subramaniam,7500,2026-08-08 11:00,NEFT,
T00999,XXXX2412,Vijay Reddy,XXXX9883,Arun Mohan,7500,2026-08-09 11:00,IMPS,
T01000,XXXX2412,Vijay Reddy,XXXX9883,Arun Mohan,7500,2026-08-10 14:00,IMPS,
T01001,XXXX8632,Karthik Verma,XXXX1832,Manoj Balakrishnan,500,2026-08-01 18:00,UPI,
T01002,XXXX8632,Karthik Verma,XXXX5961,Naveen Nair,4000,2026-08-02 12:00,IMPS,
T01003,XXXX8632,Karthik Verma,XXXX1832,Manoj Balakrishnan,2500,2026-08-03 10:00,IMPS,
T01004,XXXX8632,Karthik Verma,XXXX1224,Mahesh Pillai,2500,2026-08-05 16:00,NEFT,
T01005,XXXX8632,Karthik Verma,XXXX1832,Manoj Balakrishnan,7500,2026-08-06 12:00,NEFT,
T01006,XXXX8632,Karthik Verma,XXXX1474,Eswar Singh,2500,2026-08-08 11:00,UPI,
T01007,XXXX8632,Karthik Verma,XXXX5961,Naveen Nair,10000,2026-08-09 15:00,UPI,
T01008,XXXX8632,Karthik Verma,XXXX1474,Eswar Singh,500,2026-08-11 13:00,NEFT,
T01009,XXXX8632,Karthik Verma,XXXX1474,Eswar Singh,4000,2026-08-12 16:00,UPI,
T01010,XXXX8632,Karthik Verma,XXXX1474,Eswar Singh,10000,2026-08-13 13:00,UPI,
T01011,XXXX5982,Madhavan Murthy,XXXX2625,Harish Bose,10000,2026-08-01 20:00,IMPS,
T01012,XXXX5982,Madhavan Murthy,XXXX8702,Lokesh Velu,10000,2026-08-03 13:00,NEFT,
T01013,XXXX5982,Madhavan Murthy,XXXX6568,Arjun Menon,2500,2026-08-10 15:00,UPI,
T01014,XXXX5982,Madhavan Murthy,XXXX2625,Harish Bose,7500,2026-08-14 15:00,NEFT,
T01015,XXXX5961,Naveen Nair,XXXX9254,Suresh Patel,7500,2026-08-01 18:00,IMPS,
T01016,XXXX5961,Naveen Nair,XXXX4583,Kishore Sharma,10000,2026-08-04 17:00,NEFT,
T01017,XXXX5961,Naveen Nair,XXXX4583,Kishore Sharma,7500,2026-08-05 15:00,NEFT,
T01018,XXXX5961,Naveen Nair,XXXX4583,Kishore Sharma,10000,2026-08-09 09:00,IMPS,
T01019,XXXX5961,Naveen Nair,XXXX9254,Suresh Patel,7500,2026-08-11 16:00,UPI,
T01020,XXXX5961,Naveen Nair,XXXX9254,Suresh Patel,4000,2026-08-12 11:00,IMPS,
T01021,XXXX5961,Naveen Nair,XXXX4583,Kishore Sharma,2500,2026-08-13 17:00,NEFT,
T01022,XXXX5961,Naveen Nair,XXXX4192,Unknown / Unlinked,200000,2026-08-12 18:00,IMPS,SUSPICIOUS_LARGE_TRANSFER
T01023,XXXX5961,Naveen Nair,XXXX4192,Unknown / Unlinked,200000,2026-08-12 18:00,IMPS,SUSPICIOUS_LARGE_TRANSFER
T01024,XXXX5961,Naveen Nair,XXXX4192,Unknown / Unlinked,150000,2026-08-12 20:00,IMPS,SUSPICIOUS_LARGE_TRANSFER
T01025,XXXX1464,Ilango Chandran,XXXX1672,Kannan Subramaniam,500,2026-08-01 10:00,UPI,
T01026,XXXX1464,Ilango Chandran,XXXX2503,Prakash Pillai,7500,2026-08-04 15:00,IMPS,
T01027,XXXX1464,Ilango Chandran,XXXX2503,Prakash Pillai,2500,2026-08-07 16:00,IMPS,
T01028,XXXX1464,Ilango Chandran,XXXX2503,Prakash Pillai,2500,2026-08-08 20:00,UPI,
T01029,XXXX1464,Ilango Chandran,XXXX2503,Prakash Pillai,7500,2026-08-09 11:00,NEFT,
T01030,XXXX1464,Ilango Chandran,XXXX1672,Kannan Subramaniam,500,2026-08-10 20:00,UPI,
T01031,XXXX1464,Ilango Chandran,XXXX1672,Kannan Subramaniam,4000,2026-08-11 13:00,UPI,
T01032,XXXX1464,Ilango Chandran,XXXX5347,Devan Pillai,7500,2026-08-12 11:00,IMPS,
T01033,XXXX8912,Deepak Sharma,XXXX3646,Kannan Kumar,7500,2026-08-08 13:00,UPI,
T01034,XXXX8912,Deepak Sharma,XXXX2260,Karthik Velu,4000,2026-08-10 13:00,UPI,
T01035,XXXX8912,Deepak Sharma,XXXX3646,Kannan Kumar,10000,2026-08-11 09:00,UPI,
T01036,XXXX8912,Deepak Sharma,XXXX2260,Karthik Velu,7500,2026-08-12 14:00,IMPS,
T01037,XXXX8912,Deepak Sharma,XXXX2260,Karthik Velu,4000,2026-08-13 10:00,IMPS,
T01038,XXXX8912,Deepak Sharma,XXXX3646,Kannan Kumar,2500,2026-08-14 15:00,IMPS,
T01039,XXXX6573,Anand Sundaram,XXXX2646,Jagan Natarajan,7500,2026-08-03 12:00,IMPS,
T01040,XXXX6573,Anand Sundaram,XXXX1992,Ilango Krishnan,2500,2026-08-05 19:00,IMPS,
T01041,XXXX6573,Anand Sundaram,XXXX1992,Ilango Krishnan,10000,2026-08-07 09:00,IMPS,
T01042,XXXX6573,Anand Sundaram,XXXX1992,Ilango Krishnan,1200,2026-08-09 09:00,NEFT,
T01043,XXXX6573,Anand Sundaram,XXXX7172,Ganesh Menon,10000,2026-08-11 18:00,IMPS,
T01044,XXXX6573,Anand Sundaram,XXXX2646,Jagan Natarajan,10000,2026-08-12 12:00,IMPS,
T01045,XXXX6573,Anand Sundaram,XXXX1992,Ilango Krishnan,1200,2026-08-13 09:00,IMPS,
T01046,XXXX6573,Anand Sundaram,XXXX7172,Ganesh Menon,4000,2026-08-14 12:00,NEFT,
T01047,XXXX3007,Kumar Gowda,XXXX8060,Mahesh Das,1200,2026-08-03 11:00,NEFT,
T01048,XXXX3007,Kumar Gowda,XXXX6539,Pandi Natarajan,7500,2026-08-04 12:00,UPI,
T01049,XXXX3007,Kumar Gowda,XXXX7999,Farook Bose,2500,2026-08-05 16:00,UPI,
T01050,XXXX3007,Kumar Gowda,XXXX6539,Pandi Natarajan,1200,2026-08-09 19:00,UPI,
T01051,XXXX3007,Kumar Gowda,XXXX6539,Pandi Natarajan,500,2026-08-11 20:00,NEFT,
T01052,XXXX3007,Kumar Gowda,XXXX6539,Pandi Natarajan,4000,2026-08-13 17:00,NEFT,
T01053,XXXX3007,Kumar Gowda,XXXX6539,Pandi Natarajan,4000,2026-08-14 17:00,IMPS,
T01054,XXXX3007,Kumar Gowda,XXXX6566,Unknown / Unlinked,200000,2026-08-12 18:00,IMPS,SUSPICIOUS_LARGE_TRANSFER
T01055,XXXX3007,Kumar Gowda,XXXX6566,Unknown / Unlinked,150000,2026-08-12 21:00,IMPS,SUSPICIOUS_LARGE_TRANSFER
T01056,XXXX3007,Kumar Gowda,XXXX6566,Unknown / Unlinked,150000,2026-08-12 22:00,IMPS,SUSPICIOUS_LARGE_TRANSFER
T01057,XXXX6123,Dinesh Subramaniam,XXXX7524,Bala Subramaniam,10000,2026-08-05 20:00,UPI,
T01058,XXXX6123,Dinesh Subramaniam,XXXX6421,Kumar Shetty,2500,2026-08-11 16:00,IMPS,
T01059,XXXX6123,Dinesh Subramaniam,XXXX7524,Bala Subramaniam,10000,2026-08-12 20:00,NEFT,
T01060,XXXX6123,Dinesh Subramaniam,XXXX3037,Sanjay Chandran,10000,2026-08-13 11:00,IMPS,
T01061,XXXX4944,Ganesh Ramaswamy,XXXX8267,Vijay Bose,4000,2026-08-01 12:00,NEFT,
T01062,XXXX4944,Ganesh Ramaswamy,XXXX2929,Farook Patel,10000,2026-08-03 12:00,NEFT,
T01063,XXXX4944,Ganesh Ramaswamy,XXXX6213,Eswar Ramaswamy,7500,2026-08-05 12:00,NEFT,
T01064,XXXX4944,Ganesh Ramaswamy,XXXX6213,Eswar Ramaswamy,500,2026-08-06 15:00,IMPS,
T01065,XXXX4944,Ganesh Ramaswamy,XXXX8905,Eswar Krishnan,500,2026-08-08 20:00,NEFT,
T01066,XXXX4944,Ganesh Ramaswamy,XXXX6213,Eswar Ramaswamy,10000,2026-08-09 11:00,UPI,
T01067,XXXX4944,Ganesh Ramaswamy,XXXX8267,Vijay Bose,2500,2026-08-10 18:00,UPI,
T01068,XXXX4944,Ganesh Ramaswamy,XXXX5073,Manoj Reddy,2500,2026-08-14 15:00,NEFT,
T01069,XXXX8060,Mahesh Das,XXXX1672,Kannan Subramaniam,10000,2026-08-01 11:00,UPI,
T01070,XXXX8060,Mahesh Das,XXXX2821,Arjun Natarajan,10000,2026-08-03 13:00,NEFT,
T01071,XXXX8060,Mahesh Das,XXXX3549,Rajesh Murthy,7500,2026-08-04 17:00,UPI,
T01072,XXXX8060,Mahesh Das,XXXX2821,Arjun Natarajan,2500,2026-08-05 19:00,IMPS,
T01073,XXXX8060,Mahesh Das,XXXX9224,Siva Shetty,7500,2026-08-09 15:00,IMPS,
T01074,XXXX8060,Mahesh Das,XXXX3549,Rajesh Murthy,1200,2026-08-10 15:00,IMPS,
T01075,XXXX8060,Mahesh Das,XXXX9673,Hari Sharma,2500,2026-08-12 19:00,IMPS,
T01076,XXXX5728,Ravi Shetty,XXXX7941,Farook Sharma,2500,2026-08-03 11:00,IMPS,
T01077,XXXX5728,Ravi Shetty,XXXX7941,Farook Sharma,500,2026-08-04 19:00,NEFT,
T01078,XXXX5728,Ravi Shetty,XXXX9017,Anand Shetty,500,2026-08-05 11:00,NEFT,
T01079,XXXX5728,Ravi Shetty,XXXX6083,Ilango Subramaniam,7500,2026-08-12 11:00,IMPS,
T01080,XXXX5728,Ravi Shetty,XXXX7941,Farook Sharma,1200,2026-08-14 10:00,NEFT,
T01081,XXXX3363,Bharath Subramaniam,XXXX6813,Anand Ramaswamy,10000,2026-08-03 19:00,IMPS,
T01082,XXXX3363,Bharath Subramaniam,XXXX6280,Kannan Natarajan,10000,2026-08-07 18:00,IMPS,
T01083,XXXX3363,Bharath Subramaniam,XXXX6280,Kannan Natarajan,2500,2026-08-08 20:00,IMPS,
T01084,XXXX3363,Bharath Subramaniam,XXXX2646,Jagan Natarajan,4000,2026-08-10 20:00,NEFT,
T01085,XXXX3363,Bharath Subramaniam,XXXX6813,Anand Ramaswamy,7500,2026-08-13 12:00,NEFT,
T01086,XXXX9446,Ganesh Bose,XXXX6085,Jagan Gupta,1200,2026-08-01 20:00,NEFT,
T01087,XXXX9446,Ganesh Bose,XXXX9824,Thiru Sundaram,4000,2026-08-04 18:00,IMPS,
T01088,XXXX9446,Ganesh Bose,XXXX6085,Jagan Gupta,7500,2026-08-06 19:00,NEFT,
T01089,XXXX9446,Ganesh Bose,XXXX9824,Thiru Sundaram,1200,2026-08-07 14:00,NEFT,
T01090,XXXX9446,Ganesh Bose,XXXX9824,Thiru Sundaram,2500,2026-08-08 09:00,NEFT,
T01091,XXXX9446,Ganesh Bose,XXXX6085,Jagan Gupta,2500,2026-08-09 17:00,IMPS,
T01092,XXXX9446,Ganesh Bose,XXXX9824,Thiru Sundaram,2500,2026-08-11 19:00,IMPS,
T01093,XXXX8780,Ravi Gupta,XXXX6213,Eswar Ramaswamy,1200,2026-08-02 16:00,IMPS,
T01094,XXXX8780,Ravi Gupta,XXXX2129,Karthik Das,500,2026-08-03 17:00,UPI,
T01095,XXXX8780,Ravi Gupta,XXXX6213,Eswar Ramaswamy,10000,2026-08-06 15:00,IMPS,
T01096,XXXX8780,Ravi Gupta,XXXX4119,Bharath Menon,1200,2026-08-09 13:00,NEFT,
T01097,XXXX8780,Ravi Gupta,XXXX4119,Bharath Menon,500,2026-08-11 19:00,NEFT,
T01098,XXXX8780,Ravi Gupta,XXXX6213,Eswar Ramaswamy,10000,2026-08-12 13:00,UPI,
T01099,XXXX8780,Ravi Gupta,XXXX6213,Eswar Ramaswamy,7500,2026-08-13 17:00,UPI,
T01100,XXXX8780,Ravi Gupta,XXXX3363,Bharath Subramaniam,7500,2026-08-14 19:00,NEFT,
T01101,XXXX8871,Rahul Singh,XXXX2354,Madhavan Venkatesh,7500,2026-08-01 20:00,UPI,
T01102,XXXX8871,Rahul Singh,XXXX4144,Pandi Pillai,4000,2026-08-02 17:00,IMPS,
T01103,XXXX8871,Rahul Singh,XXXX1152,Kumar Achari,10000,2026-08-03 18:00,UPI,
T01104,XXXX8871,Rahul Singh,XXXX3037,Sanjay Chandran,7500,2026-08-04 20:00,UPI,
T01105,XXXX8871,Rahul Singh,XXXX4144,Pandi Pillai,10000,2026-08-05 16:00,NEFT,
T01106,XXXX8871,Rahul Singh,XXXX2354,Madhavan Venkatesh,2500,2026-08-06 10:00,IMPS,
T01107,XXXX8871,Rahul Singh,XXXX1152,Kumar Achari,4000,2026-08-08 09:00,UPI,
T01108,XXXX8871,Rahul Singh,XXXX2354,Madhavan Venkatesh,1200,2026-08-10 20:00,NEFT,
T01109,XXXX8871,Rahul Singh,XXXX2821,Arjun Natarajan,2500,2026-08-11 10:00,IMPS,
T01110,XXXX8871,Rahul Singh,XXXX4144,Pandi Pillai,2500,2026-08-12 17:00,IMPS,
T01111,XXXX8871,Rahul Singh,XXXX9882,Unknown / Unlinked,350000,2026-08-12 19:00,IMPS,SUSPICIOUS_LARGE_TRANSFER
T01112,XXXX7861,Naveen Murthy,XXXX3007,Kumar Gowda,10000,2026-08-03 18:00,UPI,
T01113,XXXX7861,Naveen Murthy,XXXX4833,Ashok Nair,4000,2026-08-04 09:00,NEFT,
T01114,XXXX7861,Naveen Murthy,XXXX2122,Suresh Balakrishnan,10000,2026-08-06 16:00,IMPS,
T01115,XXXX7861,Naveen Murthy,XXXX2122,Suresh Balakrishnan,1200,2026-08-07 11:00,NEFT,
T01116,XXXX7861,Naveen Murthy,XXXX3007,Kumar Gowda,1200,2026-08-09 15:00,IMPS,
T01117,XXXX7861,Naveen Murthy,XXXX3007,Kumar Gowda,2500,2026-08-11 15:00,NEFT,
T01118,XXXX7861,Naveen Murthy,XXXX2122,Suresh Balakrishnan,4000,2026-08-13 20:00,UPI,
T01119,XXXX7861,Naveen Murthy,XXXX4833,Ashok Nair,4000,2026-08-14 14:00,NEFT,
T01120,XXXX9609,Ashok Krishnan,XXXX3780,Arun Verma,500,2026-08-03 13:00,IMPS,
T01121,XXXX9609,Ashok Krishnan,XXXX7065,Omkar Iyer,1200,2026-08-04 14:00,IMPS,
T01122,XXXX9609,Ashok Krishnan,XXXX7065,Omkar Iyer,4000,2026-08-05 14:00,UPI,
T01123,XXXX9609,Ashok Krishnan,XXXX3780,Arun Verma,10000,2026-08-07 18:00,IMPS,
T01124,XXXX9609,Ashok Krishnan,XXXX7065,Omkar Iyer,2500,2026-08-10 19:00,UPI,
T01125,XXXX4684,Prakash Subramaniam,XXXX3780,Arun Verma,500,2026-08-02 17:00,NEFT,
T01126,XXXX4684,Prakash Subramaniam,XXXX9179,Thiru Ramaswamy,1200,2026-08-04 16:00,NEFT,
T01127,XXXX4684,Prakash Subramaniam,XXXX3845,Unknown / Unlinked,350000,2026-08-06 19:00,IMPS,SUSPICIOUS_LARGE_TRANSFER
T01128,XXXX4684,Prakash Subramaniam,XXXX3845,Unknown / Unlinked,500000,2026-08-06 23:00,IMPS,SUSPICIOUS_LARGE_TRANSFER
T01129,XXXX6654,Ramesh Natarajan,XXXX8702,Lokesh Velu,500,2026-08-01 09:00,UPI,
T01130,XXXX6654,Ramesh Natarajan,XXXX8702,Lokesh Velu,1200,2026-08-04 19:00,NEFT,
T01131,XXXX6654,Ramesh Natarajan,XXXX8702,Lokesh Velu,500,2026-08-05 18:00,IMPS,
T01132,XXXX6654,Ramesh Natarajan,XXXX8702,Lokesh Velu,1200,2026-08-07 16:00,NEFT,
T01133,XXXX6654,Ramesh Natarajan,XXXX9151,Thiru Sharma,1200,2026-08-09 16:00,UPI,
T01134,XXXX6654,Ramesh Natarajan,XXXX8702,Lokesh Velu,4000,2026-08-11 09:00,UPI,
T01135,XXXX6654,Ramesh Natarajan,XXXX8702,Lokesh Velu,1200,2026-08-12 14:00,NEFT,
T01136,XXXX6654,Ramesh Natarajan,XXXX8702,Lokesh Velu,4000,2026-08-13 17:00,IMPS,
T01137,XXXX9824,Thiru Sundaram,XXXX7225,Elango Krishnan,1200,2026-08-01 13:00,UPI,
T01138,XXXX9824,Thiru Sundaram,XXXX5961,Naveen Nair,10000,2026-08-06 16:00,UPI,
T01139,XXXX9824,Thiru Sundaram,XXXX7225,Elango Krishnan,2500,2026-08-11 18:00,IMPS,
T01140,XXXX1860,Dinesh Achari,XXXX8532,Prakash Patel,2500,2026-08-02 12:00,NEFT,
T01141,XXXX1860,Dinesh Achari,XXXX3198,Prakash Achari,4000,2026-08-04 14:00,NEFT,
T01142,XXXX1860,Dinesh Achari,XXXX3198,Prakash Achari,1200,2026-08-05 14:00,NEFT,
T01143,XXXX1860,Dinesh Achari,XXXX3541,Arun Ramaswamy,10000,2026-08-10 20:00,NEFT,
T01144,XXXX5706,Manoj Krishnan,XXXX7135,Gopal Natarajan,2500,2026-08-01 15:00,UPI,
T01145,XXXX5706,Manoj Krishnan,XXXX4249,Naveen Bose,1200,2026-08-02 09:00,IMPS,
T01146,XXXX5706,Manoj Krishnan,XXXX1508,Sabari Venkatesh,500,2026-08-03 13:00,IMPS,
T01147,XXXX5706,Manoj Krishnan,XXXX4249,Naveen Bose,1200,2026-08-04 09:00,IMPS,
T01148,XXXX5706,Manoj Krishnan,XXXX7135,Gopal Natarajan,2500,2026-08-06 16:00,NEFT,
T01149,XXXX5706,Manoj Krishnan,XXXX4249,Naveen Bose,10000,2026-08-11 10:00,NEFT,
T01150,XXXX5706,Manoj Krishnan,XXXX2891,Ramesh Nair,1200,2026-08-14 20:00,UPI,
T01151,XXXX9116,Kumar Verma,XXXX6123,Dinesh Subramaniam,1200,2026-08-01 13:00,NEFT,
T01152,XXXX9116,Kumar Verma,XXXX6123,Dinesh Subramaniam,7500,2026-08-07 14:00,UPI,
T01153,XXXX9116,Kumar Verma,XXXX6123,Dinesh Subramaniam,500,2026-08-08 20:00,UPI,
T01154,XXXX9116,Kumar Verma,XXXX9180,Rahul Pillai,10000,2026-08-09 10:00,NEFT,
T01155,XXXX9116,Kumar Verma,XXXX9180,Rahul Pillai,500,2026-08-12 13:00,IMPS,
T01156,XXXX3198,Prakash Achari,XXXX4269,Selvam Kumar,10000,2026-08-06 19:00,IMPS,
T01157,XXXX3198,Prakash Achari,XXXX5914,Ilango Murthy,7500,2026-08-07 16:00,NEFT,
T01158,XXXX3198,Prakash Achari,XXXX5914,Ilango Murthy,500,2026-08-09 13:00,IMPS,
T01159,XXXX3198,Prakash Achari,XXXX4269,Selvam Kumar,10000,2026-08-11 15:00,IMPS,
T01160,XXXX3198,Prakash Achari,XXXX5914,Ilango Murthy,10000,2026-08-13 20:00,IMPS,
T01161,XXXX7643,Dinesh Rao,XXXX9882,Eswar Pandian,4000,2026-08-01 12:00,UPI,
T01162,XXXX7643,Dinesh Rao,XXXX9882,Eswar Pandian,1200,2026-08-07 15:00,NEFT,
T01163,XXXX7643,Dinesh Rao,XXXX3549,Rajesh Murthy,7500,2026-08-08 16:00,NEFT,
T01164,XXXX7643,Dinesh Rao,XXXX3093,Deepak Das,1200,2026-08-09 15:00,UPI,
T01165,XXXX7643,Dinesh Rao,XXXX9882,Eswar Pandian,500,2026-08-11 12:00,UPI,
T01166,XXXX7284,Raja Murthy,XXXX6085,Jagan Gupta,1200,2026-08-02 19:00,UPI,
T01167,XXXX7284,Raja Murthy,XXXX6654,Ramesh Natarajan,10000,2026-08-04 10:00,NEFT,
T01168,XXXX7284,Raja Murthy,XXXX6654,Ramesh Natarajan,2500,2026-08-05 09:00,UPI,
T01169,XXXX7284,Raja Murthy,XXXX8780,Ravi Gupta,10000,2026-08-06 16:00,IMPS,
T01170,XXXX7284,Raja Murthy,XXXX6085,Jagan Gupta,500,2026-08-09 15:00,NEFT,
T01171,XXXX7284,Raja Murthy,XXXX6654,Ramesh Natarajan,4000,2026-08-10 17:00,UPI,
T01172,XXXX7284,Raja Murthy,XXXX6085,Jagan Gupta,1200,2026-08-13 18:00,IMPS,
T01173,XXXX7284,Raja Murthy,XXXX8780,Ravi Gupta,7500,2026-08-14 14:00,IMPS,
T01174,XXXX8625,Anand Subramaniam,XXXX2503,Prakash Pillai,500,2026-08-01 20:00,NEFT,
T01175,XXXX8625,Anand Subramaniam,XXXX9548,Bharath Pandian,7500,2026-08-03 19:00,UPI,
T01176,XXXX8625,Anand Subramaniam,XXXX2503,Prakash Pillai,10000,2026-08-04 19:00,NEFT,
T01177,XXXX8625,Anand Subramaniam,XXXX9548,Bharath Pandian,1200,2026-08-05 20:00,NEFT,
T01178,XXXX8625,Anand Subramaniam,XXXX2503,Prakash Pillai,7500,2026-08-06 09:00,IMPS,
T01179,XXXX8625,Anand Subramaniam,XXXX9548,Bharath Pandian,4000,2026-08-07 13:00,UPI,
T01180,XXXX8625,Anand Subramaniam,XXXX2503,Prakash Pillai,7500,2026-08-10 15:00,UPI,
T01181,XXXX8625,Anand Subramaniam,XXXX9548,Bharath Pandian,500,2026-08-11 13:00,IMPS,
T01182,XXXX8625,Anand Subramaniam,XXXX9548,Bharath Pandian,500,2026-08-12 10:00,UPI,
T01183,XXXX8625,Anand Subramaniam,XXXX2503,Prakash Pillai,4000,2026-08-14 13:00,IMPS,
T01184,XXXX8625,Anand Subramaniam,XXXX7220,Unknown / Unlinked,200000,2026-08-07 23:00,IMPS,SUSPICIOUS_LARGE_TRANSFER
T01185,XXXX8625,Anand Subramaniam,XXXX7220,Unknown / Unlinked,750000,2026-08-07 19:00,IMPS,SUSPICIOUS_LARGE_TRANSFER
T01186,XXXX8625,Anand Subramaniam,XXXX7220,Unknown / Unlinked,150000,2026-08-07 23:00,IMPS,SUSPICIOUS_LARGE_TRANSFER
T01187,XXXX3509,Senthil Nair,XXXX3093,Deepak Das,7500,2026-08-01 17:00,NEFT,
T01188,XXXX3509,Senthil Nair,XXXX9653,Kannan Balakrishnan,7500,2026-08-02 11:00,NEFT,
T01189,XXXX3509,Senthil Nair,XXXX3093,Deepak Das,4000,2026-08-04 19:00,UPI,
T01190,XXXX3509,Senthil Nair,XXXX3828,Sathish Ramaswamy,1200,2026-08-05 17:00,IMPS,
T01191,XXXX3509,Senthil Nair,XXXX3828,Sathish Ramaswamy,500,2026-08-08 17:00,IMPS,
T01192,XXXX3509,Senthil Nair,XXXX3828,Sathish Ramaswamy,4000,2026-08-09 13:00,UPI,
T01193,XXXX3509,Senthil Nair,XXXX9653,Kannan Balakrishnan,500,2026-08-10 11:00,IMPS,
T01194,XXXX3509,Senthil Nair,XXXX3093,Deepak Das,4000,2026-08-11 16:00,UPI,
T01195,XXXX3509,Senthil Nair,XXXX3093,Deepak Das,2500,2026-08-12 12:00,UPI,
T01196,XXXX3509,Senthil Nair,XXXX9653,Kannan Balakrishnan,2500,2026-08-13 13:00,UPI,
T01197,XXXX3509,Senthil Nair,XXXX3828,Sathish Ramaswamy,2500,2026-08-14 16:00,UPI,
T01198,XXXX9653,Kannan Balakrishnan,XXXX8967,Lokesh Natarajan,500,2026-08-01 14:00,NEFT,
T01199,XXXX9653,Kannan Balakrishnan,XXXX2625,Harish Bose,7500,2026-08-02 17:00,UPI,
T01200,XXXX9653,Kannan Balakrishnan,XXXX8433,Deepak Gupta,500,2026-08-04 16:00,UPI,
T01201,XXXX9653,Kannan Balakrishnan,XXXX2625,Harish Bose,10000,2026-08-06 13:00,NEFT,
T01202,XXXX9653,Kannan Balakrishnan,XXXX8433,Deepak Gupta,1200,2026-08-07 19:00,NEFT,
T01203,XXXX9653,Kannan Balakrishnan,XXXX8433,Deepak Gupta,500,2026-08-11 12:00,IMPS,
T01204,XXXX6375,Omkar Singh,XXXX1152,Kumar Achari,2500,2026-08-02 18:00,IMPS,
T01205,XXXX6375,Omkar Singh,XXXX7225,Elango Krishnan,10000,2026-08-03 15:00,UPI,
T01206,XXXX6375,Omkar Singh,XXXX8055,Harish Sharma,7500,2026-08-05 12:00,IMPS,
T01207,XXXX6375,Omkar Singh,XXXX7225,Elango Krishnan,4000,2026-08-08 19:00,UPI,
T01208,XXXX6375,Omkar Singh,XXXX8055,Harish Sharma,2500,2026-08-09 09:00,UPI,
T01209,XXXX6375,Omkar Singh,XXXX4737,Vijay Venkatesh,7500,2026-08-11 18:00,NEFT,
T01210,XXXX6375,Omkar Singh,XXXX1843,Unknown / Unlinked,200000,2026-08-07 19:00,IMPS,SUSPICIOUS_LARGE_TRANSFER
T01211,XXXX6375,Omkar Singh,XXXX1843,Unknown / Unlinked,200000,2026-08-07 21:00,IMPS,SUSPICIOUS_LARGE_TRANSFER
T01212,XXXX6375,Omkar Singh,XXXX1843,Unknown / Unlinked,500000,2026-08-07 21:00,IMPS,SUSPICIOUS_LARGE_TRANSFER
T01213,XXXX8484,Chandran Subramaniam,XXXX9179,Thiru Ramaswamy,2500,2026-08-05 18:00,UPI,
T01214,XXXX8484,Chandran Subramaniam,XXXX9179,Thiru Ramaswamy,500,2026-08-06 10:00,IMPS,
T01215,XXXX8484,Chandran Subramaniam,XXXX1027,Pandi Sundaram,500,2026-08-09 17:00,IMPS,
T01216,XXXX8484,Chandran Subramaniam,XXXX7697,Prakash Sharma,1200,2026-08-10 20:00,UPI,
T01217,XXXX8484,Chandran Subramaniam,XXXX9179,Thiru Ramaswamy,4000,2026-08-13 16:00,NEFT,
T01218,XXXX8484,Chandran Subramaniam,XXXX7697,Prakash Sharma,7500,2026-08-14 16:00,UPI,
T01219,XXXX7941,Farook Sharma,XXXX8780,Ravi Gupta,10000,2026-08-01 10:00,NEFT,
T01220,XXXX7941,Farook Sharma,XXXX4068,Rahul Pandian,1200,2026-08-02 18:00,UPI,
T01221,XXXX7941,Farook Sharma,XXXX8780,Ravi Gupta,500,2026-08-03 11:00,UPI,
T01222,XXXX7941,Farook Sharma,XXXX4068,Rahul Pandian,500,2026-08-05 17:00,NEFT,
T01223,XXXX7941,Farook Sharma,XXXX4068,Rahul Pandian,1200,2026-08-06 13:00,UPI,
T01224,XXXX7941,Farook Sharma,XXXX4068,Rahul Pandian,2500,2026-08-10 20:00,NEFT,
T01225,XXXX7941,Farook Sharma,XXXX4068,Rahul Pandian,10000,2026-08-11 16:00,IMPS,
T01226,XXXX7941,Farook Sharma,XXXX8780,Ravi Gupta,10000,2026-08-12 17:00,UPI,
T01227,XXXX7941,Farook Sharma,XXXX4068,Rahul Pandian,7500,2026-08-13 12:00,NEFT,
T01228,XXXX7941,Farook Sharma,XXXX4068,Rahul Pandian,2500,2026-08-14 10:00,NEFT,
T01229,XXXX7135,Gopal Natarajan,XXXX8267,Vijay Bose,10000,2026-08-02 11:00,NEFT,
T01230,XXXX7135,Gopal Natarajan,XXXX8267,Vijay Bose,10000,2026-08-04 13:00,IMPS,
T01231,XXXX7135,Gopal Natarajan,XXXX9565,Harish Iyer,500,2026-08-06 09:00,IMPS,
T01232,XXXX7135,Gopal Natarajan,XXXX8267,Vijay Bose,500,2026-08-08 11:00,UPI,
T01233,XXXX7135,Gopal Natarajan,XXXX1762,Aravind Gowda,2500,2026-08-09 09:00,IMPS,
T01234,XXXX7135,Gopal Natarajan,XXXX1762,Aravind Gowda,1200,2026-08-14 09:00,IMPS,
T01235,XXXX4648,Elango Subramaniam,XXXX5982,Madhavan Murthy,2500,2026-08-01 09:00,NEFT,
T01236,XXXX4648,Elango Subramaniam,XXXX8905,Eswar Krishnan,1200,2026-08-02 11:00,IMPS,
T01237,XXXX4648,Elango Subramaniam,XXXX8905,Eswar Krishnan,2500,2026-08-05 13:00,IMPS,
T01238,XXXX4648,Elango Subramaniam,XXXX7532,Bharath Bose,2500,2026-08-06 20:00,IMPS,
T01239,XXXX4648,Elango Subramaniam,XXXX4974,Sabari Das,10000,2026-08-09 10:00,NEFT,
T01240,XXXX4648,Elango Subramaniam,XXXX7532,Bharath Bose,1200,2026-08-10 13:00,IMPS,
T01241,XXXX4648,Elango Subramaniam,XXXX7532,Bharath Bose,10000,2026-08-11 18:00,UPI,
T01242,XXXX4648,Elango Subramaniam,XXXX7532,Bharath Bose,500,2026-08-12 15:00,NEFT,
T01243,XXXX4648,Elango Subramaniam,XXXX5982,Madhavan Murthy,10000,2026-08-13 10:00,IMPS,
T01244,XXXX3541,Arun Ramaswamy,XXXX2259,Karthik Menon,7500,2026-08-01 10:00,NEFT,
T01245,XXXX3541,Arun Ramaswamy,XXXX9254,Suresh Patel,7500,2026-08-02 09:00,UPI,
T01246,XXXX3541,Arun Ramaswamy,XXXX9254,Suresh Patel,4000,2026-08-03 19:00,NEFT,
T01247,XXXX3541,Arun Ramaswamy,XXXX2958,Gopal Krishnan,1200,2026-08-05 10:00,IMPS,
T01248,XXXX3541,Arun Ramaswamy,XXXX2958,Gopal Krishnan,2500,2026-08-07 13:00,NEFT,
T01249,XXXX3541,Arun Ramaswamy,XXXX2259,Karthik Menon,10000,2026-08-09 15:00,IMPS,
T01250,XXXX3541,Arun Ramaswamy,XXXX9254,Suresh Patel,10000,2026-08-14 17:00,IMPS,
T01251,XXXX1797,Pandi Ramaswamy,XXXX6421,Kumar Shetty,2500,2026-08-01 19:00,IMPS,
T01252,XXXX1797,Pandi Ramaswamy,XXXX6421,Kumar Shetty,7500,2026-08-02 15:00,UPI,
T01253,XXXX1797,Pandi Ramaswamy,XXXX6421,Kumar Shetty,7500,2026-08-06 11:00,IMPS,
T01254,XXXX1797,Pandi Ramaswamy,XXXX6421,Kumar Shetty,4000,2026-08-07 12:00,UPI,
T01255,XXXX1797,Pandi Ramaswamy,XXXX6421,Kumar Shetty,10000,2026-08-08 14:00,IMPS,
T01256,XXXX1797,Pandi Ramaswamy,XXXX8967,Lokesh Natarajan,1200,2026-08-10 10:00,NEFT,
T01257,XXXX1797,Pandi Ramaswamy,XXXX8967,Lokesh Natarajan,1200,2026-08-11 16:00,UPI,
T01258,XXXX1797,Pandi Ramaswamy,XXXX8967,Lokesh Natarajan,10000,2026-08-12 18:00,UPI,
T01259,XXXX1797,Pandi Ramaswamy,XXXX8967,Lokesh Natarajan,4000,2026-08-13 15:00,UPI,
T01260,XXXX6224,Anand Balakrishnan,XXXX7172,Ganesh Menon,10000,2026-08-03 11:00,UPI,
T01261,XXXX6224,Anand Balakrishnan,XXXX2160,Rahul Das,4000,2026-08-04 18:00,UPI,
T01262,XXXX6224,Anand Balakrishnan,XXXX7172,Ganesh Menon,10000,2026-08-07 12:00,UPI,
T01263,XXXX6224,Anand Balakrishnan,XXXX2160,Rahul Das,4000,2026-08-08 16:00,NEFT,
T01264,XXXX6224,Anand Balakrishnan,XXXX7172,Ganesh Menon,4000,2026-08-10 15:00,UPI,
T01265,XXXX6224,Anand Balakrishnan,XXXX9882,Eswar Pandian,2500,2026-08-11 09:00,IMPS,
T01266,XXXX6224,Anand Balakrishnan,XXXX7172,Ganesh Menon,10000,2026-08-12 15:00,UPI,
T01267,XXXX6224,Anand Balakrishnan,XXXX7043,Anand Rao,7500,2026-08-14 10:00,IMPS,
T01268,XXXX6224,Anand Balakrishnan,XXXX4913,Unknown / Unlinked,150000,2026-08-10 23:00,IMPS,SUSPICIOUS_LARGE_TRANSFER
T01269,XXXX6224,Anand Balakrishnan,XXXX4913,Unknown / Unlinked,500000,2026-08-10 23:00,IMPS,SUSPICIOUS_LARGE_TRANSFER
T01270,XXXX7999,Farook Bose,XXXX1508,Sabari Venkatesh,1200,2026-08-02 09:00,UPI,
T01271,XXXX7999,Farook Bose,XXXX1508,Sabari Venkatesh,2500,2026-08-03 18:00,IMPS,
T01272,XXXX7999,Farook Bose,XXXX9565,Harish Iyer,7500,2026-08-08 20:00,IMPS,
T01273,XXXX7999,Farook Bose,XXXX9565,Harish Iyer,2500,2026-08-10 11:00,IMPS,
T01274,XXXX7999,Farook Bose,XXXX9565,Harish Iyer,7500,2026-08-13 17:00,IMPS,
T01275,XXXX7999,Farook Bose,XXXX7252,Vijay Patel,4000,2026-08-14 09:00,NEFT,
T01276,XXXX9813,Eswar Raj,XXXX6374,Sathish Chandran,500,2026-08-01 16:00,NEFT,
T01277,XXXX9813,Eswar Raj,XXXX8871,Rahul Singh,1200,2026-08-02 11:00,NEFT,
T01278,XXXX9813,Eswar Raj,XXXX6374,Sathish Chandran,2500,2026-08-04 16:00,NEFT,
T01279,XXXX9813,Eswar Raj,XXXX5469,Harish Patel,1200,2026-08-05 12:00,UPI,
T01280,XXXX9813,Eswar Raj,XXXX8871,Rahul Singh,1200,2026-08-08 09:00,NEFT,
T01281,XXXX9813,Eswar Raj,XXXX7697,Prakash Sharma,500,2026-08-11 19:00,NEFT,
T01282,XXXX9813,Eswar Raj,XXXX8871,Rahul Singh,1200,2026-08-12 17:00,NEFT,
T01283,XXXX5177,Vijay Verma,XXXX6573,Anand Sundaram,7500,2026-08-01 20:00,UPI,
T01284,XXXX5177,Vijay Verma,XXXX3815,Karthik Gowda,2500,2026-08-03 18:00,UPI,
T01285,XXXX5177,Vijay Verma,XXXX3815,Karthik Gowda,10000,2026-08-04 19:00,NEFT,
T01286,XXXX5177,Vijay Verma,XXXX3815,Karthik Gowda,10000,2026-08-10 19:00,IMPS,
T01287,XXXX5177,Vijay Verma,XXXX6573,Anand Sundaram,10000,2026-08-14 18:00,IMPS,
T01288,XXXX4082,Mahesh Gupta,XXXX6224,Anand Balakrishnan,1200,2026-08-02 12:00,UPI,
T01289,XXXX4082,Mahesh Gupta,XXXX6224,Anand Balakrishnan,2500,2026-08-03 11:00,IMPS,
T01290,XXXX4082,Mahesh Gupta,XXXX2524,Ravi Iyer,7500,2026-08-05 13:00,UPI,
T01291,XXXX4082,Mahesh Gupta,XXXX2524,Ravi Iyer,2500,2026-08-07 14:00,IMPS,
T01292,XXXX4082,Mahesh Gupta,XXXX6224,Anand Balakrishnan,1200,2026-08-08 11:00,IMPS,
T01293,XXXX4082,Mahesh Gupta,XXXX3549,Rajesh Murthy,1200,2026-08-12 19:00,UPI,
T01294,XXXX4974,Sabari Das,XXXX3509,Senthil Nair,2500,2026-08-01 10:00,NEFT,
T01295,XXXX4974,Sabari Das,XXXX1090,Anand Raj,4000,2026-08-03 17:00,NEFT,
T01296,XXXX4974,Sabari Das,XXXX1860,Dinesh Achari,500,2026-08-06 10:00,NEFT,
T01297,XXXX4974,Sabari Das,XXXX8632,Karthik Verma,7500,2026-08-08 14:00,NEFT,
T01298,XXXX4974,Sabari Das,XXXX1090,Anand Raj,10000,2026-08-14 17:00,UPI,
T01299,XXXX6892,Omkar Rao,XXXX6374,Sathish Chandran,10000,2026-08-01 14:00,UPI,
T01300,XXXX6892,Omkar Rao,XXXX6374,Sathish Chandran,10000,2026-08-02 10:00,UPI,
T01301,XXXX6892,Omkar Rao,XXXX6374,Sathish Chandran,10000,2026-08-04 16:00,IMPS,
T01302,XXXX6892,Omkar Rao,XXXX6374,Sathish Chandran,7500,2026-08-05 17:00,UPI,
T01303,XXXX6892,Omkar Rao,XXXX6763,Devan Subramaniam,4000,2026-08-07 14:00,IMPS,
T01304,XXXX6892,Omkar Rao,XXXX6763,Devan Subramaniam,2500,2026-08-08 19:00,IMPS,
T01305,XXXX6892,Omkar Rao,XXXX6374,Sathish Chandran,1200,2026-08-09 19:00,UPI,
T01306,XXXX6892,Omkar Rao,XXXX6374,Sathish Chandran,1200,2026-08-10 19:00,IMPS,
T01307,XXXX6892,Omkar Rao,XXXX6374,Sathish Chandran,7500,2026-08-11 11:00,IMPS,
T01308,XXXX6892,Omkar Rao,XXXX6763,Devan Subramaniam,10000,2026-08-13 16:00,NEFT,
T01309,XXXX6892,Omkar Rao,XXXX6374,Sathish Chandran,1200,2026-08-14 11:00,UPI,
T01310,XXXX3390,Bharath Shetty,XXXX1474,Eswar Singh,1200,2026-08-01 13:00,NEFT,
T01311,XXXX3390,Bharath Shetty,XXXX5177,Vijay Verma,500,2026-08-02 17:00,NEFT,
T01312,XXXX3390,Bharath Shetty,XXXX5177,Vijay Verma,7500,2026-08-04 15:00,NEFT,
T01313,XXXX3390,Bharath Shetty,XXXX1474,Eswar Singh,10000,2026-08-06 14:00,UPI,
T01314,XXXX3390,Bharath Shetty,XXXX5177,Vijay Verma,1200,2026-08-08 13:00,UPI,
T01315,XXXX3390,Bharath Shetty,XXXX7818,Karthik Mohan,2500,2026-08-09 16:00,NEFT,
T01316,XXXX3390,Bharath Shetty,XXXX7818,Karthik Mohan,7500,2026-08-12 09:00,NEFT,
T01317,XXXX3390,Bharath Shetty,XXXX5177,Vijay Verma,4000,2026-08-13 11:00,IMPS,
T01318,XXXX3390,Bharath Shetty,XXXX5177,Vijay Verma,2500,2026-08-14 17:00,NEFT,
T01319,XXXX9180,Rahul Pillai,XXXX1828,Ganesh Rao,7500,2026-08-03 18:00,NEFT,
T01320,XXXX9180,Rahul Pillai,XXXX2958,Gopal Krishnan,1200,2026-08-04 19:00,UPI,
T01321,XXXX9180,Rahul Pillai,XXXX2958,Gopal Krishnan,7500,2026-08-05 10:00,NEFT,
T01322,XXXX9180,Rahul Pillai,XXXX1832,Manoj Balakrishnan,7500,2026-08-06 16:00,NEFT,
T01323,XXXX9180,Rahul Pillai,XXXX1832,Manoj Balakrishnan,1200,2026-08-11 15:00,UPI,
T01324,XXXX9180,Rahul Pillai,XXXX4144,Pandi Pillai,7500,2026-08-12 16:00,UPI,
T01325,XXXX9180,Rahul Pillai,XXXX1828,Ganesh Rao,10000,2026-08-13 19:00,IMPS,
T01326,XXXX9882,Eswar Pandian,XXXX4115,Rahul Venkatesh,500,2026-08-02 16:00,IMPS,
T01327,XXXX9882,Eswar Pandian,XXXX7065,Omkar Iyer,2500,2026-08-03 15:00,NEFT,
T01328,XXXX9882,Eswar Pandian,XXXX4737,Vijay Venkatesh,10000,2026-08-05 14:00,UPI,
T01329,XXXX9882,Eswar Pandian,XXXX9179,Thiru Ramaswamy,1200,2026-08-09 14:00,IMPS,
T01330,XXXX9882,Eswar Pandian,XXXX8632,Karthik Verma,500,2026-08-11 11:00,IMPS,
T01331,XXXX9882,Eswar Pandian,XXXX9179,Thiru Ramaswamy,4000,2026-08-13 17:00,UPI,
T01332,XXXX9882,Eswar Pandian,XXXX4115,Rahul Venkatesh,2500,2026-08-14 11:00,IMPS,
T01333,XXXX4583,Kishore Sharma,XXXX3509,Senthil Nair,10000,2026-08-03 20:00,IMPS,
T01334,XXXX4583,Kishore Sharma,XXXX3509,Senthil Nair,2500,2026-08-04 09:00,IMPS,
T01335,XXXX4583,Kishore Sharma,XXXX3509,Senthil Nair,7500,2026-08-05 14:00,NEFT,
T01336,XXXX4583,Kishore Sharma,XXXX2592,Ilango Menon,4000,2026-08-07 15:00,NEFT,
T01337,XXXX4583,Kishore Sharma,XXXX2592,Ilango Menon,10000,2026-08-08 18:00,NEFT,
T01338,XXXX4583,Kishore Sharma,XXXX3509,Senthil Nair,1200,2026-08-09 17:00,IMPS,
T01339,XXXX4583,Kishore Sharma,XXXX3509,Senthil Nair,500,2026-08-10 18:00,IMPS,
T01340,XXXX4583,Kishore Sharma,XXXX2592,Ilango Menon,1200,2026-08-11 09:00,NEFT,
T01341,XXXX4583,Kishore Sharma,XXXX2592,Ilango Menon,10000,2026-08-14 20:00,NEFT,
T01342,XXXX9673,Hari Sharma,XXXX5914,Ilango Murthy,500,2026-08-01 09:00,NEFT,
T01343,XXXX9673,Hari Sharma,XXXX9977,Kumar Mohan,10000,2026-08-03 12:00,IMPS,
T01344,XXXX9673,Hari Sharma,XXXX9116,Kumar Verma,500,2026-08-08 18:00,IMPS,
T01345,XXXX9673,Hari Sharma,XXXX9977,Kumar Mohan,2500,2026-08-09 18:00,NEFT,
T01346,XXXX9673,Hari Sharma,XXXX5914,Ilango Murthy,7500,2026-08-12 11:00,UPI,
T01347,XXXX4144,Pandi Pillai,XXXX4119,Bharath Menon,7500,2026-08-01 12:00,IMPS,
T01348,XXXX4144,Pandi Pillai,XXXX1228,Rajesh Gowda,4000,2026-08-04 18:00,IMPS,
T01349,XXXX4144,Pandi Pillai,XXXX1228,Rajesh Gowda,1200,2026-08-05 19:00,NEFT,
T01350,XXXX4144,Pandi Pillai,XXXX1228,Rajesh Gowda,7500,2026-08-06 14:00,IMPS,
T01351,XXXX4144,Pandi Pillai,XXXX4119,Bharath Menon,2500,2026-08-07 20:00,IMPS,
T01352,XXXX4144,Pandi Pillai,XXXX1228,Rajesh Gowda,4000,2026-08-08 14:00,UPI,
T01353,XXXX4144,Pandi Pillai,XXXX1860,Dinesh Achari,4000,2026-08-12 11:00,UPI,
T01354,XXXX4144,Pandi Pillai,XXXX1228,Rajesh Gowda,1200,2026-08-13 17:00,IMPS,
T01355,XXXX5914,Ilango Murthy,XXXX5469,Harish Patel,500,2026-08-01 12:00,IMPS,
T01356,XXXX5914,Ilango Murthy,XXXX9254,Suresh Patel,7500,2026-08-02 09:00,IMPS,
T01357,XXXX5914,Ilango Murthy,XXXX5469,Harish Patel,1200,2026-08-04 17:00,UPI,
T01358,XXXX5914,Ilango Murthy,XXXX9254,Suresh Patel,7500,2026-08-06 13:00,IMPS,
T01359,XXXX5914,Ilango Murthy,XXXX9254,Suresh Patel,7500,2026-08-07 13:00,NEFT,
T01360,XXXX5914,Ilango Murthy,XXXX9224,Siva Shetty,2500,2026-08-08 11:00,NEFT,
T01361,XXXX5914,Ilango Murthy,XXXX9254,Suresh Patel,7500,2026-08-13 10:00,UPI,
T01362,XXXX5914,Ilango Murthy,XXXX9224,Siva Shetty,500,2026-08-14 12:00,NEFT,
T01363,XXXX2354,Madhavan Venkatesh,XXXX1726,Vikram Pandian,500,2026-08-01 09:00,IMPS,
T01364,XXXX2354,Madhavan Venkatesh,XXXX1726,Vikram Pandian,10000,2026-08-02 19:00,NEFT,
T01365,XXXX2354,Madhavan Venkatesh,XXXX7043,Anand Rao,10000,2026-08-03 11:00,NEFT,
T01366,XXXX2354,Madhavan Venkatesh,XXXX7043,Anand Rao,7500,2026-08-04 19:00,UPI,
T01367,XXXX2354,Madhavan Venkatesh,XXXX7043,Anand Rao,7500,2026-08-05 13:00,UPI,
T01368,XXXX2354,Madhavan Venkatesh,XXXX1726,Vikram Pandian,10000,2026-08-07 18:00,NEFT,
T01369,XXXX2354,Madhavan Venkatesh,XXXX7043,Anand Rao,10000,2026-08-08 19:00,UPI,
T01370,XXXX2354,Madhavan Venkatesh,XXXX7043,Anand Rao,10000,2026-08-09 10:00,IMPS,
T01371,XXXX2354,Madhavan Venkatesh,XXXX7043,Anand Rao,1200,2026-08-11 20:00,UPI,
T01372,XXXX2354,Madhavan Venkatesh,XXXX1726,Vikram Pandian,1200,2026-08-14 15:00,IMPS,
T01373,XXXX1762,Aravind Gowda,XXXX9698,Nithin Raj,10000,2026-08-02 09:00,NEFT,
T01374,XXXX1762,Aravind Gowda,XXXX5073,Manoj Reddy,10000,2026-08-03 11:00,IMPS,
T01375,XXXX1762,Aravind Gowda,XXXX8385,Kishore Pillai,500,2026-08-04 13:00,UPI,
T01376,XXXX1762,Aravind Gowda,XXXX5073,Manoj Reddy,4000,2026-08-05 19:00,IMPS,
T01377,XXXX1762,Aravind Gowda,XXXX5073,Manoj Reddy,500,2026-08-06 09:00,IMPS,
T01378,XXXX1762,Aravind Gowda,XXXX5073,Manoj Reddy,500,2026-08-07 13:00,UPI,
T01379,XXXX1762,Aravind Gowda,XXXX8385,Kishore Pillai,4000,2026-08-08 09:00,IMPS,
T01380,XXXX1762,Aravind Gowda,XXXX5073,Manoj Reddy,500,2026-08-09 18:00,NEFT,
T01381,XXXX1762,Aravind Gowda,XXXX5073,Manoj Reddy,10000,2026-08-11 20:00,UPI,
T01382,XXXX1762,Aravind Gowda,XXXX9698,Nithin Raj,1200,2026-08-13 20:00,UPI,
T01383,XXXX1762,Aravind Gowda,XXXX5073,Manoj Reddy,500,2026-08-14 09:00,NEFT,
T01384,XXXX1762,Aravind Gowda,XXXX9892,Unknown / Unlinked,200000,2026-08-10 20:00,IMPS,SUSPICIOUS_LARGE_TRANSFER
T01385,XXXX1762,Aravind Gowda,XXXX9892,Unknown / Unlinked,500000,2026-08-10 21:00,IMPS,SUSPICIOUS_LARGE_TRANSFER
T01386,XXXX1762,Aravind Gowda,XXXX9892,Unknown / Unlinked,200000,2026-08-10 20:00,IMPS,SUSPICIOUS_LARGE_TRANSFER
T01387,XXXX2260,Karthik Velu,XXXX4150,Gopal Gowda,1200,2026-08-02 10:00,IMPS,
T01388,XXXX2260,Karthik Velu,XXXX4150,Gopal Gowda,1200,2026-08-04 15:00,IMPS,
T01389,XXXX2260,Karthik Velu,XXXX7054,Kannan Bose,1200,2026-08-08 20:00,UPI,
T01390,XXXX2260,Karthik Velu,XXXX4150,Gopal Gowda,10000,2026-08-09 15:00,IMPS,
T01391,XXXX2260,Karthik Velu,XXXX7054,Kannan Bose,500,2026-08-10 13:00,IMPS,
T01392,XXXX2260,Karthik Velu,XXXX8175,Unknown / Unlinked,750000,2026-08-13 21:00,IMPS,SUSPICIOUS_LARGE_TRANSFER
T01393,XXXX8161,Farook Menon,XXXX2680,Hari Achari,2500,2026-08-01 17:00,IMPS,
T01394,XXXX8161,Farook Menon,XXXX2680,Hari Achari,2500,2026-08-02 14:00,UPI,
T01395,XXXX8161,Farook Menon,XXXX2680,Hari Achari,2500,2026-08-03 10:00,UPI,
T01396,XXXX8161,Farook Menon,XXXX9883,Arun Mohan,2500,2026-08-06 16:00,NEFT,
T01397,XXXX8161,Farook Menon,XXXX3541,Arun Ramaswamy,2500,2026-08-07 15:00,IMPS,
T01398,XXXX8161,Farook Menon,XXXX3541,Arun Ramaswamy,7500,2026-08-08 20:00,NEFT,
T01399,XXXX8161,Farook Menon,XXXX2680,Hari Achari,7500,2026-08-09 17:00,UPI,
T01400,XXXX8161,Farook Menon,XXXX9883,Arun Mohan,500,2026-08-10 10:00,NEFT,
T01401,XXXX8161,Farook Menon,XXXX3541,Arun Ramaswamy,4000,2026-08-11 16:00,IMPS,
T01402,XXXX8161,Farook Menon,XXXX2680,Hari Achari,2500,2026-08-14 10:00,NEFT,
T01403,XXXX4737,Vijay Venkatesh,XXXX2899,Naveen Gupta,1200,2026-08-06 10:00,IMPS,
T01404,XXXX4737,Vijay Venkatesh,XXXX2899,Naveen Gupta,10000,2026-08-09 17:00,UPI,
T01405,XXXX4737,Vijay Venkatesh,XXXX7054,Kannan Bose,4000,2026-08-10 11:00,IMPS,
T01406,XXXX4737,Vijay Venkatesh,XXXX7054,Kannan Bose,500,2026-08-12 16:00,IMPS,
T01407,XXXX4737,Vijay Venkatesh,XXXX6123,Dinesh Subramaniam,2500,2026-08-13 12:00,NEFT,
T01408,XXXX4737,Vijay Venkatesh,XXXX3030,Unknown / Unlinked,350000,2026-08-09 19:00,IMPS,SUSPICIOUS_LARGE_TRANSFER
T01409,XXXX4737,Vijay Venkatesh,XXXX3030,Unknown / Unlinked,500000,2026-08-09 23:00,IMPS,SUSPICIOUS_LARGE_TRANSFER
T01410,XXXX7225,Elango Krishnan,XXXX6085,Jagan Gupta,500,2026-08-01 13:00,IMPS,
T01411,XXXX7225,Elango Krishnan,XXXX6085,Jagan Gupta,1200,2026-08-03 18:00,UPI,
T01412,XXXX7225,Elango Krishnan,XXXX6085,Jagan Gupta,10000,2026-08-06 15:00,NEFT,
T01413,XXXX7225,Elango Krishnan,XXXX6085,Jagan Gupta,1200,2026-08-09 10:00,NEFT,
T01414,XXXX7225,Elango Krishnan,XXXX3541,Arun Ramaswamy,7500,2026-08-11 12:00,NEFT,
T01415,XXXX7225,Elango Krishnan,XXXX6085,Jagan Gupta,4000,2026-08-13 20:00,UPI,
T01416,XXXX2674,Omkar Sundaram,XXXX3129,Karthik Venkatesh,2500,2026-08-03 14:00,UPI,
T01417,XXXX2674,Omkar Sundaram,XXXX3129,Karthik Venkatesh,2500,2026-08-10 20:00,NEFT,
T01418,XXXX2674,Omkar Sundaram,XXXX3129,Karthik Venkatesh,2500,2026-08-13 10:00,UPI,
T01419,XXXX2674,Omkar Sundaram,XXXX6502,Siva Pillai,2500,2026-08-14 09:00,NEFT,
T01420,XXXX2524,Ravi Iyer,XXXX3900,Vikram Shetty,1200,2026-08-04 17:00,NEFT,
T01421,XXXX2524,Ravi Iyer,XXXX7043,Anand Rao,500,2026-08-07 11:00,IMPS,
T01422,XXXX2524,Ravi Iyer,XXXX3900,Vikram Shetty,500,2026-08-08 20:00,IMPS,
T01423,XXXX2524,Ravi Iyer,XXXX3900,Vikram Shetty,10000,2026-08-09 13:00,IMPS,
T01424,XXXX2524,Ravi Iyer,XXXX3900,Vikram Shetty,500,2026-08-10 15:00,NEFT,
T01425,XXXX2524,Ravi Iyer,XXXX7043,Anand Rao,1200,2026-08-12 17:00,NEFT,
T01426,XXXX2524,Ravi Iyer,XXXX7043,Anand Rao,4000,2026-08-13 09:00,UPI,
T01427,XXXX3274,Elango Kumar,XXXX5982,Madhavan Murthy,7500,2026-08-03 20:00,IMPS,
T01428,XXXX3274,Elango Kumar,XXXX3037,Sanjay Chandran,10000,2026-08-04 11:00,IMPS,
T01429,XXXX3274,Elango Kumar,XXXX4937,Sathish Gupta,7500,2026-08-06 13:00,IMPS,
T01430,XXXX3274,Elango Kumar,XXXX5982,Madhavan Murthy,500,2026-08-10 17:00,NEFT,
T01431,XXXX6916,Dinesh Verma,XXXX6461,Thiru Gupta,1200,2026-08-01 10:00,IMPS,
T01432,XXXX6916,Dinesh Verma,XXXX6461,Thiru Gupta,500,2026-08-04 10:00,NEFT,
T01433,XXXX6916,Dinesh Verma,XXXX2891,Ramesh Nair,7500,2026-08-05 18:00,IMPS,
T01434,XXXX6916,Dinesh Verma,XXXX8555,Selvam Das,1200,2026-08-07 19:00,NEFT,
T01435,XXXX6916,Dinesh Verma,XXXX2891,Ramesh Nair,7500,2026-08-10 18:00,UPI,
T01436,XXXX6916,Dinesh Verma,XXXX7818,Karthik Mohan,2500,2026-08-12 15:00,UPI,
T01437,XXXX6916,Dinesh Verma,XXXX2891,Ramesh Nair,7500,2026-08-14 19:00,UPI,
T01438,XXXX7224,Sathish Menon,XXXX2680,Hari Achari,4000,2026-08-02 15:00,NEFT,
T01439,XXXX7224,Sathish Menon,XXXX2680,Hari Achari,2500,2026-08-03 18:00,IMPS,
T01440,XXXX7224,Sathish Menon,XXXX2680,Hari Achari,7500,2026-08-10 18:00,UPI,
T01441,XXXX7224,Sathish Menon,XXXX2680,Hari Achari,4000,2026-08-11 12:00,UPI,
T01442,XXXX7224,Sathish Menon,XXXX8060,Mahesh Das,4000,2026-08-12 19:00,NEFT,
T01443,XXXX7224,Sathish Menon,XXXX2680,Hari Achari,4000,2026-08-13 10:00,IMPS,
T01444,XXXX7224,Sathish Menon,XXXX5147,Unknown / Unlinked,150000,2026-08-13 18:00,IMPS,SUSPICIOUS_LARGE_TRANSFER
T01445,XXXX7224,Sathish Menon,XXXX5147,Unknown / Unlinked,200000,2026-08-13 21:00,IMPS,SUSPICIOUS_LARGE_TRANSFER
T01446,XXXX7224,Sathish Menon,XXXX5147,Unknown / Unlinked,150000,2026-08-13 18:00,IMPS,SUSPICIOUS_LARGE_TRANSFER
T01447,XXXX7524,Bala Subramaniam,XXXX2674,Omkar Sundaram,2500,2026-08-01 17:00,NEFT,
T01448,XXXX7524,Bala Subramaniam,XXXX4937,Sathish Gupta,2500,2026-08-02 19:00,UPI,
T01449,XXXX7524,Bala Subramaniam,XXXX4937,Sathish Gupta,7500,2026-08-04 15:00,UPI,
T01450,XXXX7524,Bala Subramaniam,XXXX3419,Rajesh Gupta,7500,2026-08-06 17:00,UPI,
T01451,XXXX7524,Bala Subramaniam,XXXX2674,Omkar Sundaram,2500,2026-08-08 18:00,NEFT,
T01452,XXXX7524,Bala Subramaniam,XXXX2674,Omkar Sundaram,4000,2026-08-10 19:00,UPI,
T01453,XXXX7524,Bala Subramaniam,XXXX3419,Rajesh Gupta,500,2026-08-11 20:00,UPI,
T01454,XXXX7524,Bala Subramaniam,XXXX4937,Sathish Gupta,7500,2026-08-12 16:00,NEFT,
T01455,XXXX1440,Rajesh Natarajan,XXXX3274,Elango Kumar,10000,2026-08-01 18:00,IMPS,
T01456,XXXX1440,Rajesh Natarajan,XXXX6568,Arjun Menon,4000,2026-08-02 11:00,IMPS,
T01457,XXXX1440,Rajesh Natarajan,XXXX6568,Arjun Menon,7500,2026-08-04 16:00,UPI,
T01458,XXXX1440,Rajesh Natarajan,XXXX3274,Elango Kumar,500,2026-08-07 17:00,IMPS,
T01459,XXXX1440,Rajesh Natarajan,XXXX3274,Elango Kumar,4000,2026-08-08 14:00,UPI,
T01460,XXXX1440,Rajesh Natarajan,XXXX6568,Arjun Menon,2500,2026-08-09 14:00,UPI,
T01461,XXXX1440,Rajesh Natarajan,XXXX6568,Arjun Menon,500,2026-08-10 12:00,UPI,
