call_id,caller_phone,caller_name,receiver_phone,receiver_name,timestamp,duration_sec,tower_location,flag
C00001,9026542351,Gowtham Pillai,9824493534,Manoj Balakrishnan,2026-08-01 17:29,354,Erode-Hub,
C00002,9026542351,Gowtham Pillai,9156149784,Sabari Murthy,2026-08-02 13:15,419,Chennai-Central,
C00003,9026542351,Gowtham Pillai,9938677496,Harish Bose,2026-08-03 09:02,471,Madurai-East,
C00004,9026542351,Gowtham Pillai,9824493534,Manoj Balakrishnan,2026-08-04 08:11,565,Madurai-East,
C00005,9026542351,Gowtham Pillai,9771753556,Bharath Shetty,2026-08-05 21:56,524,Salem-South,
C00006,9026542351,Gowtham Pillai,9156149784,Sabari Murthy,2026-08-05 14:28,559,Salem-South,
C00007,9026542351,Gowtham Pillai,9352181883,Rajesh Gupta,2026-08-06 15:19,410,Salem-South,
C00008,9026542351,Gowtham Pillai,9771753556,Bharath Shetty,2026-08-06 16:54,164,Salem-South,
C00009,9026542351,Gowtham Pillai,9352181883,Rajesh Gupta,2026-08-06 15:36,529,Coimbatore-North,
C00010,9026542351,Gowtham Pillai,9824493534,Manoj Balakrishnan,2026-08-07 07:34,65,Salem-South,
C00011,9026542351,Gowtham Pillai,9824493534,Manoj Balakrishnan,2026-08-07 10:31,115,Erode-Hub,
C00012,9026542351,Gowtham Pillai,9771753556,Bharath Shetty,2026-08-07 09:59,571,Trichy-West,
C00013,9026542351,Gowtham Pillai,9771753556,Bharath Shetty,2026-08-08 17:27,507,Salem-South,
C00014,9026542351,Gowtham Pillai,9938677496,Harish Bose,2026-08-08 10:12,449,Salem-South,
C00015,9026542351,Gowtham Pillai,9771753556,Bharath Shetty,2026-08-09 07:02,218,Coimbatore-North,
C00016,9026542351,Gowtham Pillai,9771753556,Bharath Shetty,2026-08-09 07:43,310,Madurai-East,
C00017,9026542351,Gowtham Pillai,9352181883,Rajesh Gupta,2026-08-10 10:54,542,Salem-South,
C00018,9026542351,Gowtham Pillai,9938677496,Harish Bose,2026-08-10 13:44,563,Trichy-West,
C00019,9026542351,Gowtham Pillai,9824493534,Manoj Balakrishnan,2026-08-11 12:34,229,Erode-Hub,
C00020,9026542351,Gowtham Pillai,9352181883,Rajesh Gupta,2026-08-11 13:33,241,Salem-South,
C00021,9026542351,Gowtham Pillai,9938677496,Harish Bose,2026-08-12 12:20,342,Coimbatore-North,
C00022,9026542351,Gowtham Pillai,9156149784,Sabari Murthy,2026-08-13 11:56,265,Coimbatore-North,
C00023,9026542351,Gowtham Pillai,9824493534,Manoj Balakrishnan,2026-08-14 10:27,451,Salem-South,
C00024,9026542351,Gowtham Pillai,9771753556,Bharath Shetty,2026-08-14 13:25,38,Chennai-Central,
C00025,9594078161,Gopal Gowda,9921249985,Deepak Gupta,2026-08-01 07:02,584,Salem-South,
C00026,9594078161,Gopal Gowda,9466183982,Elango Kumar,2026-08-01 11:12,208,Chennai-Central,
C00027,9594078161,Gopal Gowda,9611836736,Bharath Bose,2026-08-02 16:59,117,Salem-South,
C00028,9594078161,Gopal Gowda,9466183982,Elango Kumar,2026-08-03 09:48,119,Madurai-East,
C00029,9594078161,Gopal Gowda,9569816934,Pandi Sundaram,2026-08-04 18:00,61,Coimbatore-North,
C00030,9594078161,Gopal Gowda,9611836736,Bharath Bose,2026-08-04 20:29,388,Erode-Hub,
C00031,9594078161,Gopal Gowda,9056856624,Eswar Raj,2026-08-05 17:57,106,Erode-Hub,
C00032,9594078161,Gopal Gowda,9899642353,Rahul Pillai,2026-08-06 10:47,183,Trichy-West,
C00033,9594078161,Gopal Gowda,9611836736,Bharath Bose,2026-08-06 17:56,571,Erode-Hub,
C00034,9594078161,Gopal Gowda,9611836736,Bharath Bose,2026-08-07 09:51,369,Madurai-East,
C00035,9594078161,Gopal Gowda,9466183982,Elango Kumar,2026-08-07 10:00,384,Erode-Hub,
C00036,9594078161,Gopal Gowda,9056856624,Eswar Raj,2026-08-07 14:17,326,Madurai-East,
C00037,9594078161,Gopal Gowda,9454990453,Anand Subramaniam,2026-08-08 12:34,98,Trichy-West,
C00038,9594078161,Gopal Gowda,9466183982,Elango Kumar,2026-08-08 13:44,142,Trichy-West,
C00039,9594078161,Gopal Gowda,9056856624,Eswar Raj,2026-08-08 10:39,130,Erode-Hub,
C00040,9594078161,Gopal Gowda,9466183982,Elango Kumar,2026-08-09 19:32,71,Coimbatore-North,
C00041,9594078161,Gopal Gowda,9454990453,Anand Subramaniam,2026-08-09 07:06,284,Madurai-East,
C00042,9594078161,Gopal Gowda,9921249985,Deepak Gupta,2026-08-10 21:51,98,Salem-South,
C00043,9594078161,Gopal Gowda,9056856624,Eswar Raj,2026-08-10 19:59,183,Trichy-West,
C00044,9594078161,Gopal Gowda,9056856624,Eswar Raj,2026-08-11 20:31,450,Madurai-East,
C00045,9594078161,Gopal Gowda,9454990453,Anand Subramaniam,2026-08-11 16:23,563,Madurai-East,
C00046,9594078161,Gopal Gowda,9466183982,Elango Kumar,2026-08-11 15:35,310,Erode-Hub,
C00047,9594078161,Gopal Gowda,9611836736,Bharath Bose,2026-08-12 20:48,419,Chennai-Central,
C00048,9594078161,Gopal Gowda,9921249985,Deepak Gupta,2026-08-13 14:27,509,Madurai-East,
C00049,9594078161,Gopal Gowda,9569816934,Pandi Sundaram,2026-08-13 08:33,120,Erode-Hub,
C00050,9594078161,Gopal Gowda,9056856624,Eswar Raj,2026-08-14 20:29,140,Coimbatore-North,
C00051,9034131647,Omkar Iyer,9156545271,Selvam Balakrishnan,2026-08-01 18:49,563,Coimbatore-North,
C00052,9034131647,Omkar Iyer,9482366299,Kumar Mohan,2026-08-01 11:15,512,Chennai-Central,
C00053,9034131647,Omkar Iyer,9816850542,Lokesh Natarajan,2026-08-01 16:50,539,Salem-South,
C00054,9034131647,Omkar Iyer,9816850542,Lokesh Natarajan,2026-08-02 13:40,305,Coimbatore-North,
C00055,9034131647,Omkar Iyer,9603669096,Devan Subramaniam,2026-08-02 14:32,220,Erode-Hub,
C00056,9034131647,Omkar Iyer,9323705895,Vijay Reddy,2026-08-02 08:00,297,Madurai-East,
C00057,9034131647,Omkar Iyer,9816850542,Lokesh Natarajan,2026-08-03 15:04,108,Erode-Hub,
C00058,9034131647,Omkar Iyer,9603669096,Devan Subramaniam,2026-08-04 18:30,510,Madurai-East,
C00059,9034131647,Omkar Iyer,9603669096,Devan Subramaniam,2026-08-04 17:21,526,Erode-Hub,
C00060,9034131647,Omkar Iyer,9603669096,Devan Subramaniam,2026-08-04 09:51,142,Trichy-West,
C00061,9034131647,Omkar Iyer,9156545271,Selvam Balakrishnan,2026-08-05 15:24,174,Madurai-East,
C00062,9034131647,Omkar Iyer,9603669096,Devan Subramaniam,2026-08-05 17:18,581,Erode-Hub,
C00063,9034131647,Omkar Iyer,9163287083,Sabari Gowda,2026-08-06 18:37,119,Trichy-West,
C00064,9034131647,Omkar Iyer,9482366299,Kumar Mohan,2026-08-06 09:34,105,Trichy-West,
C00065,9034131647,Omkar Iyer,9603669096,Devan Subramaniam,2026-08-07 09:44,331,Trichy-West,
C00066,9034131647,Omkar Iyer,9163287083,Sabari Gowda,2026-08-07 17:18,166,Coimbatore-North,
C00067,9034131647,Omkar Iyer,9156545271,Selvam Balakrishnan,2026-08-08 15:28,562,Madurai-East,
C00068,9034131647,Omkar Iyer,9156545271,Selvam Balakrishnan,2026-08-08 17:14,429,Erode-Hub,
C00069,9034131647,Omkar Iyer,9816850542,Lokesh Natarajan,2026-08-08 14:05,390,Madurai-East,
C00070,9034131647,Omkar Iyer,9163287083,Sabari Gowda,2026-08-09 19:37,416,Coimbatore-North,
C00071,9034131647,Omkar Iyer,9163287083,Sabari Gowda,2026-08-09 18:51,419,Salem-South,
C00072,9034131647,Omkar Iyer,9816850542,Lokesh Natarajan,2026-08-10 12:11,111,Trichy-West,
C00073,9034131647,Omkar Iyer,9482366299,Kumar Mohan,2026-08-10 07:14,548,Chennai-Central,
C00074,9034131647,Omkar Iyer,9816850542,Lokesh Natarajan,2026-08-10 12:36,322,Chennai-Central,
C00075,9034131647,Omkar Iyer,9323705895,Vijay Reddy,2026-08-11 17:05,300,Erode-Hub,
C00076,9034131647,Omkar Iyer,9323705895,Vijay Reddy,2026-08-11 17:05,46,Erode-Hub,
C00077,9034131647,Omkar Iyer,9163287083,Sabari Gowda,2026-08-11 11:06,452,Coimbatore-North,
C00078,9034131647,Omkar Iyer,9816850542,Lokesh Natarajan,2026-08-12 17:48,490,Trichy-West,
C00079,9034131647,Omkar Iyer,9482366299,Kumar Mohan,2026-08-12 17:51,360,Erode-Hub,
C00080,9034131647,Omkar Iyer,9156545271,Selvam Balakrishnan,2026-08-13 09:45,67,Trichy-West,
C00081,9034131647,Omkar Iyer,9163287083,Sabari Gowda,2026-08-13 18:54,23,Trichy-West,
C00082,9034131647,Omkar Iyer,9816850542,Lokesh Natarajan,2026-08-14 07:33,390,Erode-Hub,
C00083,9034131647,Omkar Iyer,9323705895,Vijay Reddy,2026-08-14 10:26,450,Coimbatore-North,
C00084,9419283276,Gopal Rao,9270866882,Vijay Verma,2026-08-01 08:30,335,Erode-Hub,
C00085,9419283276,Gopal Rao,9454990453,Anand Subramaniam,2026-08-01 16:41,179,Coimbatore-North,
C00086,9419283276,Gopal Rao,9454990453,Anand Subramaniam,2026-08-02 22:58,57,Madurai-East,
C00087,9419283276,Gopal Rao,9454990453,Anand Subramaniam,2026-08-02 13:11,387,Coimbatore-North,
C00088,9419283276,Gopal Rao,9720465375,Ravi Gowda,2026-08-03 14:28,209,Madurai-East,
C00089,9419283276,Gopal Rao,9720465375,Ravi Gowda,2026-08-03 12:58,339,Erode-Hub,
C00090,9419283276,Gopal Rao,9175496513,Sathish Chandran,2026-08-03 22:54,286,Trichy-West,
C00091,9419283276,Gopal Rao,9149368998,Eswar Singh,2026-08-04 19:03,242,Coimbatore-North,
C00092,9419283276,Gopal Rao,9720465375,Ravi Gowda,2026-08-04 15:50,79,Erode-Hub,
C00093,9419283276,Gopal Rao,9720465375,Ravi Gowda,2026-08-05 18:28,272,Erode-Hub,
C00094,9419283276,Gopal Rao,9149368998,Eswar Singh,2026-08-06 15:58,548,Coimbatore-North,
C00095,9419283276,Gopal Rao,9175496513,Sathish Chandran,2026-08-06 15:33,567,Chennai-Central,
C00096,9419283276,Gopal Rao,9149368998,Eswar Singh,2026-08-07 07:13,172,Coimbatore-North,
C00097,9419283276,Gopal Rao,9454990453,Anand Subramaniam,2026-08-07 18:17,560,Chennai-Central,
C00098,9419283276,Gopal Rao,9720465375,Ravi Gowda,2026-08-07 21:05,576,Salem-South,
C00099,9419283276,Gopal Rao,9454990453,Anand Subramaniam,2026-08-08 21:13,58,Salem-South,
C00100,9419283276,Gopal Rao,9720465375,Ravi Gowda,2026-08-08 22:10,338,Madurai-East,
C00101,9419283276,Gopal Rao,9270866882,Vijay Verma,2026-08-08 19:04,589,Madurai-East,
C00102,9419283276,Gopal Rao,9149368998,Eswar Singh,2026-08-09 10:42,423,Erode-Hub,
C00103,9419283276,Gopal Rao,9720465375,Ravi Gowda,2026-08-10 22:15,320,Salem-South,
C00104,9419283276,Gopal Rao,9454990453,Anand Subramaniam,2026-08-11 13:57,175,Madurai-East,
C00105,9419283276,Gopal Rao,9720465375,Ravi Gowda,2026-08-11 16:21,421,Salem-South,
C00106,9419283276,Gopal Rao,9149368998,Eswar Singh,2026-08-12 13:24,132,Madurai-East,
C00107,9419283276,Gopal Rao,9270866882,Vijay Verma,2026-08-12 15:36,501,Erode-Hub,
C00108,9419283276,Gopal Rao,9175496513,Sathish Chandran,2026-08-13 10:08,203,Coimbatore-North,
C00109,9419283276,Gopal Rao,9454990453,Anand Subramaniam,2026-08-14 21:37,112,Chennai-Central,
C00110,9419283276,Gopal Rao,9149368998,Eswar Singh,2026-08-14 08:10,147,Trichy-West,
C00111,9030564139,Thiru Ramaswamy,9348734714,Siva Pillai,2026-08-01 17:50,270,Erode-Hub,
C00112,9030564139,Thiru Ramaswamy,9175183046,Mahesh Gupta,2026-08-01 07:16,358,Coimbatore-North,
C00113,9030564139,Thiru Ramaswamy,9799371240,Sathish Menon,2026-08-01 16:41,471,Chennai-Central,
C00114,9030564139,Thiru Ramaswamy,9175183046,Mahesh Gupta,2026-08-02 12:16,571,Madurai-East,
C00115,9030564139,Thiru Ramaswamy,9175183046,Mahesh Gupta,2026-08-03 11:36,222,Salem-South,
C00116,9030564139,Thiru Ramaswamy,9855744431,Gopal Krishnan,2026-08-03 07:40,222,Chennai-Central,
C00117,9030564139,Thiru Ramaswamy,9348734714,Siva Pillai,2026-08-04 20:44,361,Madurai-East,
C00118,9030564139,Thiru Ramaswamy,9799371240,Sathish Menon,2026-08-05 21:56,147,Trichy-West,
C00119,9030564139,Thiru Ramaswamy,9855744431,Gopal Krishnan,2026-08-05 14:57,576,Salem-South,
C00120,9030564139,Thiru Ramaswamy,9799371240,Sathish Menon,2026-08-06 12:58,362,Salem-South,
C00121,9030564139,Thiru Ramaswamy,9855744431,Gopal Krishnan,2026-08-06 10:59,23,Madurai-East,
C00122,9030564139,Thiru Ramaswamy,9799371240,Sathish Menon,2026-08-06 14:48,391,Coimbatore-North,
C00123,9030564139,Thiru Ramaswamy,9175183046,Mahesh Gupta,2026-08-07 09:29,52,Trichy-West,
C00124,9030564139,Thiru Ramaswamy,9855744431,Gopal Krishnan,2026-08-07 11:19,410,Salem-South,
C00125,9030564139,Thiru Ramaswamy,9175183046,Mahesh Gupta,2026-08-07 07:10,224,Trichy-West,
C00126,9030564139,Thiru Ramaswamy,9175183046,Mahesh Gupta,2026-08-08 19:11,364,Salem-South,
C00127,9030564139,Thiru Ramaswamy,9855744431,Gopal Krishnan,2026-08-09 17:03,58,Erode-Hub,
C00128,9030564139,Thiru Ramaswamy,9855744431,Gopal Krishnan,2026-08-09 19:31,124,Trichy-West,
C00129,9030564139,Thiru Ramaswamy,9799371240,Sathish Menon,2026-08-10 22:56,494,Erode-Hub,
C00130,9030564139,Thiru Ramaswamy,9348734714,Siva Pillai,2026-08-10 20:07,599,Chennai-Central,
C00131,9030564139,Thiru Ramaswamy,9799371240,Sathish Menon,2026-08-11 08:18,463,Erode-Hub,
C00132,9030564139,Thiru Ramaswamy,9855744431,Gopal Krishnan,2026-08-12 10:54,477,Coimbatore-North,
C00133,9030564139,Thiru Ramaswamy,9855744431,Gopal Krishnan,2026-08-13 16:42,425,Coimbatore-North,
C00134,9030564139,Thiru Ramaswamy,9191088398,Omkar Singh,2026-08-13 18:55,579,Trichy-West,
C00135,9030564139,Thiru Ramaswamy,9175183046,Mahesh Gupta,2026-08-13 12:14,451,Salem-South,
C00136,9030564139,Thiru Ramaswamy,9191088398,Omkar Singh,2026-08-14 11:07,570,Salem-South,
C00137,9724238849,Murugan Shetty,9092327193,Anand Rao,2026-08-01 07:29,341,Madurai-East,
C00138,9724238849,Murugan Shetty,9092327193,Anand Rao,2026-08-02 08:12,343,Madurai-East,
C00139,9724238849,Murugan Shetty,9174612004,Ilango Menon,2026-08-03 14:12,71,Erode-Hub,
C00140,9724238849,Murugan Shetty,9848018451,Harish Subramaniam,2026-08-03 16:46,340,Madurai-East,
C00141,9724238849,Murugan Shetty,9474687234,Arun Mohan,2026-08-03 11:21,475,Trichy-West,
C00142,9724238849,Murugan Shetty,9174612004,Ilango Menon,2026-08-04 16:07,221,Madurai-East,
C00143,9724238849,Murugan Shetty,9174612004,Ilango Menon,2026-08-05 16:50,299,Madurai-East,
C00144,9724238849,Murugan Shetty,9292706537,Ashok Nair,2026-08-05 10:37,548,Coimbatore-North,
C00145,9724238849,Murugan Shetty,9092327193,Anand Rao,2026-08-05 12:42,251,Madurai-East,
C00146,9724238849,Murugan Shetty,9292706537,Ashok Nair,2026-08-06 09:29,98,Trichy-West,
C00147,9724238849,Murugan Shetty,9254629148,Deepak Das,2026-08-06 09:33,66,Chennai-Central,
C00148,9724238849,Murugan Shetty,9254629148,Deepak Das,2026-08-06 16:34,276,Trichy-West,
C00149,9724238849,Murugan Shetty,9092327193,Anand Rao,2026-08-07 13:15,203,Madurai-East,
C00150,9724238849,Murugan Shetty,9174612004,Ilango Menon,2026-08-08 08:39,492,Salem-South,
C00151,9724238849,Murugan Shetty,9254629148,Deepak Das,2026-08-09 18:20,515,Chennai-Central,
C00152,9724238849,Murugan Shetty,9254629148,Deepak Das,2026-08-10 12:38,189,Chennai-Central,
C00153,9724238849,Murugan Shetty,9254629148,Deepak Das,2026-08-10 20:15,471,Salem-South,
C00154,9724238849,Murugan Shetty,9092327193,Anand Rao,2026-08-10 14:16,520,Salem-South,
C00155,9724238849,Murugan Shetty,9254629148,Deepak Das,2026-08-11 22:16,56,Coimbatore-North,
C00156,9724238849,Murugan Shetty,9254629148,Deepak Das,2026-08-11 08:36,479,Coimbatore-North,
C00157,9724238849,Murugan Shetty,9092327193,Anand Rao,2026-08-11 11:38,38,Salem-South,
C00158,9724238849,Murugan Shetty,9848018451,Harish Subramaniam,2026-08-12 09:07,202,Salem-South,
C00159,9724238849,Murugan Shetty,9292706537,Ashok Nair,2026-08-12 14:39,169,Chennai-Central,
C00160,9724238849,Murugan Shetty,9292706537,Ashok Nair,2026-08-13 15:48,530,Chennai-Central,
C00161,9724238849,Murugan Shetty,9292706537,Ashok Nair,2026-08-13 12:24,280,Coimbatore-North,
C00162,9724238849,Murugan Shetty,9174612004,Ilango Menon,2026-08-13 22:44,485,Chennai-Central,
C00163,9724238849,Murugan Shetty,9292706537,Ashok Nair,2026-08-14 08:08,521,Salem-South,
C00164,9871012269,Vijay Patel,9346578713,Pandi Natarajan,2026-08-01 16:30,454,Chennai-Central,
C00165,9871012269,Vijay Patel,9026542351,Gowtham Pillai,2026-08-02 14:18,279,Chennai-Central,
C00166,9871012269,Vijay Patel,9026542351,Gowtham Pillai,2026-08-02 14:26,492,Chennai-Central,
C00167,9871012269,Vijay Patel,9473597746,Devan Menon,2026-08-02 18:19,365,Salem-South,
C00168,9871012269,Vijay Patel,9473597746,Devan Menon,2026-08-03 19:37,79,Erode-Hub,
C00169,9871012269,Vijay Patel,9346578713,Pandi Natarajan,2026-08-04 13:24,407,Chennai-Central,
C00170,9871012269,Vijay Patel,9473597746,Devan Menon,2026-08-04 20:22,272,Coimbatore-North,
C00171,9871012269,Vijay Patel,9473597746,Devan Menon,2026-08-05 19:13,498,Madurai-East,
C00172,9871012269,Vijay Patel,9346578713,Pandi Natarajan,2026-08-05 21:31,205,Trichy-West,
C00173,9871012269,Vijay Patel,9346578713,Pandi Natarajan,2026-08-06 20:04,68,Erode-Hub,
C00174,9871012269,Vijay Patel,9473947312,Sathish Ramaswamy,2026-08-06 18:17,39,Salem-South,
C00175,9871012269,Vijay Patel,9473597746,Devan Menon,2026-08-06 15:32,422,Salem-South,
C00176,9871012269,Vijay Patel,9159996504,Vijay Venkatesh,2026-08-07 18:03,177,Erode-Hub,
C00177,9871012269,Vijay Patel,9473947312,Sathish Ramaswamy,2026-08-07 11:49,266,Erode-Hub,
C00178,9871012269,Vijay Patel,9473947312,Sathish Ramaswamy,2026-08-08 19:28,105,Trichy-West,
C00179,9871012269,Vijay Patel,9346578713,Pandi Natarajan,2026-08-09 14:31,61,Coimbatore-North,
C00180,9871012269,Vijay Patel,9473597746,Devan Menon,2026-08-09 11:02,233,Madurai-East,
C00181,9871012269,Vijay Patel,9026542351,Gowtham Pillai,2026-08-10 15:20,482,Erode-Hub,
C00182,9871012269,Vijay Patel,9346578713,Pandi Natarajan,2026-08-11 19:08,415,Salem-South,
C00183,9871012269,Vijay Patel,9473947312,Sathish Ramaswamy,2026-08-11 14:06,319,Madurai-East,
C00184,9871012269,Vijay Patel,9473947312,Sathish Ramaswamy,2026-08-11 13:08,61,Chennai-Central,
C00185,9871012269,Vijay Patel,9159996504,Vijay Venkatesh,2026-08-12 13:35,381,Erode-Hub,
C00186,9871012269,Vijay Patel,9159996504,Vijay Venkatesh,2026-08-12 18:15,285,Chennai-Central,
C00187,9871012269,Vijay Patel,9346578713,Pandi Natarajan,2026-08-12 10:25,524,Chennai-Central,
C00188,9871012269,Vijay Patel,9473947312,Sathish Ramaswamy,2026-08-13 14:10,432,Coimbatore-North,
C00189,9871012269,Vijay Patel,9346578713,Pandi Natarajan,2026-08-13 12:22,265,Salem-South,
C00190,9871012269,Vijay Patel,9159996504,Vijay Venkatesh,2026-08-13 17:58,452,Coimbatore-North,
C00191,9871012269,Vijay Patel,9159996504,Vijay Venkatesh,2026-08-14 19:07,393,Chennai-Central,
C00192,9871012269,Vijay Patel,9346578713,Pandi Natarajan,2026-08-14 15:03,406,Trichy-West,
C00193,9871012269,Vijay Patel,9793834701,Unknown,2026-08-03 11:20,28,Coimbatore-North,SUSPICIOUS_BURST
C00194,9871012269,Vijay Patel,9793834701,Unknown,2026-08-03 08:52,47,Chennai-Central,SUSPICIOUS_BURST
C00195,9871012269,Vijay Patel,9793834701,Unknown,2026-08-03 20:30,29,Coimbatore-North,SUSPICIOUS_BURST
C00196,9871012269,Vijay Patel,9793834701,Unknown,2026-08-03 11:01,41,Chennai-Central,SUSPICIOUS_BURST
C00197,9871012269,Vijay Patel,9793834701,Unknown,2026-08-03 02:40,8,Coimbatore-North,SUSPICIOUS_BURST
C00198,9871012269,Vijay Patel,9793834701,Unknown,2026-08-03 19:26,9,Coimbatore-North,SUSPICIOUS_BURST
C00199,9871012269,Vijay Patel,9793834701,Unknown,2026-08-03 02:53,34,Coimbatore-North,SUSPICIOUS_BURST
C00200,9871012269,Vijay Patel,9793834701,Unknown,2026-08-03 12:58,29,Chennai-Central,SUSPICIOUS_BURST
C00201,9871012269,Vijay Patel,9793834701,Unknown,2026-08-03 04:43,37,Coimbatore-North,SUSPICIOUS_BURST
C00202,9871012269,Vijay Patel,9793834701,Unknown,2026-08-03 09:31,28,Coimbatore-North,SUSPICIOUS_BURST
C00203,9871012269,Vijay Patel,9793834701,Unknown,2026-08-03 00:09,43,Chennai-Central,SUSPICIOUS_BURST
C00204,9871012269,Vijay Patel,9793834701,Unknown,2026-08-03 08:14,21,Chennai-Central,SUSPICIOUS_BURST
C00205,9871012269,Vijay Patel,9793834701,Unknown,2026-08-03 07:33,5,Coimbatore-North,SUSPICIOUS_BURST
C00206,9871012269,Vijay Patel,9793834701,Unknown,2026-08-03 00:15,40,Coimbatore-North,SUSPICIOUS_BURST
C00207,9871012269,Vijay Patel,9793834701,Unknown,2026-08-03 20:48,40,Chennai-Central,SUSPICIOUS_BURST
C00208,9871012269,Vijay Patel,9793834701,Unknown,2026-08-03 19:52,40,Coimbatore-North,SUSPICIOUS_BURST
C00209,9871012269,Vijay Patel,9793834701,Unknown,2026-08-03 08:22,11,Chennai-Central,SUSPICIOUS_BURST
C00210,9871012269,Vijay Patel,9793834701,Unknown,2026-08-03 10:51,50,Chennai-Central,SUSPICIOUS_BURST
C00211,9871012269,Vijay Patel,9793834701,Unknown,2026-08-03 22:25,48,Chennai-Central,SUSPICIOUS_BURST
C00212,9871012269,Vijay Patel,9793834701,Unknown,2026-08-03 06:52,15,Chennai-Central,SUSPICIOUS_BURST
C00213,9871012269,Vijay Patel,9793834701,Unknown,2026-08-03 10:39,49,Coimbatore-North,SUSPICIOUS_BURST
C00214,9848018451,Harish Subramaniam,9611836736,Bharath Bose,2026-08-01 10:54,482,Salem-South,
C00215,9848018451,Harish Subramaniam,9912419049,Naveen Bose,2026-08-01 08:10,442,Trichy-West,
C00216,9848018451,Harish Subramaniam,9541566765,Thiru Sharma,2026-08-01 18:16,426,Salem-South,
C00217,9848018451,Harish Subramaniam,9174612004,Ilango Menon,2026-08-02 12:21,229,Salem-South,
C00218,9848018451,Harish Subramaniam,9191088398,Omkar Singh,2026-08-02 20:41,148,Salem-South,
C00219,9848018451,Harish Subramaniam,9611836736,Bharath Bose,2026-08-03 14:41,209,Chennai-Central,
C00220,9848018451,Harish Subramaniam,9912419049,Naveen Bose,2026-08-03 11:17,297,Trichy-West,
C00221,9848018451,Harish Subramaniam,9611836736,Bharath Bose,2026-08-03 19:24,162,Chennai-Central,
C00222,9848018451,Harish Subramaniam,9324210249,Sanjay Chandran,2026-08-04 08:12,312,Madurai-East,
C00223,9848018451,Harish Subramaniam,9324210249,Sanjay Chandran,2026-08-04 19:21,47,Salem-South,
C00224,9848018451,Harish Subramaniam,9912419049,Naveen Bose,2026-08-04 12:23,88,Madurai-East,
C00225,9848018451,Harish Subramaniam,9899642353,Rahul Pillai,2026-08-05 11:36,418,Erode-Hub,
C00226,9848018451,Harish Subramaniam,9429671756,Kishore Subramaniam,2026-08-05 16:51,170,Trichy-West,
C00227,9848018451,Harish Subramaniam,9191088398,Omkar Singh,2026-08-05 10:35,277,Trichy-West,
C00228,9848018451,Harish Subramaniam,9191088398,Omkar Singh,2026-08-06 15:40,429,Madurai-East,
C00229,9848018451,Harish Subramaniam,9174612004,Ilango Menon,2026-08-06 14:05,513,Coimbatore-North,
C00230,9848018451,Harish Subramaniam,9324210249,Sanjay Chandran,2026-08-07 07:57,336,Erode-Hub,
C00231,9848018451,Harish Subramaniam,9191088398,Omkar Singh,2026-08-08 17:30,163,Coimbatore-North,
C00232,9848018451,Harish Subramaniam,9899642353,Rahul Pillai,2026-08-09 08:13,583,Salem-South,
C00233,9848018451,Harish Subramaniam,9611836736,Bharath Bose,2026-08-09 15:12,317,Coimbatore-North,
C00234,9848018451,Harish Subramaniam,9912419049,Naveen Bose,2026-08-09 08:11,47,Coimbatore-North,
C00235,9848018451,Harish Subramaniam,9324210249,Sanjay Chandran,2026-08-10 15:22,44,Salem-South,
C00236,9848018451,Harish Subramaniam,9611836736,Bharath Bose,2026-08-10 09:32,497,Chennai-Central,
C00237,9848018451,Harish Subramaniam,9429671756,Kishore Subramaniam,2026-08-10 09:23,31,Salem-South,
C00238,9848018451,Harish Subramaniam,9324210249,Sanjay Chandran,2026-08-11 22:25,438,Madurai-East,
C00239,9848018451,Harish Subramaniam,9541566765,Thiru Sharma,2026-08-11 07:36,164,Coimbatore-North,
C00240,9848018451,Harish Subramaniam,9611836736,Bharath Bose,2026-08-12 18:40,480,Madurai-East,
C00241,9848018451,Harish Subramaniam,9611836736,Bharath Bose,2026-08-12 15:04,349,Salem-South,
C00242,9848018451,Harish Subramaniam,9324210249,Sanjay Chandran,2026-08-12 15:21,238,Erode-Hub,
C00243,9848018451,Harish Subramaniam,9541566765,Thiru Sharma,2026-08-13 11:34,331,Erode-Hub,
C00244,9848018451,Harish Subramaniam,9174612004,Ilango Menon,2026-08-14 10:09,166,Madurai-East,
C00245,9848018451,Harish Subramaniam,9502551716,Unknown,2026-08-11 12:06,25,Chennai-Central,SUSPICIOUS_BURST
C00246,9848018451,Harish Subramaniam,9502551716,Unknown,2026-08-11 00:56,16,Coimbatore-North,SUSPICIOUS_BURST
C00247,9848018451,Harish Subramaniam,9502551716,Unknown,2026-08-11 02:48,42,Chennai-Central,SUSPICIOUS_BURST
C00248,9848018451,Harish Subramaniam,9502551716,Unknown,2026-08-11 18:20,32,Coimbatore-North,SUSPICIOUS_BURST
C00249,9848018451,Harish Subramaniam,9502551716,Unknown,2026-08-11 07:31,31,Chennai-Central,SUSPICIOUS_BURST
C00250,9848018451,Harish Subramaniam,9502551716,Unknown,2026-08-11 08:04,48,Coimbatore-North,SUSPICIOUS_BURST
C00251,9848018451,Harish Subramaniam,9502551716,Unknown,2026-08-11 10:56,16,Coimbatore-North,SUSPICIOUS_BURST
C00252,9848018451,Harish Subramaniam,9502551716,Unknown,2026-08-11 16:00,14,Coimbatore-North,SUSPICIOUS_BURST
C00253,9848018451,Harish Subramaniam,9502551716,Unknown,2026-08-11 20:03,18,Coimbatore-North,SUSPICIOUS_BURST
C00254,9848018451,Harish Subramaniam,9502551716,Unknown,2026-08-11 14:54,50,Coimbatore-North,SUSPICIOUS_BURST
C00255,9848018451,Harish Subramaniam,9502551716,Unknown,2026-08-11 16:36,12,Chennai-Central,SUSPICIOUS_BURST
C00256,9848018451,Harish Subramaniam,9502551716,Unknown,2026-08-11 23:44,52,Coimbatore-North,SUSPICIOUS_BURST
C00257,9848018451,Harish Subramaniam,9502551716,Unknown,2026-08-11 13:42,34,Coimbatore-North,SUSPICIOUS_BURST
C00258,9848018451,Harish Subramaniam,9502551716,Unknown,2026-08-11 12:32,19,Coimbatore-North,SUSPICIOUS_BURST
C00259,9848018451,Harish Subramaniam,9502551716,Unknown,2026-08-11 19:34,41,Chennai-Central,SUSPICIOUS_BURST
C00260,9848018451,Harish Subramaniam,9502551716,Unknown,2026-08-11 16:58,7,Coimbatore-North,SUSPICIOUS_BURST
C00261,9848018451,Harish Subramaniam,9502551716,Unknown,2026-08-11 14:18,42,Chennai-Central,SUSPICIOUS_BURST
C00262,9848018451,Harish Subramaniam,9502551716,Unknown,2026-08-11 19:03,25,Chennai-Central,SUSPICIOUS_BURST
C00263,9848018451,Harish Subramaniam,9502551716,Unknown,2026-08-11 17:29,26,Coimbatore-North,SUSPICIOUS_BURST
C00264,9848018451,Harish Subramaniam,9502551716,Unknown,2026-08-11 23:39,25,Chennai-Central,SUSPICIOUS_BURST
C00265,9848018451,Harish Subramaniam,9502551716,Unknown,2026-08-11 23:30,40,Coimbatore-North,SUSPICIOUS_BURST
C00266,9482814893,Kannan Kumar,9889579868,Kannan Velu,2026-08-01 15:33,377,Trichy-West,
C00267,9482814893,Kannan Kumar,9139718707,Chandran Subramaniam,2026-08-01 07:55,457,Coimbatore-North,
C00268,9482814893,Kannan Kumar,9569816934,Pandi Sundaram,2026-08-01 15:41,264,Chennai-Central,
C00269,9482814893,Kannan Kumar,9569816934,Pandi Sundaram,2026-08-02 22:56,267,Chennai-Central,
C00270,9482814893,Kannan Kumar,9569816934,Pandi Sundaram,2026-08-02 08:49,582,Chennai-Central,
C00271,9482814893,Kannan Kumar,9139718707,Chandran Subramaniam,2026-08-02 18:11,122,Madurai-East,
C00272,9482814893,Kannan Kumar,9139718707,Chandran Subramaniam,2026-08-03 16:07,446,Coimbatore-North,
C00273,9482814893,Kannan Kumar,9256342160,Selvam Kumar,2026-08-03 19:01,496,Trichy-West,
C00274,9482814893,Kannan Kumar,9139718707,Chandran Subramaniam,2026-08-04 17:56,221,Salem-South,
C00275,9482814893,Kannan Kumar,9889579868,Kannan Velu,2026-08-05 13:44,234,Coimbatore-North,
C00276,9482814893,Kannan Kumar,9139718707,Chandran Subramaniam,2026-08-05 12:44,497,Chennai-Central,
C00277,9482814893,Kannan Kumar,9506716572,Bharath Pandian,2026-08-06 15:22,386,Madurai-East,
C00278,9482814893,Kannan Kumar,9139718707,Chandran Subramaniam,2026-08-06 07:04,230,Erode-Hub,
C00279,9482814893,Kannan Kumar,9889579868,Kannan Velu,2026-08-07 20:23,438,Madurai-East,
C00280,9482814893,Kannan Kumar,9256342160,Selvam Kumar,2026-08-08 20:15,524,Salem-South,
C00281,9482814893,Kannan Kumar,9506716572,Bharath Pandian,2026-08-08 16:07,313,Chennai-Central,
C00282,9482814893,Kannan Kumar,9569816934,Pandi Sundaram,2026-08-09 14:28,85,Madurai-East,
C00283,9482814893,Kannan Kumar,9569816934,Pandi Sundaram,2026-08-09 17:18,471,Erode-Hub,
C00284,9482814893,Kannan Kumar,9889579868,Kannan Velu,2026-08-09 16:42,32,Erode-Hub,
C00285,9482814893,Kannan Kumar,9569816934,Pandi Sundaram,2026-08-10 18:08,277,Trichy-West,
C00286,9482814893,Kannan Kumar,9256342160,Selvam Kumar,2026-08-11 10:29,234,Chennai-Central,
C00287,9482814893,Kannan Kumar,9889579868,Kannan Velu,2026-08-12 07:42,179,Trichy-West,
C00288,9482814893,Kannan Kumar,9506716572,Bharath Pandian,2026-08-12 18:10,495,Salem-South,
C00289,9482814893,Kannan Kumar,9889579868,Kannan Velu,2026-08-12 22:42,82,Coimbatore-North,
C00290,9482814893,Kannan Kumar,9569816934,Pandi Sundaram,2026-08-13 14:41,574,Erode-Hub,
C00291,9482814893,Kannan Kumar,9506716572,Bharath Pandian,2026-08-13 08:04,493,Erode-Hub,
C00292,9482814893,Kannan Kumar,9889579868,Kannan Velu,2026-08-14 11:32,424,Chennai-Central,
C00293,9482814893,Kannan Kumar,9506716572,Bharath Pandian,2026-08-14 07:10,279,Erode-Hub,
C00294,9482814893,Kannan Kumar,9792174218,Unknown,2026-08-08 00:06,27,Coimbatore-North,SUSPICIOUS_BURST
C00295,9482814893,Kannan Kumar,9792174218,Unknown,2026-08-08 17:35,39,Chennai-Central,SUSPICIOUS_BURST
C00296,9482814893,Kannan Kumar,9792174218,Unknown,2026-08-08 03:19,37,Chennai-Central,SUSPICIOUS_BURST
C00297,9482814893,Kannan Kumar,9792174218,Unknown,2026-08-08 02:36,20,Chennai-Central,SUSPICIOUS_BURST
C00298,9482814893,Kannan Kumar,9792174218,Unknown,2026-08-08 21:05,37,Coimbatore-North,SUSPICIOUS_BURST
C00299,9482814893,Kannan Kumar,9792174218,Unknown,2026-08-08 09:22,54,Chennai-Central,SUSPICIOUS_BURST
C00300,9482814893,Kannan Kumar,9792174218,Unknown,2026-08-08 07:37,31,Coimbatore-North,SUSPICIOUS_BURST
C00301,9482814893,Kannan Kumar,9792174218,Unknown,2026-08-08 01:13,42,Coimbatore-North,SUSPICIOUS_BURST
C00302,9482814893,Kannan Kumar,9792174218,Unknown,2026-08-08 05:35,11,Coimbatore-North,SUSPICIOUS_BURST
C00303,9482814893,Kannan Kumar,9792174218,Unknown,2026-08-08 04:54,11,Chennai-Central,SUSPICIOUS_BURST
C00304,9482814893,Kannan Kumar,9792174218,Unknown,2026-08-08 04:36,38,Chennai-Central,SUSPICIOUS_BURST
C00305,9482814893,Kannan Kumar,9792174218,Unknown,2026-08-08 13:39,44,Chennai-Central,SUSPICIOUS_BURST
C00306,9482814893,Kannan Kumar,9792174218,Unknown,2026-08-08 13:52,5,Chennai-Central,SUSPICIOUS_BURST
C00307,9482814893,Kannan Kumar,9792174218,Unknown,2026-08-08 04:51,57,Chennai-Central,SUSPICIOUS_BURST
C00308,9482814893,Kannan Kumar,9792174218,Unknown,2026-08-08 23:47,50,Coimbatore-North,SUSPICIOUS_BURST
C00309,9482814893,Kannan Kumar,9792174218,Unknown,2026-08-08 05:18,38,Chennai-Central,SUSPICIOUS_BURST
C00310,9482814893,Kannan Kumar,9792174218,Unknown,2026-08-08 12:07,36,Coimbatore-North,SUSPICIOUS_BURST
C00311,9482814893,Kannan Kumar,9792174218,Unknown,2026-08-08 17:41,53,Chennai-Central,SUSPICIOUS_BURST
C00312,9482814893,Kannan Kumar,9792174218,Unknown,2026-08-08 12:26,24,Chennai-Central,SUSPICIOUS_BURST
C00313,9482814893,Kannan Kumar,9792174218,Unknown,2026-08-08 06:16,39,Chennai-Central,SUSPICIOUS_BURST
C00314,9482814893,Kannan Kumar,9792174218,Unknown,2026-08-08 21:58,31,Coimbatore-North,SUSPICIOUS_BURST
C00315,9482814893,Kannan Kumar,9792174218,Unknown,2026-08-08 15:13,46,Chennai-Central,SUSPICIOUS_BURST
C00316,9482814893,Kannan Kumar,9792174218,Unknown,2026-08-08 18:32,11,Coimbatore-North,SUSPICIOUS_BURST
C00317,9482814893,Kannan Kumar,9792174218,Unknown,2026-08-08 20:19,22,Coimbatore-North,SUSPICIOUS_BURST
C00318,9482814893,Kannan Kumar,9792174218,Unknown,2026-08-08 07:23,10,Coimbatore-North,SUSPICIOUS_BURST
C00319,9482814893,Kannan Kumar,9792174218,Unknown,2026-08-08 15:24,27,Coimbatore-North,SUSPICIOUS_BURST
C00320,9482814893,Kannan Kumar,9792174218,Unknown,2026-08-08 10:28,12,Chennai-Central,SUSPICIOUS_BURST
C00321,9482814893,Kannan Kumar,9792174218,Unknown,2026-08-08 09:53,38,Chennai-Central,SUSPICIOUS_BURST
C00322,9482814893,Kannan Kumar,9792174218,Unknown,2026-08-08 05:33,29,Coimbatore-North,SUSPICIOUS_BURST
C00323,9482814893,Kannan Kumar,9792174218,Unknown,2026-08-08 12:52,19,Chennai-Central,SUSPICIOUS_BURST
C00324,9482814893,Kannan Kumar,9792174218,Unknown,2026-08-08 22:23,7,Coimbatore-North,SUSPICIOUS_BURST
C00325,9809570154,Devan Ramaswamy,9516136968,Ilango Subramaniam,2026-08-01 18:38,397,Madurai-East,
C00326,9809570154,Devan Ramaswamy,9516136968,Ilango Subramaniam,2026-08-01 08:20,208,Trichy-West,
C00327,9809570154,Devan Ramaswamy,9962309130,Naveen Murthy,2026-08-02 08:54,115,Coimbatore-North,
C00328,9809570154,Devan Ramaswamy,9962309130,Naveen Murthy,2026-08-02 15:51,455,Erode-Hub,
C00329,9809570154,Devan Ramaswamy,9962309130,Naveen Murthy,2026-08-02 19:05,312,Salem-South,
C00330,9809570154,Devan Ramaswamy,9256342160,Selvam Kumar,2026-08-03 14:53,276,Madurai-East,
C00331,9809570154,Devan Ramaswamy,9516136968,Ilango Subramaniam,2026-08-04 11:50,312,Erode-Hub,
C00332,9809570154,Devan Ramaswamy,9962309130,Naveen Murthy,2026-08-04 08:48,522,Chennai-Central,
C00333,9809570154,Devan Ramaswamy,9494519832,Pandi Sharma,2026-08-05 13:37,579,Chennai-Central,
C00334,9809570154,Devan Ramaswamy,9256342160,Selvam Kumar,2026-08-05 20:21,96,Coimbatore-North,
C00335,9809570154,Devan Ramaswamy,9494519832,Pandi Sharma,2026-08-05 21:43,163,Trichy-West,
C00336,9809570154,Devan Ramaswamy,9494519832,Pandi Sharma,2026-08-06 10:53,384,Erode-Hub,
C00337,9809570154,Devan Ramaswamy,9494519832,Pandi Sharma,2026-08-06 10:25,337,Erode-Hub,
C00338,9809570154,Devan Ramaswamy,9494519832,Pandi Sharma,2026-08-06 13:06,444,Madurai-East,
C00339,9809570154,Devan Ramaswamy,9516136968,Ilango Subramaniam,2026-08-07 15:30,437,Chennai-Central,
C00340,9809570154,Devan Ramaswamy,9256342160,Selvam Kumar,2026-08-08 20:44,417,Salem-South,
C00341,9809570154,Devan Ramaswamy,9256342160,Selvam Kumar,2026-08-08 10:35,190,Salem-South,
C00342,9809570154,Devan Ramaswamy,9962309130,Naveen Murthy,2026-08-09 19:37,552,Erode-Hub,
C00343,9809570154,Devan Ramaswamy,9256342160,Selvam Kumar,2026-08-09 21:36,493,Madurai-East,
C00344,9809570154,Devan Ramaswamy,9516136968,Ilango Subramaniam,2026-08-09 22:45,425,Madurai-East,
C00345,9809570154,Devan Ramaswamy,9256342160,Selvam Kumar,2026-08-10 14:40,287,Madurai-East,
C00346,9809570154,Devan Ramaswamy,9256342160,Selvam Kumar,2026-08-10 08:16,85,Madurai-East,
C00347,9809570154,Devan Ramaswamy,9256342160,Selvam Kumar,2026-08-10 14:45,238,Trichy-West,
C00348,9809570154,Devan Ramaswamy,9516136968,Ilango Subramaniam,2026-08-11 20:58,563,Trichy-West,
C00349,9809570154,Devan Ramaswamy,9256342160,Selvam Kumar,2026-08-11 22:07,256,Coimbatore-North,
C00350,9809570154,Devan Ramaswamy,9494519832,Pandi Sharma,2026-08-11 16:32,173,Chennai-Central,
C00351,9809570154,Devan Ramaswamy,9516136968,Ilango Subramaniam,2026-08-12 21:48,385,Madurai-East,
C00352,9809570154,Devan Ramaswamy,9494519832,Pandi Sharma,2026-08-12 14:50,179,Coimbatore-North,
C00353,9809570154,Devan Ramaswamy,9962309130,Naveen Murthy,2026-08-13 10:10,214,Salem-South,
C00354,9809570154,Devan Ramaswamy,9516136968,Ilango Subramaniam,2026-08-13 18:44,352,Madurai-East,
C00355,9809570154,Devan Ramaswamy,9494519832,Pandi Sharma,2026-08-13 16:38,291,Chennai-Central,
C00356,9809570154,Devan Ramaswamy,9494519832,Pandi Sharma,2026-08-14 12:34,279,Erode-Hub,
C00357,9809570154,Devan Ramaswamy,9962309130,Naveen Murthy,2026-08-14 16:16,594,Coimbatore-North,
C00358,9171822782,Farook Iyer,9016582029,Jagan Sundaram,2026-08-01 15:19,75,Trichy-West,
C00359,9171822782,Farook Iyer,9812236231,Kumar Shetty,2026-08-01 14:30,483,Erode-Hub,
C00360,9171822782,Farook Iyer,9812236231,Kumar Shetty,2026-08-01 18:46,241,Erode-Hub,
C00361,9171822782,Farook Iyer,9668893734,Senthil Ramaswamy,2026-08-02 10:36,93,Madurai-East,
C00362,9171822782,Farook Iyer,9668893734,Senthil Ramaswamy,2026-08-03 10:12,396,Madurai-East,
C00363,9171822782,Farook Iyer,9016582029,Jagan Sundaram,2026-08-04 07:26,166,Erode-Hub,
C00364,9171822782,Farook Iyer,9668893734,Senthil Ramaswamy,2026-08-05 12:05,559,Erode-Hub,
C00365,9171822782,Farook Iyer,9812236231,Kumar Shetty,2026-08-05 22:59,222,Erode-Hub,
C00366,9171822782,Farook Iyer,9016582029,Jagan Sundaram,2026-08-06 22:12,100,Erode-Hub,
C00367,9171822782,Farook Iyer,9901476797,Naveen Ramaswamy,2026-08-06 07:35,594,Chennai-Central,
C00368,9171822782,Farook Iyer,9812236231,Kumar Shetty,2026-08-07 17:14,299,Coimbatore-North,
C00369,9171822782,Farook Iyer,9668893734,Senthil Ramaswamy,2026-08-07 11:54,457,Chennai-Central,
C00370,9171822782,Farook Iyer,9812236231,Kumar Shetty,2026-08-08 12:05,551,Coimbatore-North,
C00371,9171822782,Farook Iyer,9662702895,Rajesh Raj,2026-08-08 10:07,325,Madurai-East,
C00372,9171822782,Farook Iyer,9662702895,Rajesh Raj,2026-08-08 20:02,172,Coimbatore-North,
C00373,9171822782,Farook Iyer,9812236231,Kumar Shetty,2026-08-09 09:50,241,Trichy-West,
C00374,9171822782,Farook Iyer,9812236231,Kumar Shetty,2026-08-10 17:14,375,Trichy-West,
C00375,9171822782,Farook Iyer,9662702895,Rajesh Raj,2026-08-10 14:16,68,Salem-South,
C00376,9171822782,Farook Iyer,9812236231,Kumar Shetty,2026-08-11 21:41,260,Trichy-West,
C00377,9171822782,Farook Iyer,9016582029,Jagan Sundaram,2026-08-11 13:09,236,Madurai-East,
C00378,9171822782,Farook Iyer,9901476797,Naveen Ramaswamy,2026-08-11 22:14,360,Coimbatore-North,
C00379,9171822782,Farook Iyer,9182992299,Ilango Chandran,2026-08-12 15:38,555,Salem-South,
C00380,9171822782,Farook Iyer,9812236231,Kumar Shetty,2026-08-12 07:11,338,Coimbatore-North,
C00381,9171822782,Farook Iyer,9662702895,Rajesh Raj,2026-08-12 16:32,357,Erode-Hub,
C00382,9171822782,Farook Iyer,9662702895,Rajesh Raj,2026-08-13 14:34,114,Chennai-Central,
C00383,9171822782,Farook Iyer,9182992299,Ilango Chandran,2026-08-13 14:28,243,Chennai-Central,
C00384,9171822782,Farook Iyer,9901476797,Naveen Ramaswamy,2026-08-13 11:23,385,Chennai-Central,
C00385,9171822782,Farook Iyer,9016582029,Jagan Sundaram,2026-08-14 20:50,258,Madurai-East,
C00386,9171822782,Farook Iyer,9016582029,Jagan Sundaram,2026-08-14 19:58,313,Salem-South,
C00387,9346578713,Pandi Natarajan,9482814893,Kannan Kumar,2026-08-01 14:59,346,Madurai-East,
C00388,9346578713,Pandi Natarajan,9656670106,Manoj Reddy,2026-08-02 17:02,217,Coimbatore-North,
C00389,9346578713,Pandi Natarajan,9474687234,Arun Mohan,2026-08-03 14:56,484,Madurai-East,
C00390,9346578713,Pandi Natarajan,9541566765,Thiru Sharma,2026-08-03 10:59,299,Coimbatore-North,
C00391,9346578713,Pandi Natarajan,9005411998,Kannan Subramaniam,2026-08-03 09:11,375,Erode-Hub,
C00392,9346578713,Pandi Natarajan,9541566765,Thiru Sharma,2026-08-04 17:11,145,Madurai-East,
C00393,9346578713,Pandi Natarajan,9656670106,Manoj Reddy,2026-08-05 07:04,336,Erode-Hub,
C00394,9346578713,Pandi Natarajan,9455022961,Prakash Pillai,2026-08-05 12:10,358,Erode-Hub,
C00395,9346578713,Pandi Natarajan,9455022961,Prakash Pillai,2026-08-05 10:18,515,Salem-South,
C00396,9346578713,Pandi Natarajan,9656670106,Manoj Reddy,2026-08-06 11:30,45,Trichy-West,
C00397,9346578713,Pandi Natarajan,9656670106,Manoj Reddy,2026-08-07 19:47,236,Chennai-Central,
C00398,9346578713,Pandi Natarajan,9482814893,Kannan Kumar,2026-08-08 22:39,84,Trichy-West,
C00399,9346578713,Pandi Natarajan,9541566765,Thiru Sharma,2026-08-09 07:10,331,Chennai-Central,
C00400,9346578713,Pandi Natarajan,9482814893,Kannan Kumar,2026-08-10 15:39,344,Coimbatore-North,
C00401,9346578713,Pandi Natarajan,9541566765,Thiru Sharma,2026-08-10 11:56,446,Trichy-West,
C00402,9346578713,Pandi Natarajan,9455022961,Prakash Pillai,2026-08-10 21:16,360,Trichy-West,
C00403,9346578713,Pandi Natarajan,9455022961,Prakash Pillai,2026-08-11 12:29,541,Salem-South,
C00404,9346578713,Pandi Natarajan,9541566765,Thiru Sharma,2026-08-11 12:59,341,Coimbatore-North,
C00405,9346578713,Pandi Natarajan,9455022961,Prakash Pillai,2026-08-11 19:10,367,Madurai-East,
C00406,9346578713,Pandi Natarajan,9474687234,Arun Mohan,2026-08-12 07:22,510,Salem-South,
C00407,9346578713,Pandi Natarajan,9419283276,Gopal Rao,2026-08-12 22:47,546,Erode-Hub,
C00408,9346578713,Pandi Natarajan,9482814893,Kannan Kumar,2026-08-12 07:42,528,Trichy-West,
C00409,9346578713,Pandi Natarajan,9419283276,Gopal Rao,2026-08-13 09:20,529,Erode-Hub,
C00410,9346578713,Pandi Natarajan,9482814893,Kannan Kumar,2026-08-13 08:41,166,Chennai-Central,
C00411,9346578713,Pandi Natarajan,9005411998,Kannan Subramaniam,2026-08-14 08:15,428,Chennai-Central,
C00412,9346578713,Pandi Natarajan,9541566765,Thiru Sharma,2026-08-14 13:57,536,Chennai-Central,
C00413,9839301031,Rahul Das,9839335290,Karthik Venkatesh,2026-08-01 16:42,151,Erode-Hub,
C00414,9839301031,Rahul Das,9812236231,Kumar Shetty,2026-08-01 15:51,324,Coimbatore-North,
C00415,9839301031,Rahul Das,9400504556,Siva Nair,2026-08-02 14:02,43,Salem-South,
C00416,9839301031,Rahul Das,9841616928,Hari Achari,2026-08-02 17:30,429,Erode-Hub,
C00417,9839301031,Rahul Das,9812236231,Kumar Shetty,2026-08-03 10:16,314,Trichy-West,
C00418,9839301031,Rahul Das,9400504556,Siva Nair,2026-08-03 15:11,287,Erode-Hub,
C00419,9839301031,Rahul Das,9047868633,Arun Ramaswamy,2026-08-03 11:47,79,Trichy-West,
C00420,9839301031,Rahul Das,9841616928,Hari Achari,2026-08-04 22:14,413,Erode-Hub,
C00421,9839301031,Rahul Das,9400504556,Siva Nair,2026-08-04 08:01,184,Trichy-West,
C00422,9839301031,Rahul Das,9841616928,Hari Achari,2026-08-05 10:44,176,Salem-South,
C00423,9839301031,Rahul Das,9185188888,Lokesh Velu,2026-08-06 15:43,125,Madurai-East,
C00424,9839301031,Rahul Das,9047868633,Arun Ramaswamy,2026-08-07 16:29,78,Madurai-East,
C00425,9839301031,Rahul Das,9185188888,Lokesh Velu,2026-08-07 15:13,555,Trichy-West,
C00426,9839301031,Rahul Das,9185188888,Lokesh Velu,2026-08-07 08:06,568,Chennai-Central,
C00427,9839301031,Rahul Das,9047868633,Arun Ramaswamy,2026-08-08 18:15,464,Madurai-East,
C00428,9839301031,Rahul Das,9047868633,Arun Ramaswamy,2026-08-09 20:13,436,Coimbatore-North,
C00429,9839301031,Rahul Das,9839335290,Karthik Venkatesh,2026-08-09 22:58,100,Chennai-Central,
C00430,9839301031,Rahul Das,9047868633,Arun Ramaswamy,2026-08-10 15:37,574,Trichy-West,
C00431,9839301031,Rahul Das,9185188888,Lokesh Velu,2026-08-10 09:12,206,Chennai-Central,
C00432,9839301031,Rahul Das,9047868633,Arun Ramaswamy,2026-08-10 11:11,584,Madurai-East,
C00433,9839301031,Rahul Das,9232858842,Rajesh Krishnan,2026-08-11 08:27,129,Trichy-West,
C00434,9839301031,Rahul Das,9185188888,Lokesh Velu,2026-08-12 09:00,295,Trichy-West,
C00435,9839301031,Rahul Das,9841616928,Hari Achari,2026-08-12 21:55,150,Trichy-West,
C00436,9839301031,Rahul Das,9812236231,Kumar Shetty,2026-08-13 20:02,109,Erode-Hub,
C00437,9839301031,Rahul Das,9047868633,Arun Ramaswamy,2026-08-13 11:15,76,Salem-South,
C00438,9839301031,Rahul Das,9232858842,Rajesh Krishnan,2026-08-13 19:01,412,Chennai-Central,
C00439,9839301031,Rahul Das,9812236231,Kumar Shetty,2026-08-14 22:37,343,Erode-Hub,
C00440,9473829973,Bharath Menon,9849912165,Bharath Subramaniam,2026-08-01 15:28,232,Madurai-East,
C00441,9473829973,Bharath Menon,9016582029,Jagan Sundaram,2026-08-02 07:26,331,Salem-South,
C00442,9473829973,Bharath Menon,9849912165,Bharath Subramaniam,2026-08-03 22:40,583,Trichy-West,
C00443,9473829973,Bharath Menon,9849912165,Bharath Subramaniam,2026-08-03 19:43,536,Trichy-West,
C00444,9473829973,Bharath Menon,9724238849,Murugan Shetty,2026-08-04 16:14,485,Trichy-West,
C00445,9473829973,Bharath Menon,9724238849,Murugan Shetty,2026-08-04 16:14,107,Salem-South,
C00446,9473829973,Bharath Menon,9016582029,Jagan Sundaram,2026-08-04 17:36,420,Chennai-Central,
C00447,9473829973,Bharath Menon,9840862118,Pandi Pillai,2026-08-05 14:55,427,Madurai-East,
C00448,9473829973,Bharath Menon,9724238849,Murugan Shetty,2026-08-05 20:03,530,Salem-South,
C00449,9473829973,Bharath Menon,9743671369,Nithin Pillai,2026-08-05 13:53,420,Chennai-Central,
C00450,9473829973,Bharath Menon,9849912165,Bharath Subramaniam,2026-08-06 20:34,180,Chennai-Central,
C00451,9473829973,Bharath Menon,9724238849,Murugan Shetty,2026-08-06 17:51,541,Chennai-Central,
C00452,9473829973,Bharath Menon,9724238849,Murugan Shetty,2026-08-07 22:42,519,Madurai-East,
C00453,9473829973,Bharath Menon,9840862118,Pandi Pillai,2026-08-07 11:06,69,Trichy-West,
C00454,9473829973,Bharath Menon,9719022941,Karthik Mohan,2026-08-08 18:27,73,Chennai-Central,
C00455,9473829973,Bharath Menon,9016582029,Jagan Sundaram,2026-08-09 12:44,392,Coimbatore-North,
C00456,9473829973,Bharath Menon,9840862118,Pandi Pillai,2026-08-09 15:09,387,Salem-South,
C00457,9473829973,Bharath Menon,9719022941,Karthik Mohan,2026-08-10 19:42,434,Coimbatore-North,
C00458,9473829973,Bharath Menon,9719022941,Karthik Mohan,2026-08-10 14:13,202,Chennai-Central,
C00459,9473829973,Bharath Menon,9743671369,Nithin Pillai,2026-08-10 09:40,47,Erode-Hub,
C00460,9473829973,Bharath Menon,9743671369,Nithin Pillai,2026-08-11 22:03,48,Erode-Hub,
C00461,9473829973,Bharath Menon,9719022941,Karthik Mohan,2026-08-11 17:13,391,Erode-Hub,
C00462,9473829973,Bharath Menon,9743671369,Nithin Pillai,2026-08-12 21:58,308,Salem-South,
C00463,9473829973,Bharath Menon,9016582029,Jagan Sundaram,2026-08-12 18:14,581,Coimbatore-North,
C00464,9473829973,Bharath Menon,9724238849,Murugan Shetty,2026-08-13 12:58,195,Trichy-West,
C00465,9473829973,Bharath Menon,9719022941,Karthik Mohan,2026-08-13 18:13,346,Coimbatore-North,
C00466,9473829973,Bharath Menon,9849912165,Bharath Subramaniam,2026-08-14 08:54,84,Erode-Hub,
C00467,9473829973,Bharath Menon,9016582029,Jagan Sundaram,2026-08-14 07:06,351,Chennai-Central,
C00468,9473829973,Bharath Menon,9016582029,Jagan Sundaram,2026-08-14 18:48,523,Salem-South,
C00469,9656670106,Manoj Reddy,9912419049,Naveen Bose,2026-08-01 18:15,388,Chennai-Central,
C00470,9656670106,Manoj Reddy,9346578713,Pandi Natarajan,2026-08-01 16:19,287,Chennai-Central,
C00471,9656670106,Manoj Reddy,9912419049,Naveen Bose,2026-08-01 18:19,446,Salem-South,
C00472,9656670106,Manoj Reddy,9044997278,Bharath Pillai,2026-08-02 10:10,118,Trichy-West,
C00473,9656670106,Manoj Reddy,9346578713,Pandi Natarajan,2026-08-02 16:34,474,Erode-Hub,
C00474,9656670106,Manoj Reddy,9638546785,Omkar Rao,2026-08-03 18:32,291,Trichy-West,
C00475,9656670106,Manoj Reddy,9534283644,Farook Bose,2026-08-03 14:18,42,Madurai-East,
C00476,9656670106,Manoj Reddy,9534283644,Farook Bose,2026-08-04 16:33,215,Madurai-East,
C00477,9656670106,Manoj Reddy,9534283644,Farook Bose,2026-08-04 18:47,485,Chennai-Central,
C00478,9656670106,Manoj Reddy,9638546785,Omkar Rao,2026-08-04 14:56,219,Chennai-Central,
C00479,9656670106,Manoj Reddy,9603669096,Devan Subramaniam,2026-08-05 20:32,589,Madurai-East,
C00480,9656670106,Manoj Reddy,9603669096,Devan Subramaniam,2026-08-06 09:34,135,Chennai-Central,
C00481,9656670106,Manoj Reddy,9044997278,Bharath Pillai,2026-08-06 19:45,133,Trichy-West,
C00482,9656670106,Manoj Reddy,9534283644,Farook Bose,2026-08-07 14:43,531,Coimbatore-North,
C00483,9656670106,Manoj Reddy,9912419049,Naveen Bose,2026-08-08 14:46,239,Salem-South,
C00484,9656670106,Manoj Reddy,9047868633,Arun Ramaswamy,2026-08-09 17:11,592,Salem-South,
C00485,9656670106,Manoj Reddy,9044997278,Bharath Pillai,2026-08-10 15:12,249,Coimbatore-North,
C00486,9656670106,Manoj Reddy,9912419049,Naveen Bose,2026-08-10 18:02,163,Coimbatore-North,
C00487,9656670106,Manoj Reddy,9912419049,Naveen Bose,2026-08-10 12:56,504,Erode-Hub,
C00488,9656670106,Manoj Reddy,9647102767,Anand Sundaram,2026-08-11 07:59,64,Salem-South,
C00489,9656670106,Manoj Reddy,9047868633,Arun Ramaswamy,2026-08-11 19:56,278,Trichy-West,
C00490,9656670106,Manoj Reddy,9044997278,Bharath Pillai,2026-08-11 20:31,56,Coimbatore-North,
C00491,9656670106,Manoj Reddy,9047868633,Arun Ramaswamy,2026-08-12 12:44,262,Trichy-West,
C00492,9656670106,Manoj Reddy,9638546785,Omkar Rao,2026-08-13 17:31,27,Chennai-Central,
C00493,9656670106,Manoj Reddy,9638546785,Omkar Rao,2026-08-13 22:37,413,Chennai-Central,
C00494,9656670106,Manoj Reddy,9047868633,Arun Ramaswamy,2026-08-13 08:07,48,Madurai-East,
C00495,9656670106,Manoj Reddy,9044997278,Bharath Pillai,2026-08-14 13:32,31,Trichy-West,
C00496,9656670106,Manoj Reddy,9346578713,Pandi Natarajan,2026-08-14 21:12,516,Erode-Hub,
C00497,9656670106,Manoj Reddy,9912419049,Naveen Bose,2026-08-14 09:34,54,Coimbatore-North,
C00498,9872624731,Ganesh Rao,9905151864,Thiru Gupta,2026-08-01 12:39,58,Chennai-Central,
C00499,9872624731,Ganesh Rao,9019380262,Kumar Verma,2026-08-02 11:05,67,Coimbatore-North,
C00500,9872624731,Ganesh Rao,9627298069,Elango Gupta,2026-08-02 17:38,58,Salem-South,
C00501,9872624731,Ganesh Rao,9615305152,Hari Menon,2026-08-02 14:18,204,Coimbatore-North,
C00502,9872624731,Ganesh Rao,9149368998,Eswar Singh,2026-08-03 12:04,192,Salem-South,
C00503,9872624731,Ganesh Rao,9627298069,Elango Gupta,2026-08-03 19:26,173,Trichy-West,
C00504,9872624731,Ganesh Rao,9149368998,Eswar Singh,2026-08-03 10:24,25,Trichy-West,
C00505,9872624731,Ganesh Rao,9615305152,Hari Menon,2026-08-04 20:56,421,Madurai-East,
C00506,9872624731,Ganesh Rao,9149368998,Eswar Singh,2026-08-04 16:42,155,Coimbatore-North,
C00507,9872624731,Ganesh Rao,9905151864,Thiru Gupta,2026-08-05 16:19,319,Coimbatore-North,
C00508,9872624731,Ganesh Rao,9159996504,Vijay Venkatesh,2026-08-06 12:40,422,Madurai-East,
C00509,9872624731,Ganesh Rao,9627298069,Elango Gupta,2026-08-06 15:07,590,Chennai-Central,
C00510,9872624731,Ganesh Rao,9159996504,Vijay Venkatesh,2026-08-06 20:55,390,Salem-South,
C00511,9872624731,Ganesh Rao,9938677496,Harish Bose,2026-08-07 15:25,528,Salem-South,
C00512,9872624731,Ganesh Rao,9615305152,Hari Menon,2026-08-07 11:49,83,Trichy-West,
C00513,9872624731,Ganesh Rao,9159996504,Vijay Venkatesh,2026-08-07 15:13,350,Salem-South,
C00514,9872624731,Ganesh Rao,9905151864,Thiru Gupta,2026-08-08 12:23,538,Erode-Hub,
C00515,9872624731,Ganesh Rao,9627298069,Elango Gupta,2026-08-09 15:12,409,Salem-South,
C00516,9872624731,Ganesh Rao,9149368998,Eswar Singh,2026-08-09 17:46,21,Chennai-Central,
C00517,9872624731,Ganesh Rao,9615305152,Hari Menon,2026-08-09 07:40,356,Erode-Hub,
C00518,9872624731,Ganesh Rao,9019380262,Kumar Verma,2026-08-10 14:51,513,Coimbatore-North,
C00519,9872624731,Ganesh Rao,9149368998,Eswar Singh,2026-08-11 19:15,340,Erode-Hub,
C00520,9872624731,Ganesh Rao,9159996504,Vijay Venkatesh,2026-08-11 21:34,175,Erode-Hub,
C00521,9872624731,Ganesh Rao,9149368998,Eswar Singh,2026-08-12 12:43,56,Trichy-West,
C00522,9872624731,Ganesh Rao,9159996504,Vijay Venkatesh,2026-08-13 18:41,79,Madurai-East,
C00523,9872624731,Ganesh Rao,9615305152,Hari Menon,2026-08-13 08:08,490,Erode-Hub,
C00524,9872624731,Ganesh Rao,9627298069,Elango Gupta,2026-08-13 15:43,281,Salem-South,
C00525,9872624731,Ganesh Rao,9615305152,Hari Menon,2026-08-14 22:14,123,Chennai-Central,
C00526,9872624731,Ganesh Rao,9149368998,Eswar Singh,2026-08-14 12:54,85,Coimbatore-North,
C00527,9872624731,Ganesh Rao,9149368998,Eswar Singh,2026-08-14 18:08,115,Salem-South,
C00528,9013267736,Kishore Chandran,9952694958,Ravi Gupta,2026-08-01 13:00,471,Trichy-West,
C00529,9013267736,Kishore Chandran,9684145933,Senthil Nair,2026-08-01 22:38,541,Coimbatore-North,
C00530,9013267736,Kishore Chandran,9684145933,Senthil Nair,2026-08-02 10:50,317,Chennai-Central,
C00531,9013267736,Kishore Chandran,9952694958,Ravi Gupta,2026-08-02 20:51,306,Trichy-West,
C00532,9013267736,Kishore Chandran,9473829973,Bharath Menon,2026-08-02 22:59,427,Erode-Hub,
C00533,9013267736,Kishore Chandran,9952694958,Ravi Gupta,2026-08-03 09:43,174,Trichy-West,
C00534,9013267736,Kishore Chandran,9647102767,Anand Sundaram,2026-08-03 20:06,255,Coimbatore-North,
C00535,9013267736,Kishore Chandran,9952694958,Ravi Gupta,2026-08-03 16:19,396,Trichy-West,
C00536,9013267736,Kishore Chandran,9935978207,Siva Achari,2026-08-04 07:56,192,Trichy-West,
C00537,9013267736,Kishore Chandran,9647102767,Anand Sundaram,2026-08-04 11:10,159,Chennai-Central,
C00538,9013267736,Kishore Chandran,9473829973,Bharath Menon,2026-08-04 09:36,178,Coimbatore-North,
C00539,9013267736,Kishore Chandran,9935978207,Siva Achari,2026-08-05 17:45,167,Trichy-West,
C00540,9013267736,Kishore Chandran,9935978207,Siva Achari,2026-08-05 10:35,58,Erode-Hub,
C00541,9013267736,Kishore Chandran,9647102767,Anand Sundaram,2026-08-06 22:31,328,Madurai-East,
C00542,9013267736,Kishore Chandran,9952694958,Ravi Gupta,2026-08-06 13:49,95,Trichy-West,
C00543,9013267736,Kishore Chandran,9647102767,Anand Sundaram,2026-08-06 21:39,204,Madurai-East,
C00544,9013267736,Kishore Chandran,9952694958,Ravi Gupta,2026-08-07 08:52,536,Coimbatore-North,
C00545,9013267736,Kishore Chandran,9647102767,Anand Sundaram,2026-08-07 16:15,195,Salem-South,
C00546,9013267736,Kishore Chandran,9464887719,Kannan Natarajan,2026-08-07 17:55,192,Salem-South,
C00547,9013267736,Kishore Chandran,9473829973,Bharath Menon,2026-08-08 14:29,84,Chennai-Central,
C00548,9013267736,Kishore Chandran,9464887719,Kannan Natarajan,2026-08-08 10:14,193,Coimbatore-North,
C00549,9013267736,Kishore Chandran,9952694958,Ravi Gupta,2026-08-08 22:54,517,Madurai-East,
C00550,9013267736,Kishore Chandran,9935978207,Siva Achari,2026-08-09 12:14,273,Coimbatore-North,
C00551,9013267736,Kishore Chandran,9935978207,Siva Achari,2026-08-09 20:26,262,Erode-Hub,
C00552,9013267736,Kishore Chandran,9684145933,Senthil Nair,2026-08-10 21:22,594,Madurai-East,
C00553,9013267736,Kishore Chandran,9473829973,Bharath Menon,2026-08-10 11:53,314,Trichy-West,
C00554,9013267736,Kishore Chandran,9952694958,Ravi Gupta,2026-08-11 17:36,123,Coimbatore-North,
C00555,9013267736,Kishore Chandran,9684145933,Senthil Nair,2026-08-11 19:40,139,Erode-Hub,
C00556,9013267736,Kishore Chandran,9464887719,Kannan Natarajan,2026-08-12 09:34,280,Trichy-West,
C00557,9013267736,Kishore Chandran,9647102767,Anand Sundaram,2026-08-12 10:56,88,Madurai-East,
C00558,9013267736,Kishore Chandran,9473829973,Bharath Menon,2026-08-12 22:12,317,Trichy-West,
C00559,9013267736,Kishore Chandran,9473829973,Bharath Menon,2026-08-13 17:31,216,Chennai-Central,
C00560,9013267736,Kishore Chandran,9935978207,Siva Achari,2026-08-14 09:50,587,Chennai-Central,
C00561,9013267736,Kishore Chandran,9647102767,Anand Sundaram,2026-08-14 21:29,519,Madurai-East,
C00562,9474687234,Arun Mohan,9824771093,Mahesh Pillai,2026-08-01 12:35,119,Salem-South,
C00563,9474687234,Arun Mohan,9824771093,Mahesh Pillai,2026-08-01 12:26,180,Madurai-East,
C00564,9474687234,Arun Mohan,9611836736,Bharath Bose,2026-08-01 16:57,321,Chennai-Central,
C00565,9474687234,Arun Mohan,9824771093,Mahesh Pillai,2026-08-02 12:33,562,Trichy-West,
C00566,9474687234,Arun Mohan,9267888610,Ravi Iyer,2026-08-02 21:05,168,Erode-Hub,
C00567,9474687234,Arun Mohan,9824771093,Mahesh Pillai,2026-08-02 12:49,336,Chennai-Central,
C00568,9474687234,Arun Mohan,9611836736,Bharath Bose,2026-08-03 17:06,362,Trichy-West,
C00569,9474687234,Arun Mohan,9824771093,Mahesh Pillai,2026-08-03 22:35,407,Chennai-Central,
C00570,9474687234,Arun Mohan,9917693676,Anand Raj,2026-08-03 09:22,293,Erode-Hub,
C00571,9474687234,Arun Mohan,9611836736,Bharath Bose,2026-08-04 13:27,493,Chennai-Central,
C00572,9474687234,Arun Mohan,9611836736,Bharath Bose,2026-08-04 08:43,496,Chennai-Central,
C00573,9474687234,Arun Mohan,9917693676,Anand Raj,2026-08-05 22:00,238,Erode-Hub,
C00574,9474687234,Arun Mohan,9400499154,Prakash Achari,2026-08-05 12:30,470,Coimbatore-North,
C00575,9474687234,Arun Mohan,9270866882,Vijay Verma,2026-08-05 22:59,233,Erode-Hub,
C00576,9474687234,Arun Mohan,9917693676,Anand Raj,2026-08-06 20:14,113,Chennai-Central,
C00577,9474687234,Arun Mohan,9400499154,Prakash Achari,2026-08-06 11:58,381,Chennai-Central,
C00578,9474687234,Arun Mohan,9270866882,Vijay Verma,2026-08-07 18:27,487,Chennai-Central,
C00579,9474687234,Arun Mohan,9400499154,Prakash Achari,2026-08-07 18:50,486,Salem-South,
C00580,9474687234,Arun Mohan,9267888610,Ravi Iyer,2026-08-08 18:59,53,Salem-South,
C00581,9474687234,Arun Mohan,9824771093,Mahesh Pillai,2026-08-08 20:42,249,Madurai-East,
C00582,9474687234,Arun Mohan,9611836736,Bharath Bose,2026-08-09 14:23,136,Madurai-East,
C00583,9474687234,Arun Mohan,9267888610,Ravi Iyer,2026-08-10 19:21,200,Coimbatore-North,
C00584,9474687234,Arun Mohan,9824771093,Mahesh Pillai,2026-08-11 21:48,256,Coimbatore-North,
C00585,9474687234,Arun Mohan,9270866882,Vijay Verma,2026-08-11 09:12,213,Trichy-West,
C00586,9474687234,Arun Mohan,9400499154,Prakash Achari,2026-08-12 22:22,111,Trichy-West,
C00587,9474687234,Arun Mohan,9824771093,Mahesh Pillai,2026-08-13 16:38,371,Salem-South,
C00588,9474687234,Arun Mohan,9824771093,Mahesh Pillai,2026-08-13 12:54,356,Coimbatore-North,
C00589,9474687234,Arun Mohan,9400499154,Prakash Achari,2026-08-14 16:57,472,Chennai-Central,
C00590,9500978820,Suresh Balakrishnan,9222196937,Selvam Das,2026-08-01 19:46,368,Trichy-West,
C00591,9500978820,Suresh Balakrishnan,9222196937,Selvam Das,2026-08-01 22:04,72,Madurai-East,
C00592,9500978820,Suresh Balakrishnan,9780913431,Jagan Natarajan,2026-08-02 18:01,487,Erode-Hub,
C00593,9500978820,Suresh Balakrishnan,9839301031,Rahul Das,2026-08-02 17:37,523,Trichy-West,
C00594,9500978820,Suresh Balakrishnan,9839301031,Rahul Das,2026-08-02 15:39,73,Chennai-Central,
C00595,9500978820,Suresh Balakrishnan,9400504556,Siva Nair,2026-08-03 07:46,49,Madurai-East,
C00596,9500978820,Suresh Balakrishnan,9222196937,Selvam Das,2026-08-04 07:26,123,Trichy-West,
C00597,9500978820,Suresh Balakrishnan,9400504556,Siva Nair,2026-08-04 10:22,415,Madurai-East,
C00598,9500978820,Suresh Balakrishnan,9839301031,Rahul Das,2026-08-05 08:38,506,Coimbatore-North,
C00599,9500978820,Suresh Balakrishnan,9400504556,Siva Nair,2026-08-05 07:37,188,Salem-South,
C00600,9500978820,Suresh Balakrishnan,9780913431,Jagan Natarajan,2026-08-05 11:57,520,Chennai-Central,
C00601,9500978820,Suresh Balakrishnan,9400504556,Siva Nair,2026-08-06 15:05,439,Erode-Hub,
C00602,9500978820,Suresh Balakrishnan,9400504556,Siva Nair,2026-08-06 08:37,560,Chennai-Central,
C00603,9500978820,Suresh Balakrishnan,9839301031,Rahul Das,2026-08-06 21:30,274,Madurai-East,
C00604,9500978820,Suresh Balakrishnan,9400504556,Siva Nair,2026-08-07 21:07,476,Coimbatore-North,
C00605,9500978820,Suresh Balakrishnan,9780913431,Jagan Natarajan,2026-08-08 19:26,547,Trichy-West,
C00606,9500978820,Suresh Balakrishnan,9222196937,Selvam Das,2026-08-09 14:12,490,Erode-Hub,
C00607,9500978820,Suresh Balakrishnan,9400504556,Siva Nair,2026-08-09 18:42,321,Madurai-East,
C00608,9500978820,Suresh Balakrishnan,9839301031,Rahul Das,2026-08-09 11:05,234,Erode-Hub,
C00609,9500978820,Suresh Balakrishnan,9222196937,Selvam Das,2026-08-10 10:15,141,Chennai-Central,
C00610,9500978820,Suresh Balakrishnan,9780913431,Jagan Natarajan,2026-08-10 10:28,304,Erode-Hub,
C00611,9500978820,Suresh Balakrishnan,9400504556,Siva Nair,2026-08-10 11:47,379,Salem-South,
C00612,9500978820,Suresh Balakrishnan,9222196937,Selvam Das,2026-08-11 11:16,236,Coimbatore-North,
C00613,9500978820,Suresh Balakrishnan,9222196937,Selvam Das,2026-08-11 10:02,439,Erode-Hub,
C00614,9500978820,Suresh Balakrishnan,9839301031,Rahul Das,2026-08-12 08:25,82,Salem-South,
C00615,9500978820,Suresh Balakrishnan,9400504556,Siva Nair,2026-08-12 08:57,477,Erode-Hub,
C00616,9500978820,Suresh Balakrishnan,9222196937,Selvam Das,2026-08-12 17:44,465,Madurai-East,
C00617,9500978820,Suresh Balakrishnan,9839301031,Rahul Das,2026-08-13 19:46,434,Trichy-West,
C00618,9500978820,Suresh Balakrishnan,9222196937,Selvam Das,2026-08-13 11:28,472,Erode-Hub,
C00619,9500978820,Suresh Balakrishnan,9839301031,Rahul Das,2026-08-13 12:00,427,Coimbatore-North,
C00620,9500978820,Suresh Balakrishnan,9222196937,Selvam Das,2026-08-14 20:52,157,Erode-Hub,
C00621,9361939909,Harish Iyer,9092327193,Anand Rao,2026-08-01 21:38,516,Chennai-Central,
C00622,9361939909,Harish Iyer,9640909743,Rahul Venkatesh,2026-08-02 18:23,83,Chennai-Central,
C00623,9361939909,Harish Iyer,9784980841,Ramesh Nair,2026-08-02 22:31,222,Chennai-Central,
C00624,9361939909,Harish Iyer,9571208267,Manoj Krishnan,2026-08-02 21:57,426,Erode-Hub,
C00625,9361939909,Harish Iyer,9784980841,Ramesh Nair,2026-08-03 18:03,424,Madurai-East,
C00626,9361939909,Harish Iyer,9084700766,Vijay Bose,2026-08-03 09:44,119,Salem-South,
C00627,9361939909,Harish Iyer,9084700766,Vijay Bose,2026-08-03 19:47,147,Chennai-Central,
C00628,9361939909,Harish Iyer,9571208267,Manoj Krishnan,2026-08-04 16:14,352,Chennai-Central,
C00629,9361939909,Harish Iyer,9084700766,Vijay Bose,2026-08-04 20:57,318,Madurai-East,
C00630,9361939909,Harish Iyer,9684145933,Senthil Nair,2026-08-04 15:44,567,Madurai-East,
C00631,9361939909,Harish Iyer,9784980841,Ramesh Nair,2026-08-05 16:52,156,Madurai-East,
C00632,9361939909,Harish Iyer,9317139005,Murugan Pillai,2026-08-05 08:22,153,Coimbatore-North,
C00633,9361939909,Harish Iyer,9640909743,Rahul Venkatesh,2026-08-06 10:39,468,Salem-South,
C00634,9361939909,Harish Iyer,9684145933,Senthil Nair,2026-08-06 11:24,340,Salem-South,
C00635,9361939909,Harish Iyer,9084700766,Vijay Bose,2026-08-06 08:28,414,Chennai-Central,
C00636,9361939909,Harish Iyer,9659180339,Aravind Gowda,2026-08-07 13:10,329,Trichy-West,
C00637,9361939909,Harish Iyer,9317139005,Murugan Pillai,2026-08-07 17:54,595,Coimbatore-North,
C00638,9361939909,Harish Iyer,9684145933,Senthil Nair,2026-08-08 10:32,149,Coimbatore-North,
C00639,9361939909,Harish Iyer,9092327193,Anand Rao,2026-08-09 22:54,477,Trichy-West,
C00640,9361939909,Harish Iyer,9084700766,Vijay Bose,2026-08-10 08:41,558,Chennai-Central,
C00641,9361939909,Harish Iyer,9684145933,Senthil Nair,2026-08-10 10:21,200,Erode-Hub,
C00642,9361939909,Harish Iyer,9084700766,Vijay Bose,2026-08-11 16:44,320,Madurai-East,
C00643,9361939909,Harish Iyer,9659180339,Aravind Gowda,2026-08-11 19:23,229,Coimbatore-North,
C00644,9361939909,Harish Iyer,9659180339,Aravind Gowda,2026-08-12 22:03,503,Coimbatore-North,
C00645,9361939909,Harish Iyer,9784980841,Ramesh Nair,2026-08-13 19:18,298,Coimbatore-North,
C00646,9361939909,Harish Iyer,9659180339,Aravind Gowda,2026-08-13 14:01,170,Chennai-Central,
C00647,9361939909,Harish Iyer,9640909743,Rahul Venkatesh,2026-08-13 22:37,450,Trichy-West,
C00648,9361939909,Harish Iyer,9659180339,Aravind Gowda,2026-08-14 21:01,384,Salem-South,
C00649,9361939909,Harish Iyer,9092327193,Anand Rao,2026-08-14 14:44,148,Coimbatore-North,
C00650,9435346247,Kumar Achari,9473829973,Bharath Menon,2026-08-01 09:55,384,Chennai-Central,
C00651,9435346247,Kumar Achari,9535841438,Naveen Nair,2026-08-02 14:06,387,Salem-South,
C00652,9435346247,Kumar Achari,9054868740,Ganesh Shetty,2026-08-02 08:08,472,Chennai-Central,
C00653,9435346247,Kumar Achari,9054868740,Ganesh Shetty,2026-08-03 07:34,587,Trichy-West,
C00654,9435346247,Kumar Achari,9535841438,Naveen Nair,2026-08-03 21:09,517,Coimbatore-North,
C00655,9435346247,Kumar Achari,9474687234,Arun Mohan,2026-08-04 16:14,586,Chennai-Central,
C00656,9435346247,Kumar Achari,9474687234,Arun Mohan,2026-08-05 19:15,194,Chennai-Central,
C00657,9435346247,Kumar Achari,9474687234,Arun Mohan,2026-08-06 09:22,507,Trichy-West,
C00658,9435346247,Kumar Achari,9541566765,Thiru Sharma,2026-08-07 11:18,156,Chennai-Central,
C00659,9435346247,Kumar Achari,9054868740,Ganesh Shetty,2026-08-07 11:37,331,Trichy-West,
C00660,9435346247,Kumar Achari,9094777520,Manoj Gowda,2026-08-07 19:31,554,Chennai-Central,
C00661,9435346247,Kumar Achari,9474687234,Arun Mohan,2026-08-08 12:53,524,Erode-Hub,
C00662,9435346247,Kumar Achari,9535841438,Naveen Nair,2026-08-08 17:22,226,Chennai-Central,
C00663,9435346247,Kumar Achari,9474687234,Arun Mohan,2026-08-08 21:30,469,Coimbatore-North,
C00664,9435346247,Kumar Achari,9054868740,Ganesh Shetty,2026-08-09 09:43,537,Salem-South,
C00665,9435346247,Kumar Achari,9094777520,Manoj Gowda,2026-08-09 09:23,492,Chennai-Central,
C00666,9435346247,Kumar Achari,9474687234,Arun Mohan,2026-08-10 21:50,76,Chennai-Central,
C00667,9435346247,Kumar Achari,9528098851,Raja Reddy,2026-08-10 11:43,489,Erode-Hub,
C00668,9435346247,Kumar Achari,9433036541,Kannan Singh,2026-08-11 09:41,455,Chennai-Central,
C00669,9435346247,Kumar Achari,9433036541,Kannan Singh,2026-08-12 09:55,475,Salem-South,
C00670,9435346247,Kumar Achari,9541566765,Thiru Sharma,2026-08-13 07:12,375,Trichy-West,
C00671,9435346247,Kumar Achari,9433036541,Kannan Singh,2026-08-13 11:37,88,Madurai-East,
C00672,9435346247,Kumar Achari,9535841438,Naveen Nair,2026-08-14 18:26,544,Coimbatore-North,
C00673,9911838425,Kannan Bose,9683885160,Prakash Patel,2026-08-01 12:39,225,Erode-Hub,
C00674,9911838425,Kannan Bose,9603669096,Devan Subramaniam,2026-08-01 16:16,222,Madurai-East,
C00675,9911838425,Kannan Bose,9603669096,Devan Subramaniam,2026-08-02 12:35,47,Madurai-East,
C00676,9911838425,Kannan Bose,9640052427,Deepak Pandian,2026-08-02 16:46,136,Chennai-Central,
C00677,9911838425,Kannan Bose,9683885160,Prakash Patel,2026-08-02 14:04,122,Coimbatore-North,
C00678,9911838425,Kannan Bose,9603669096,Devan Subramaniam,2026-08-03 13:23,21,Erode-Hub,
C00679,9911838425,Kannan Bose,9683885160,Prakash Patel,2026-08-03 14:39,257,Salem-South,
C00680,9911838425,Kannan Bose,9683885160,Prakash Patel,2026-08-04 19:55,190,Erode-Hub,
C00681,9911838425,Kannan Bose,9683885160,Prakash Patel,2026-08-04 07:15,395,Chennai-Central,
C00682,9911838425,Kannan Bose,9640052427,Deepak Pandian,2026-08-05 12:35,585,Salem-South,
C00683,9911838425,Kannan Bose,9683885160,Prakash Patel,2026-08-05 16:07,470,Madurai-East,
C00684,9911838425,Kannan Bose,9640052427,Deepak Pandian,2026-08-05 16:01,425,Salem-South,
C00685,9911838425,Kannan Bose,9683885160,Prakash Patel,2026-08-06 15:52,227,Chennai-Central,
C00686,9911838425,Kannan Bose,9683885160,Prakash Patel,2026-08-06 09:11,556,Erode-Hub,
C00687,9911838425,Kannan Bose,9683885160,Prakash Patel,2026-08-06 22:30,164,Madurai-East,
C00688,9911838425,Kannan Bose,9603669096,Devan Subramaniam,2026-08-07 15:35,233,Madurai-East,
C00689,9911838425,Kannan Bose,9603669096,Devan Subramaniam,2026-08-07 18:48,462,Trichy-West,
C00690,9911838425,Kannan Bose,9683885160,Prakash Patel,2026-08-07 18:09,536,Trichy-West,
C00691,9911838425,Kannan Bose,9640052427,Deepak Pandian,2026-08-08 17:37,255,Trichy-West,
C00692,9911838425,Kannan Bose,9640052427,Deepak Pandian,2026-08-09 20:30,512,Erode-Hub,
C00693,9911838425,Kannan Bose,9603669096,Devan Subramaniam,2026-08-10 16:10,47,Coimbatore-North,
C00694,9911838425,Kannan Bose,9683885160,Prakash Patel,2026-08-10 12:10,600,Salem-South,
C00695,9911838425,Kannan Bose,9640052427,Deepak Pandian,2026-08-11 21:00,582,Coimbatore-North,
C00696,9911838425,Kannan Bose,9191088398,Omkar Singh,2026-08-11 09:40,490,Coimbatore-North,
C00697,9911838425,Kannan Bose,9191088398,Omkar Singh,2026-08-12 07:50,598,Salem-South,
C00698,9911838425,Kannan Bose,9191088398,Omkar Singh,2026-08-12 17:12,297,Madurai-East,
C00699,9911838425,Kannan Bose,9640052427,Deepak Pandian,2026-08-12 14:31,372,Madurai-East,
C00700,9911838425,Kannan Bose,9683885160,Prakash Patel,2026-08-13 20:22,296,Trichy-West,
C00701,9911838425,Kannan Bose,9191088398,Omkar Singh,2026-08-13 12:15,579,Erode-Hub,
C00702,9911838425,Kannan Bose,9191088398,Omkar Singh,2026-08-14 15:38,290,Trichy-West,
C00703,9911838425,Kannan Bose,9191088398,Omkar Singh,2026-08-14 19:25,452,Salem-South,
C00704,9784980841,Ramesh Nair,9943969078,Deepak Sharma,2026-08-01 12:59,527,Chennai-Central,
C00705,9784980841,Ramesh Nair,9640052427,Deepak Pandian,2026-08-01 07:10,354,Chennai-Central,
C00706,9784980841,Ramesh Nair,9159996504,Vijay Venkatesh,2026-08-02 22:31,265,Salem-South,
C00707,9784980841,Ramesh Nair,9905151864,Thiru Gupta,2026-08-02 08:43,265,Trichy-West,
C00708,9784980841,Ramesh Nair,9799650752,Anand Ramaswamy,2026-08-03 22:14,225,Coimbatore-North,
C00709,9784980841,Ramesh Nair,9640052427,Deepak Pandian,2026-08-03 22:17,257,Salem-South,
C00710,9784980841,Ramesh Nair,9740344713,Nithin Bose,2026-08-04 08:11,358,Salem-South,
C00711,9784980841,Ramesh Nair,9812236231,Kumar Shetty,2026-08-05 08:21,267,Trichy-West,
C00712,9784980841,Ramesh Nair,9640052427,Deepak Pandian,2026-08-05 13:32,201,Madurai-East,
C00713,9784980841,Ramesh Nair,9905151864,Thiru Gupta,2026-08-05 10:54,55,Chennai-Central,
C00714,9784980841,Ramesh Nair,9943969078,Deepak Sharma,2026-08-06 13:57,289,Salem-South,
C00715,9784980841,Ramesh Nair,9740344713,Nithin Bose,2026-08-07 21:45,571,Coimbatore-North,
C00716,9784980841,Ramesh Nair,9799650752,Anand Ramaswamy,2026-08-07 14:01,126,Coimbatore-North,
C00717,9784980841,Ramesh Nair,9905151864,Thiru Gupta,2026-08-07 14:11,594,Madurai-East,
C00718,9784980841,Ramesh Nair,9640052427,Deepak Pandian,2026-08-08 15:49,30,Trichy-West,
C00719,9784980841,Ramesh Nair,9799650752,Anand Ramaswamy,2026-08-08 15:07,434,Erode-Hub,
C00720,9784980841,Ramesh Nair,9159996504,Vijay Venkatesh,2026-08-08 20:20,90,Salem-South,
C00721,9784980841,Ramesh Nair,9812236231,Kumar Shetty,2026-08-09 11:29,279,Trichy-West,
C00722,9784980841,Ramesh Nair,9943969078,Deepak Sharma,2026-08-09 14:20,553,Trichy-West,
C00723,9784980841,Ramesh Nair,9640052427,Deepak Pandian,2026-08-10 15:48,325,Trichy-West,
C00724,9784980841,Ramesh Nair,9640052427,Deepak Pandian,2026-08-10 09:47,383,Coimbatore-North,
C00725,9784980841,Ramesh Nair,9740344713,Nithin Bose,2026-08-11 11:47,45,Coimbatore-North,
C00726,9784980841,Ramesh Nair,9812236231,Kumar Shetty,2026-08-11 18:46,32,Erode-Hub,
C00727,9784980841,Ramesh Nair,9640052427,Deepak Pandian,2026-08-12 14:01,536,Coimbatore-North,
C00728,9784980841,Ramesh Nair,9321046963,Dinesh Subramaniam,2026-08-13 14:04,212,Madurai-East,
C00729,9784980841,Ramesh Nair,9640052427,Deepak Pandian,2026-08-13 21:26,597,Salem-South,
C00730,9784980841,Ramesh Nair,9640052427,Deepak Pandian,2026-08-13 20:29,564,Madurai-East,
C00731,9784980841,Ramesh Nair,9740344713,Nithin Bose,2026-08-14 10:04,314,Coimbatore-North,
C00732,9784980841,Ramesh Nair,9751049049,Unknown,2026-08-09 11:27,20,Chennai-Central,SUSPICIOUS_BURST
C00733,9784980841,Ramesh Nair,9751049049,Unknown,2026-08-09 09:57,49,Chennai-Central,SUSPICIOUS_BURST
C00734,9784980841,Ramesh Nair,9751049049,Unknown,2026-08-09 04:20,34,Coimbatore-North,SUSPICIOUS_BURST
C00735,9784980841,Ramesh Nair,9751049049,Unknown,2026-08-09 16:28,9,Coimbatore-North,SUSPICIOUS_BURST
C00736,9784980841,Ramesh Nair,9751049049,Unknown,2026-08-09 18:40,53,Chennai-Central,SUSPICIOUS_BURST
C00737,9784980841,Ramesh Nair,9751049049,Unknown,2026-08-09 17:51,51,Coimbatore-North,SUSPICIOUS_BURST
C00738,9784980841,Ramesh Nair,9751049049,Unknown,2026-08-09 14:43,33,Coimbatore-North,SUSPICIOUS_BURST
C00739,9784980841,Ramesh Nair,9751049049,Unknown,2026-08-09 10:13,58,Coimbatore-North,SUSPICIOUS_BURST
C00740,9784980841,Ramesh Nair,9751049049,Unknown,2026-08-09 13:14,40,Coimbatore-North,SUSPICIOUS_BURST
C00741,9784980841,Ramesh Nair,9751049049,Unknown,2026-08-09 11:17,5,Coimbatore-North,SUSPICIOUS_BURST
C00742,9784980841,Ramesh Nair,9751049049,Unknown,2026-08-09 20:30,39,Chennai-Central,SUSPICIOUS_BURST
C00743,9784980841,Ramesh Nair,9751049049,Unknown,2026-08-09 02:57,9,Coimbatore-North,SUSPICIOUS_BURST
C00744,9784980841,Ramesh Nair,9751049049,Unknown,2026-08-09 00:41,14,Chennai-Central,SUSPICIOUS_BURST
C00745,9784980841,Ramesh Nair,9751049049,Unknown,2026-08-09 09:22,46,Chennai-Central,SUSPICIOUS_BURST
C00746,9784980841,Ramesh Nair,9751049049,Unknown,2026-08-09 16:57,11,Coimbatore-North,SUSPICIOUS_BURST
C00747,9784980841,Ramesh Nair,9751049049,Unknown,2026-08-09 07:31,26,Coimbatore-North,SUSPICIOUS_BURST
C00748,9784980841,Ramesh Nair,9751049049,Unknown,2026-08-09 21:42,14,Coimbatore-North,SUSPICIOUS_BURST
C00749,9784980841,Ramesh Nair,9751049049,Unknown,2026-08-09 08:49,8,Coimbatore-North,SUSPICIOUS_BURST
C00750,9784980841,Ramesh Nair,9751049049,Unknown,2026-08-09 15:59,29,Chennai-Central,SUSPICIOUS_BURST
C00751,9784980841,Ramesh Nair,9751049049,Unknown,2026-08-09 18:36,60,Chennai-Central,SUSPICIOUS_BURST
C00752,9784980841,Ramesh Nair,9751049049,Unknown,2026-08-09 16:18,52,Chennai-Central,SUSPICIOUS_BURST
C00753,9784980841,Ramesh Nair,9751049049,Unknown,2026-08-09 19:55,28,Coimbatore-North,SUSPICIOUS_BURST
C00754,9784980841,Ramesh Nair,9751049049,Unknown,2026-08-09 01:21,34,Chennai-Central,SUSPICIOUS_BURST
C00755,9784980841,Ramesh Nair,9751049049,Unknown,2026-08-09 06:55,53,Chennai-Central,SUSPICIOUS_BURST
C00756,9784980841,Ramesh Nair,9751049049,Unknown,2026-08-09 19:35,22,Coimbatore-North,SUSPICIOUS_BURST
C00757,9784980841,Ramesh Nair,9751049049,Unknown,2026-08-09 18:30,20,Coimbatore-North,SUSPICIOUS_BURST
C00758,9784980841,Ramesh Nair,9751049049,Unknown,2026-08-09 01:22,40,Coimbatore-North,SUSPICIOUS_BURST
C00759,9784980841,Ramesh Nair,9751049049,Unknown,2026-08-09 04:47,21,Chennai-Central,SUSPICIOUS_BURST
C00760,9784980841,Ramesh Nair,9751049049,Unknown,2026-08-09 03:24,6,Coimbatore-North,SUSPICIOUS_BURST
C00761,9784980841,Ramesh Nair,9751049049,Unknown,2026-08-09 23:44,30,Chennai-Central,SUSPICIOUS_BURST
C00762,9784980841,Ramesh Nair,9751049049,Unknown,2026-08-09 19:23,47,Coimbatore-North,SUSPICIOUS_BURST
C00763,9784980841,Ramesh Nair,9751049049,Unknown,2026-08-09 09:43,27,Chennai-Central,SUSPICIOUS_BURST
C00764,9784980841,Ramesh Nair,9751049049,Unknown,2026-08-09 06:27,48,Coimbatore-North,SUSPICIOUS_BURST
C00765,9784980841,Ramesh Nair,9751049049,Unknown,2026-08-09 05:05,51,Chennai-Central,SUSPICIOUS_BURST
C00766,9784980841,Ramesh Nair,9751049049,Unknown,2026-08-09 04:19,29,Coimbatore-North,SUSPICIOUS_BURST
C00767,9784980841,Ramesh Nair,9751049049,Unknown,2026-08-09 12:15,26,Coimbatore-North,SUSPICIOUS_BURST
C00768,9784980841,Ramesh Nair,9751049049,Unknown,2026-08-09 11:15,15,Chennai-Central,SUSPICIOUS_BURST
C00769,9784980841,Ramesh Nair,9751049049,Unknown,2026-08-09 12:42,10,Coimbatore-North,SUSPICIOUS_BURST
C00770,9784980841,Ramesh Nair,9751049049,Unknown,2026-08-09 11:16,50,Chennai-Central,SUSPICIOUS_BURST
C00771,9824493534,Manoj Balakrishnan,9292706537,Ashok Nair,2026-08-01 19:39,388,Chennai-Central,
C00772,9824493534,Manoj Balakrishnan,9407581814,Harish Patel,2026-08-01 22:04,452,Chennai-Central,
C00773,9824493534,Manoj Balakrishnan,9352181883,Rajesh Gupta,2026-08-01 08:40,102,Coimbatore-North,
C00774,9824493534,Manoj Balakrishnan,9641708053,Sabari Venkatesh,2026-08-02 21:15,298,Salem-South,
C00775,9824493534,Manoj Balakrishnan,9292706537,Ashok Nair,2026-08-02 17:22,351,Coimbatore-North,
C00776,9824493534,Manoj Balakrishnan,9962309130,Naveen Murthy,2026-08-03 09:52,357,Erode-Hub,
C00777,9824493534,Manoj Balakrishnan,9962309130,Naveen Murthy,2026-08-03 22:52,114,Salem-South,
C00778,9824493534,Manoj Balakrishnan,9044997278,Bharath Pillai,2026-08-03 12:24,331,Coimbatore-North,
C00779,9824493534,Manoj Balakrishnan,9292706537,Ashok Nair,2026-08-04 10:23,46,Erode-Hub,
C00780,9824493534,Manoj Balakrishnan,9641708053,Sabari Venkatesh,2026-08-04 12:43,116,Erode-Hub,
C00781,9824493534,Manoj Balakrishnan,9366752545,Rajesh Murthy,2026-08-05 16:27,547,Salem-South,
C00782,9824493534,Manoj Balakrishnan,9962309130,Naveen Murthy,2026-08-05 16:23,308,Chennai-Central,
C00783,9824493534,Manoj Balakrishnan,9366752545,Rajesh Murthy,2026-08-06 10:41,462,Salem-South,
C00784,9824493534,Manoj Balakrishnan,9641708053,Sabari Venkatesh,2026-08-06 11:45,96,Trichy-West,
C00785,9824493534,Manoj Balakrishnan,9641708053,Sabari Venkatesh,2026-08-07 11:30,126,Coimbatore-North,
C00786,9824493534,Manoj Balakrishnan,9962309130,Naveen Murthy,2026-08-07 21:28,565,Chennai-Central,
C00787,9824493534,Manoj Balakrishnan,9641708053,Sabari Venkatesh,2026-08-08 10:50,419,Trichy-West,
C00788,9824493534,Manoj Balakrishnan,9292706537,Ashok Nair,2026-08-08 16:15,343,Salem-South,
C00789,9824493534,Manoj Balakrishnan,9044997278,Bharath Pillai,2026-08-09 08:24,330,Salem-South,
C00790,9824493534,Manoj Balakrishnan,9044997278,Bharath Pillai,2026-08-09 10:36,466,Salem-South,
C00791,9824493534,Manoj Balakrishnan,9962309130,Naveen Murthy,2026-08-10 13:52,521,Trichy-West,
C00792,9824493534,Manoj Balakrishnan,9352181883,Rajesh Gupta,2026-08-10 14:33,76,Erode-Hub,
C00793,9824493534,Manoj Balakrishnan,9366752545,Rajesh Murthy,2026-08-10 12:30,358,Erode-Hub,
C00794,9824493534,Manoj Balakrishnan,9352181883,Rajesh Gupta,2026-08-11 12:17,590,Erode-Hub,
C00795,9824493534,Manoj Balakrishnan,9962309130,Naveen Murthy,2026-08-11 11:55,104,Salem-South,
C00796,9824493534,Manoj Balakrishnan,9641708053,Sabari Venkatesh,2026-08-11 21:05,66,Salem-South,
C00797,9824493534,Manoj Balakrishnan,9292706537,Ashok Nair,2026-08-12 13:58,531,Salem-South,
C00798,9824493534,Manoj Balakrishnan,9962309130,Naveen Murthy,2026-08-13 19:41,204,Trichy-West,
C00799,9824493534,Manoj Balakrishnan,9044997278,Bharath Pillai,2026-08-13 12:55,540,Coimbatore-North,
C00800,9824493534,Manoj Balakrishnan,9352181883,Rajesh Gupta,2026-08-13 13:10,488,Madurai-East,
C00801,9824493534,Manoj Balakrishnan,9044997278,Bharath Pillai,2026-08-14 13:16,453,Trichy-West,
C00802,9824493534,Manoj Balakrishnan,9366752545,Rajesh Murthy,2026-08-14 10:41,575,Trichy-West,
C00803,9824493534,Manoj Balakrishnan,9962309130,Naveen Murthy,2026-08-14 16:04,310,Erode-Hub,
C00804,9824493534,Manoj Balakrishnan,9133742078,Unknown,2026-08-03 05:47,24,Chennai-Central,SUSPICIOUS_BURST
C00805,9824493534,Manoj Balakrishnan,9133742078,Unknown,2026-08-03 01:51,48,Chennai-Central,SUSPICIOUS_BURST
C00806,9824493534,Manoj Balakrishnan,9133742078,Unknown,2026-08-03 20:48,9,Coimbatore-North,SUSPICIOUS_BURST
C00807,9824493534,Manoj Balakrishnan,9133742078,Unknown,2026-08-03 23:46,41,Chennai-Central,SUSPICIOUS_BURST
C00808,9824493534,Manoj Balakrishnan,9133742078,Unknown,2026-08-03 20:02,29,Coimbatore-North,SUSPICIOUS_BURST
C00809,9824493534,Manoj Balakrishnan,9133742078,Unknown,2026-08-03 03:54,48,Chennai-Central,SUSPICIOUS_BURST
C00810,9824493534,Manoj Balakrishnan,9133742078,Unknown,2026-08-03 08:05,54,Coimbatore-North,SUSPICIOUS_BURST
C00811,9824493534,Manoj Balakrishnan,9133742078,Unknown,2026-08-03 22:51,18,Coimbatore-North,SUSPICIOUS_BURST
C00812,9824493534,Manoj Balakrishnan,9133742078,Unknown,2026-08-03 15:00,58,Chennai-Central,SUSPICIOUS_BURST
C00813,9824493534,Manoj Balakrishnan,9133742078,Unknown,2026-08-03 10:53,7,Chennai-Central,SUSPICIOUS_BURST
C00814,9824493534,Manoj Balakrishnan,9133742078,Unknown,2026-08-03 12:46,19,Coimbatore-North,SUSPICIOUS_BURST
C00815,9824493534,Manoj Balakrishnan,9133742078,Unknown,2026-08-03 08:10,9,Coimbatore-North,SUSPICIOUS_BURST
C00816,9824493534,Manoj Balakrishnan,9133742078,Unknown,2026-08-03 02:16,12,Chennai-Central,SUSPICIOUS_BURST
C00817,9824493534,Manoj Balakrishnan,9133742078,Unknown,2026-08-03 18:47,52,Coimbatore-North,SUSPICIOUS_BURST
C00818,9824493534,Manoj Balakrishnan,9133742078,Unknown,2026-08-03 16:29,5,Coimbatore-North,SUSPICIOUS_BURST
C00819,9824493534,Manoj Balakrishnan,9133742078,Unknown,2026-08-03 13:28,16,Coimbatore-North,SUSPICIOUS_BURST
C00820,9824493534,Manoj Balakrishnan,9133742078,Unknown,2026-08-03 18:28,13,Coimbatore-North,SUSPICIOUS_BURST
C00821,9824493534,Manoj Balakrishnan,9133742078,Unknown,2026-08-03 14:57,36,Coimbatore-North,SUSPICIOUS_BURST
C00822,9824493534,Manoj Balakrishnan,9133742078,Unknown,2026-08-03 00:19,43,Coimbatore-North,SUSPICIOUS_BURST
C00823,9824493534,Manoj Balakrishnan,9133742078,Unknown,2026-08-03 19:59,47,Chennai-Central,SUSPICIOUS_BURST
C00824,9824493534,Manoj Balakrishnan,9133742078,Unknown,2026-08-03 05:42,50,Coimbatore-North,SUSPICIOUS_BURST
C00825,9824493534,Manoj Balakrishnan,9133742078,Unknown,2026-08-03 06:54,22,Coimbatore-North,SUSPICIOUS_BURST
C00826,9824493534,Manoj Balakrishnan,9133742078,Unknown,2026-08-03 23:18,40,Chennai-Central,SUSPICIOUS_BURST
C00827,9640052427,Deepak Pandian,9826137506,Siva Shetty,2026-08-01 13:01,573,Salem-South,
C00828,9640052427,Deepak Pandian,9826137506,Siva Shetty,2026-08-01 22:35,469,Salem-South,
C00829,9640052427,Deepak Pandian,9871012269,Vijay Patel,2026-08-02 14:35,179,Salem-South,
C00830,9640052427,Deepak Pandian,9893246095,Rahul Pandian,2026-08-02 15:23,511,Salem-South,
C00831,9640052427,Deepak Pandian,9516122753,Raja Murthy,2026-08-03 13:38,537,Erode-Hub,
C00832,9640052427,Deepak Pandian,9893246095,Rahul Pandian,2026-08-03 16:50,346,Madurai-East,
C00833,9640052427,Deepak Pandian,9740748217,Jagan Pillai,2026-08-04 11:08,201,Chennai-Central,
C00834,9640052427,Deepak Pandian,9516122753,Raja Murthy,2026-08-04 19:48,563,Salem-South,
C00835,9640052427,Deepak Pandian,9826137506,Siva Shetty,2026-08-05 19:55,350,Madurai-East,
C00836,9640052427,Deepak Pandian,9740748217,Jagan Pillai,2026-08-06 19:35,236,Trichy-West,
C00837,9640052427,Deepak Pandian,9826137506,Siva Shetty,2026-08-06 16:30,78,Erode-Hub,
C00838,9640052427,Deepak Pandian,9826137506,Siva Shetty,2026-08-07 09:47,108,Trichy-West,
C00839,9640052427,Deepak Pandian,9871012269,Vijay Patel,2026-08-07 18:05,318,Chennai-Central,
C00840,9640052427,Deepak Pandian,9855744431,Gopal Krishnan,2026-08-07 09:50,240,Erode-Hub,
C00841,9640052427,Deepak Pandian,9893246095,Rahul Pandian,2026-08-08 20:25,315,Erode-Hub,
C00842,9640052427,Deepak Pandian,9826137506,Siva Shetty,2026-08-09 10:04,125,Trichy-West,
C00843,9640052427,Deepak Pandian,9893246095,Rahul Pandian,2026-08-09 14:15,241,Trichy-West,
C00844,9640052427,Deepak Pandian,9871012269,Vijay Patel,2026-08-10 18:00,510,Erode-Hub,
C00845,9640052427,Deepak Pandian,9826137506,Siva Shetty,2026-08-10 09:27,381,Chennai-Central,
C00846,9640052427,Deepak Pandian,9516122753,Raja Murthy,2026-08-11 18:04,343,Coimbatore-North,
C00847,9640052427,Deepak Pandian,9516122753,Raja Murthy,2026-08-12 08:30,479,Coimbatore-North,
C00848,9640052427,Deepak Pandian,9871012269,Vijay Patel,2026-08-12 19:18,57,Chennai-Central,
C00849,9640052427,Deepak Pandian,9893246095,Rahul Pandian,2026-08-13 12:39,211,Trichy-West,
C00850,9640052427,Deepak Pandian,9871012269,Vijay Patel,2026-08-13 15:40,166,Salem-South,
C00851,9640052427,Deepak Pandian,9871012269,Vijay Patel,2026-08-13 07:38,216,Coimbatore-North,
C00852,9640052427,Deepak Pandian,9516122753,Raja Murthy,2026-08-14 11:55,328,Erode-Hub,
C00853,9640052427,Deepak Pandian,9871012269,Vijay Patel,2026-08-14 16:43,594,Salem-South,
C00854,9640052427,Deepak Pandian,9855744431,Gopal Krishnan,2026-08-14 15:35,259,Trichy-West,
C00855,9280598262,Karthik Shetty,9868000257,Ganesh Bose,2026-08-01 07:27,412,Trichy-West,
C00856,9280598262,Karthik Shetty,9656670106,Manoj Reddy,2026-08-01 12:19,88,Coimbatore-North,
C00857,9280598262,Karthik Shetty,9621745961,Pandi Patel,2026-08-01 07:00,479,Salem-South,
C00858,9280598262,Karthik Shetty,9621745961,Pandi Patel,2026-08-02 21:22,368,Chennai-Central,
C00859,9280598262,Karthik Shetty,9784980841,Ramesh Nair,2026-08-03 20:27,136,Madurai-East,
C00860,9280598262,Karthik Shetty,9621745961,Pandi Patel,2026-08-04 22:50,62,Salem-South,
C00861,9280598262,Karthik Shetty,9868000257,Ganesh Bose,2026-08-04 10:46,400,Erode-Hub,
C00862,9280598262,Karthik Shetty,9784980841,Ramesh Nair,2026-08-05 21:34,395,Salem-South,
C00863,9280598262,Karthik Shetty,9656670106,Manoj Reddy,2026-08-05 14:12,83,Salem-South,
C00864,9280598262,Karthik Shetty,9868000257,Ganesh Bose,2026-08-05 16:14,394,Erode-Hub,
C00865,9280598262,Karthik Shetty,9784980841,Ramesh Nair,2026-08-06 19:31,500,Madurai-East,
C00866,9280598262,Karthik Shetty,9911838425,Kannan Bose,2026-08-06 19:21,114,Salem-South,
C00867,9280598262,Karthik Shetty,9868000257,Ganesh Bose,2026-08-06 21:39,185,Salem-South,
C00868,9280598262,Karthik Shetty,9784980841,Ramesh Nair,2026-08-07 09:13,58,Coimbatore-North,
C00869,9280598262,Karthik Shetty,9621745961,Pandi Patel,2026-08-07 14:38,517,Coimbatore-North,
C00870,9280598262,Karthik Shetty,9615305152,Hari Menon,2026-08-08 09:04,78,Madurai-East,
C00871,9280598262,Karthik Shetty,9808760385,Thiru Mohan,2026-08-08 07:48,518,Madurai-East,
C00872,9280598262,Karthik Shetty,9868000257,Ganesh Bose,2026-08-08 16:19,176,Coimbatore-North,
C00873,9280598262,Karthik Shetty,9656670106,Manoj Reddy,2026-08-09 15:33,306,Madurai-East,
C00874,9280598262,Karthik Shetty,9911838425,Kannan Bose,2026-08-09 12:18,285,Erode-Hub,
C00875,9280598262,Karthik Shetty,9868000257,Ganesh Bose,2026-08-09 17:23,172,Chennai-Central,
C00876,9280598262,Karthik Shetty,9615305152,Hari Menon,2026-08-10 21:52,237,Chennai-Central,
C00877,9280598262,Karthik Shetty,9784980841,Ramesh Nair,2026-08-10 08:17,389,Chennai-Central,
C00878,9280598262,Karthik Shetty,9615305152,Hari Menon,2026-08-11 17:09,523,Salem-South,
C00879,9280598262,Karthik Shetty,9911838425,Kannan Bose,2026-08-12 11:34,213,Trichy-West,
C00880,9280598262,Karthik Shetty,9911838425,Kannan Bose,2026-08-12 14:36,322,Erode-Hub,
C00881,9280598262,Karthik Shetty,9868000257,Ganesh Bose,2026-08-12 08:38,224,Chennai-Central,
C00882,9280598262,Karthik Shetty,9656670106,Manoj Reddy,2026-08-13 12:26,361,Salem-South,
C00883,9280598262,Karthik Shetty,9911838425,Kannan Bose,2026-08-14 07:41,89,Erode-Hub,
C00884,9280598262,Karthik Shetty,9868000257,Ganesh Bose,2026-08-14 11:32,393,Coimbatore-North,
C00885,9280598262,Karthik Shetty,9784980841,Ramesh Nair,2026-08-14 11:43,160,Coimbatore-North,
C00886,9533158692,Vikram Shetty,9594078161,Gopal Gowda,2026-08-01 08:07,140,Salem-South,
C00887,9533158692,Vikram Shetty,9594078161,Gopal Gowda,2026-08-01 11:04,563,Salem-South,
C00888,9533158692,Vikram Shetty,9638546785,Omkar Rao,2026-08-01 08:18,481,Salem-South,
C00889,9533158692,Vikram Shetty,9921249985,Deepak Gupta,2026-08-02 18:02,236,Chennai-Central,
C00890,9533158692,Vikram Shetty,9594078161,Gopal Gowda,2026-08-03 22:53,468,Salem-South,
C00891,9533158692,Vikram Shetty,9921249985,Deepak Gupta,2026-08-03 22:13,281,Trichy-West,
C00892,9533158692,Vikram Shetty,9191088398,Omkar Singh,2026-08-04 10:18,48,Madurai-East,
C00893,9533158692,Vikram Shetty,9191088398,Omkar Singh,2026-08-05 19:02,243,Coimbatore-North,
C00894,9533158692,Vikram Shetty,9638546785,Omkar Rao,2026-08-06 13:00,340,Salem-South,
C00895,9533158692,Vikram Shetty,9191088398,Omkar Singh,2026-08-07 12:27,354,Chennai-Central,
C00896,9533158692,Vikram Shetty,9921249985,Deepak Gupta,2026-08-08 20:20,80,Coimbatore-North,
C00897,9533158692,Vikram Shetty,9191088398,Omkar Singh,2026-08-08 10:19,470,Madurai-East,
C00898,9533158692,Vikram Shetty,9921249985,Deepak Gupta,2026-08-08 14:06,148,Erode-Hub,
C00899,9533158692,Vikram Shetty,9638546785,Omkar Rao,2026-08-09 19:34,132,Trichy-West,
C00900,9533158692,Vikram Shetty,9638546785,Omkar Rao,2026-08-10 09:02,232,Erode-Hub,
C00901,9533158692,Vikram Shetty,9594078161,Gopal Gowda,2026-08-11 22:05,558,Erode-Hub,
C00902,9533158692,Vikram Shetty,9638546785,Omkar Rao,2026-08-11 19:39,274,Coimbatore-North,
C00903,9533158692,Vikram Shetty,9191088398,Omkar Singh,2026-08-11 17:46,68,Trichy-West,
C00904,9533158692,Vikram Shetty,9594078161,Gopal Gowda,2026-08-12 22:08,83,Madurai-East,
C00905,9533158692,Vikram Shetty,9191088398,Omkar Singh,2026-08-12 10:26,457,Salem-South,
C00906,9533158692,Vikram Shetty,9921249985,Deepak Gupta,2026-08-12 19:52,589,Madurai-East,
C00907,9533158692,Vikram Shetty,9191088398,Omkar Singh,2026-08-13 12:22,220,Coimbatore-North,
C00908,9533158692,Vikram Shetty,9594078161,Gopal Gowda,2026-08-14 17:23,395,Coimbatore-North,
C00909,9533158692,Vikram Shetty,9638546785,Omkar Rao,2026-08-14 11:45,338,Coimbatore-North,
C00910,9533158692,Vikram Shetty,9921249985,Deepak Gupta,2026-08-14 07:05,325,Madurai-East,
C00911,9533158692,Vikram Shetty,9911114656,Unknown,2026-08-09 10:40,10,Coimbatore-North,SUSPICIOUS_BURST
C00912,9533158692,Vikram Shetty,9911114656,Unknown,2026-08-09 06:08,31,Chennai-Central,SUSPICIOUS_BURST
C00913,9533158692,Vikram Shetty,9911114656,Unknown,2026-08-09 09:41,36,Chennai-Central,SUSPICIOUS_BURST
C00914,9533158692,Vikram Shetty,9911114656,Unknown,2026-08-09 10:46,30,Chennai-Central,SUSPICIOUS_BURST
C00915,9533158692,Vikram Shetty,9911114656,Unknown,2026-08-09 23:26,8,Coimbatore-North,SUSPICIOUS_BURST
C00916,9533158692,Vikram Shetty,9911114656,Unknown,2026-08-09 03:58,14,Coimbatore-North,SUSPICIOUS_BURST
C00917,9533158692,Vikram Shetty,9911114656,Unknown,2026-08-09 03:15,10,Chennai-Central,SUSPICIOUS_BURST
C00918,9533158692,Vikram Shetty,9911114656,Unknown,2026-08-09 17:13,26,Coimbatore-North,SUSPICIOUS_BURST
C00919,9533158692,Vikram Shetty,9911114656,Unknown,2026-08-09 02:40,13,Coimbatore-North,SUSPICIOUS_BURST
C00920,9533158692,Vikram Shetty,9911114656,Unknown,2026-08-09 05:28,8,Chennai-Central,SUSPICIOUS_BURST
C00921,9533158692,Vikram Shetty,9911114656,Unknown,2026-08-09 22:21,44,Coimbatore-North,SUSPICIOUS_BURST
C00922,9533158692,Vikram Shetty,9911114656,Unknown,2026-08-09 05:32,20,Coimbatore-North,SUSPICIOUS_BURST
C00923,9533158692,Vikram Shetty,9911114656,Unknown,2026-08-09 08:58,42,Chennai-Central,SUSPICIOUS_BURST
C00924,9533158692,Vikram Shetty,9911114656,Unknown,2026-08-09 22:14,34,Coimbatore-North,SUSPICIOUS_BURST
C00925,9533158692,Vikram Shetty,9911114656,Unknown,2026-08-09 10:05,32,Coimbatore-North,SUSPICIOUS_BURST
C00926,9533158692,Vikram Shetty,9911114656,Unknown,2026-08-09 16:48,60,Chennai-Central,SUSPICIOUS_BURST
C00927,9533158692,Vikram Shetty,9911114656,Unknown,2026-08-09 08:35,8,Coimbatore-North,SUSPICIOUS_BURST
C00928,9533158692,Vikram Shetty,9911114656,Unknown,2026-08-09 21:46,20,Coimbatore-North,SUSPICIOUS_BURST
C00929,9533158692,Vikram Shetty,9911114656,Unknown,2026-08-09 23:39,38,Chennai-Central,SUSPICIOUS_BURST
C00930,9533158692,Vikram Shetty,9911114656,Unknown,2026-08-09 07:20,15,Coimbatore-North,SUSPICIOUS_BURST
C00931,9533158692,Vikram Shetty,9911114656,Unknown,2026-08-09 19:47,34,Chennai-Central,SUSPICIOUS_BURST
C00932,9533158692,Vikram Shetty,9911114656,Unknown,2026-08-09 12:34,60,Coimbatore-North,SUSPICIOUS_BURST
C00933,9533158692,Vikram Shetty,9911114656,Unknown,2026-08-09 06:35,44,Chennai-Central,SUSPICIOUS_BURST
C00934,9533158692,Vikram Shetty,9911114656,Unknown,2026-08-09 03:06,9,Coimbatore-North,SUSPICIOUS_BURST
C00935,9533158692,Vikram Shetty,9911114656,Unknown,2026-08-09 09:37,44,Coimbatore-North,SUSPICIOUS_BURST
C00936,9533158692,Vikram Shetty,9911114656,Unknown,2026-08-09 19:24,10,Coimbatore-North,SUSPICIOUS_BURST
C00937,9533158692,Vikram Shetty,9911114656,Unknown,2026-08-09 19:41,27,Coimbatore-North,SUSPICIOUS_BURST
C00938,9533158692,Vikram Shetty,9911114656,Unknown,2026-08-09 02:21,9,Chennai-Central,SUSPICIOUS_BURST
C00939,9533158692,Vikram Shetty,9911114656,Unknown,2026-08-09 19:40,46,Coimbatore-North,SUSPICIOUS_BURST
C00940,9533158692,Vikram Shetty,9911114656,Unknown,2026-08-09 20:16,46,Chennai-Central,SUSPICIOUS_BURST
C00941,9533158692,Vikram Shetty,9911114656,Unknown,2026-08-09 02:13,38,Chennai-Central,SUSPICIOUS_BURST
C00942,9533158692,Vikram Shetty,9911114656,Unknown,2026-08-09 05:23,15,Coimbatore-North,SUSPICIOUS_BURST
C00943,9533158692,Vikram Shetty,9911114656,Unknown,2026-08-09 20:51,48,Chennai-Central,SUSPICIOUS_BURST
C00944,9533158692,Vikram Shetty,9911114656,Unknown,2026-08-09 11:09,56,Coimbatore-North,SUSPICIOUS_BURST
C00945,9256342160,Selvam Kumar,9638546785,Omkar Rao,2026-08-01 09:31,139,Salem-South,
C00946,9256342160,Selvam Kumar,9149368998,Eswar Singh,2026-08-02 07:51,552,Chennai-Central,
C00947,9256342160,Selvam Kumar,9662702895,Rajesh Raj,2026-08-02 21:07,63,Madurai-East,
C00948,9256342160,Selvam Kumar,9185188888,Lokesh Velu,2026-08-02 09:13,569,Chennai-Central,
C00949,9256342160,Selvam Kumar,9149368998,Eswar Singh,2026-08-03 14:41,159,Salem-South,
C00950,9256342160,Selvam Kumar,9801006231,Kishore Sharma,2026-08-04 07:47,172,Trichy-West,
C00951,9256342160,Selvam Kumar,9149368998,Eswar Singh,2026-08-05 08:27,471,Salem-South,
C00952,9256342160,Selvam Kumar,9149368998,Eswar Singh,2026-08-05 07:14,478,Erode-Hub,
C00953,9256342160,Selvam Kumar,9149368998,Eswar Singh,2026-08-06 21:59,106,Trichy-West,
C00954,9256342160,Selvam Kumar,9662702895,Rajesh Raj,2026-08-06 10:00,134,Madurai-East,
C00955,9256342160,Selvam Kumar,9962309130,Naveen Murthy,2026-08-06 13:13,148,Erode-Hub,
C00956,9256342160,Selvam Kumar,9662702895,Rajesh Raj,2026-08-07 16:55,430,Salem-South,
C00957,9256342160,Selvam Kumar,9482366299,Kumar Mohan,2026-08-07 09:55,571,Salem-South,
C00958,9256342160,Selvam Kumar,9185188888,Lokesh Velu,2026-08-07 09:54,368,Coimbatore-North,
C00959,9256342160,Selvam Kumar,9801006231,Kishore Sharma,2026-08-08 13:11,380,Coimbatore-North,
C00960,9256342160,Selvam Kumar,9556258815,Kumar Gowda,2026-08-08 18:39,183,Trichy-West,
C00961,9256342160,Selvam Kumar,9801006231,Kishore Sharma,2026-08-08 22:53,40,Chennai-Central,
C00962,9256342160,Selvam Kumar,9801006231,Kishore Sharma,2026-08-09 10:20,55,Chennai-Central,
C00963,9256342160,Selvam Kumar,9149368998,Eswar Singh,2026-08-09 16:46,83,Madurai-East,
C00964,9256342160,Selvam Kumar,9638546785,Omkar Rao,2026-08-10 08:29,186,Chennai-Central,
C00965,9256342160,Selvam Kumar,9801006231,Kishore Sharma,2026-08-10 07:52,184,Chennai-Central,
C00966,9256342160,Selvam Kumar,9662702895,Rajesh Raj,2026-08-11 14:15,385,Trichy-West,
C00967,9256342160,Selvam Kumar,9482366299,Kumar Mohan,2026-08-11 09:06,501,Salem-South,
C00968,9256342160,Selvam Kumar,9638546785,Omkar Rao,2026-08-12 19:33,505,Chennai-Central,
C00969,9256342160,Selvam Kumar,9482366299,Kumar Mohan,2026-08-12 13:28,161,Chennai-Central,
C00970,9256342160,Selvam Kumar,9962309130,Naveen Murthy,2026-08-12 13:55,416,Salem-South,
C00971,9256342160,Selvam Kumar,9482366299,Kumar Mohan,2026-08-13 12:55,232,Trichy-West,
C00972,9256342160,Selvam Kumar,9801006231,Kishore Sharma,2026-08-13 18:01,282,Salem-South,
C00973,9256342160,Selvam Kumar,9185188888,Lokesh Velu,2026-08-13 15:28,320,Coimbatore-North,
C00974,9256342160,Selvam Kumar,9962309130,Naveen Murthy,2026-08-14 11:29,401,Trichy-West,
C00975,9256342160,Selvam Kumar,9662702895,Rajesh Raj,2026-08-14 22:25,48,Trichy-West,
C00976,9256342160,Selvam Kumar,9185188888,Lokesh Velu,2026-08-14 19:21,565,Chennai-Central,
C00977,9433036541,Kannan Singh,9912419049,Naveen Bose,2026-08-01 13:31,571,Madurai-East,
C00978,9433036541,Kannan Singh,9516136968,Ilango Subramaniam,2026-08-02 18:32,159,Chennai-Central,
C00979,9433036541,Kannan Singh,9856543102,Farook Patel,2026-08-02 21:12,408,Trichy-West,
C00980,9433036541,Kannan Singh,9912419049,Naveen Bose,2026-08-03 07:18,495,Trichy-West,
C00981,9433036541,Kannan Singh,9056856624,Eswar Raj,2026-08-03 11:41,494,Trichy-West,
C00982,9433036541,Kannan Singh,9856543102,Farook Patel,2026-08-04 15:42,251,Madurai-East,
C00983,9433036541,Kannan Singh,9912419049,Naveen Bose,2026-08-04 20:34,46,Salem-South,
C00984,9433036541,Kannan Singh,9912419049,Naveen Bose,2026-08-05 21:20,340,Salem-South,
C00985,9433036541,Kannan Singh,9056856624,Eswar Raj,2026-08-06 20:22,202,Erode-Hub,
C00986,9433036541,Kannan Singh,9684145933,Senthil Nair,2026-08-06 18:35,278,Trichy-West,
C00987,9433036541,Kannan Singh,9684145933,Senthil Nair,2026-08-06 19:58,332,Madurai-East,
C00988,9433036541,Kannan Singh,9912419049,Naveen Bose,2026-08-07 10:34,541,Erode-Hub,
C00989,9433036541,Kannan Singh,9056856624,Eswar Raj,2026-08-07 20:41,122,Coimbatore-North,
C00990,9433036541,Kannan Singh,9856543102,Farook Patel,2026-08-07 16:51,278,Coimbatore-North,
C00991,9433036541,Kannan Singh,9516136968,Ilango Subramaniam,2026-08-08 12:25,426,Trichy-West,
C00992,9433036541,Kannan Singh,9912419049,Naveen Bose,2026-08-09 08:56,86,Erode-Hub,
C00993,9433036541,Kannan Singh,9801006231,Kishore Sharma,2026-08-10 21:22,318,Coimbatore-North,
C00994,9433036541,Kannan Singh,9912419049,Naveen Bose,2026-08-10 15:34,543,Coimbatore-North,
C00995,9433036541,Kannan Singh,9856543102,Farook Patel,2026-08-10 22:49,407,Erode-Hub,
C00996,9433036541,Kannan Singh,9912419049,Naveen Bose,2026-08-11 09:28,72,Erode-Hub,
C00997,9433036541,Kannan Singh,9912419049,Naveen Bose,2026-08-11 14:51,316,Salem-South,
C00998,9433036541,Kannan Singh,9056856624,Eswar Raj,2026-08-12 18:10,371,Trichy-West,
C00999,9433036541,Kannan Singh,9801006231,Kishore Sharma,2026-08-12 21:17,66,Coimbatore-North,
C01000,9433036541,Kannan Singh,9912419049,Naveen Bose,2026-08-13 14:20,256,Trichy-West,
C01001,9433036541,Kannan Singh,9684145933,Senthil Nair,2026-08-14 19:23,245,Chennai-Central,
C01002,9433036541,Kannan Singh,9275014217,Unknown,2026-08-09 09:00,35,Coimbatore-North,SUSPICIOUS_BURST
C01003,9433036541,Kannan Singh,9275014217,Unknown,2026-08-09 01:11,27,Chennai-Central,SUSPICIOUS_BURST
C01004,9433036541,Kannan Singh,9275014217,Unknown,2026-08-09 18:59,41,Chennai-Central,SUSPICIOUS_BURST
C01005,9433036541,Kannan Singh,9275014217,Unknown,2026-08-09 23:07,33,Chennai-Central,SUSPICIOUS_BURST
C01006,9433036541,Kannan Singh,9275014217,Unknown,2026-08-09 06:41,12,Coimbatore-North,SUSPICIOUS_BURST
C01007,9433036541,Kannan Singh,9275014217,Unknown,2026-08-09 09:52,31,Coimbatore-North,SUSPICIOUS_BURST
C01008,9433036541,Kannan Singh,9275014217,Unknown,2026-08-09 05:13,47,Coimbatore-North,SUSPICIOUS_BURST
C01009,9433036541,Kannan Singh,9275014217,Unknown,2026-08-09 17:03,43,Chennai-Central,SUSPICIOUS_BURST
C01010,9433036541,Kannan Singh,9275014217,Unknown,2026-08-09 02:27,18,Chennai-Central,SUSPICIOUS_BURST
C01011,9433036541,Kannan Singh,9275014217,Unknown,2026-08-09 17:37,51,Coimbatore-North,SUSPICIOUS_BURST
C01012,9433036541,Kannan Singh,9275014217,Unknown,2026-08-09 03:29,6,Coimbatore-North,SUSPICIOUS_BURST
C01013,9433036541,Kannan Singh,9275014217,Unknown,2026-08-09 11:37,33,Coimbatore-North,SUSPICIOUS_BURST
C01014,9433036541,Kannan Singh,9275014217,Unknown,2026-08-09 09:55,29,Chennai-Central,SUSPICIOUS_BURST
C01015,9433036541,Kannan Singh,9275014217,Unknown,2026-08-09 16:24,60,Chennai-Central,SUSPICIOUS_BURST
C01016,9433036541,Kannan Singh,9275014217,Unknown,2026-08-09 01:31,53,Coimbatore-North,SUSPICIOUS_BURST
C01017,9433036541,Kannan Singh,9275014217,Unknown,2026-08-09 04:26,13,Chennai-Central,SUSPICIOUS_BURST
C01018,9433036541,Kannan Singh,9275014217,Unknown,2026-08-09 11:57,33,Chennai-Central,SUSPICIOUS_BURST
C01019,9433036541,Kannan Singh,9275014217,Unknown,2026-08-09 07:15,54,Chennai-Central,SUSPICIOUS_BURST
C01020,9433036541,Kannan Singh,9275014217,Unknown,2026-08-09 08:31,24,Coimbatore-North,SUSPICIOUS_BURST
C01021,9433036541,Kannan Singh,9275014217,Unknown,2026-08-09 13:35,11,Coimbatore-North,SUSPICIOUS_BURST
C01022,9433036541,Kannan Singh,9275014217,Unknown,2026-08-09 23:48,18,Coimbatore-North,SUSPICIOUS_BURST
C01023,9433036541,Kannan Singh,9275014217,Unknown,2026-08-09 10:12,34,Chennai-Central,SUSPICIOUS_BURST
C01024,9433036541,Kannan Singh,9275014217,Unknown,2026-08-09 23:20,32,Coimbatore-North,SUSPICIOUS_BURST
C01025,9433036541,Kannan Singh,9275014217,Unknown,2026-08-09 16:07,53,Coimbatore-North,SUSPICIOUS_BURST
C01026,9433036541,Kannan Singh,9275014217,Unknown,2026-08-09 10:18,29,Chennai-Central,SUSPICIOUS_BURST
C01027,9433036541,Kannan Singh,9275014217,Unknown,2026-08-09 20:36,7,Coimbatore-North,SUSPICIOUS_BURST
C01028,9850142940,Murugan Velu,9656670106,Manoj Reddy,2026-08-01 12:05,254,Salem-South,
C01029,9850142940,Murugan Velu,9656670106,Manoj Reddy,2026-08-01 16:35,523,Erode-Hub,
C01030,9850142940,Murugan Velu,9256342160,Selvam Kumar,2026-08-01 22:36,306,Chennai-Central,
C01031,9850142940,Murugan Velu,9256342160,Selvam Kumar,2026-08-02 11:38,31,Chennai-Central,
C01032,9850142940,Murugan Velu,9256342160,Selvam Kumar,2026-08-02 07:46,242,Salem-South,
C01033,9850142940,Murugan Velu,9656670106,Manoj Reddy,2026-08-02 20:16,600,Trichy-West,
C01034,9850142940,Murugan Velu,9656670106,Manoj Reddy,2026-08-03 09:10,553,Trichy-West,
C01035,9850142940,Murugan Velu,9464887719,Kannan Natarajan,2026-08-04 16:07,370,Trichy-West,
C01036,9850142940,Murugan Velu,9256342160,Selvam Kumar,2026-08-04 15:27,579,Salem-South,
C01037,9850142940,Murugan Velu,9656670106,Manoj Reddy,2026-08-04 20:35,71,Salem-South,
C01038,9850142940,Murugan Velu,9656670106,Manoj Reddy,2026-08-05 09:16,393,Erode-Hub,
C01039,9850142940,Murugan Velu,9240415747,Thiru Sundaram,2026-08-05 19:06,325,Madurai-East,
C01040,9850142940,Murugan Velu,9464887719,Kannan Natarajan,2026-08-06 08:14,77,Coimbatore-North,
C01041,9850142940,Murugan Velu,9256342160,Selvam Kumar,2026-08-06 15:50,388,Salem-South,
C01042,9850142940,Murugan Velu,9656670106,Manoj Reddy,2026-08-07 14:54,92,Madurai-East,
C01043,9850142940,Murugan Velu,9240415747,Thiru Sundaram,2026-08-07 14:55,92,Trichy-West,
C01044,9850142940,Murugan Velu,9464887719,Kannan Natarajan,2026-08-08 09:16,41,Trichy-West,
C01045,9850142940,Murugan Velu,9240415747,Thiru Sundaram,2026-08-08 12:52,129,Madurai-East,
C01046,9850142940,Murugan Velu,9256342160,Selvam Kumar,2026-08-08 10:25,170,Salem-South,
C01047,9850142940,Murugan Velu,9464887719,Kannan Natarajan,2026-08-09 07:56,562,Coimbatore-North,
C01048,9850142940,Murugan Velu,9256342160,Selvam Kumar,2026-08-09 17:34,517,Chennai-Central,
C01049,9850142940,Murugan Velu,9464887719,Kannan Natarajan,2026-08-09 07:47,83,Erode-Hub,
C01050,9850142940,Murugan Velu,9656670106,Manoj Reddy,2026-08-10 13:41,140,Coimbatore-North,
C01051,9850142940,Murugan Velu,9256342160,Selvam Kumar,2026-08-11 10:51,405,Madurai-East,
C01052,9850142940,Murugan Velu,9464887719,Kannan Natarajan,2026-08-11 11:37,377,Salem-South,
C01053,9850142940,Murugan Velu,9256342160,Selvam Kumar,2026-08-11 18:20,510,Coimbatore-North,
C01054,9850142940,Murugan Velu,9240415747,Thiru Sundaram,2026-08-12 17:35,81,Madurai-East,
C01055,9850142940,Murugan Velu,9256342160,Selvam Kumar,2026-08-13 17:42,191,Trichy-West,
C01056,9850142940,Murugan Velu,9464887719,Kannan Natarajan,2026-08-13 21:13,226,Coimbatore-North,
C01057,9850142940,Murugan Velu,9256342160,Selvam Kumar,2026-08-13 19:47,431,Salem-South,
C01058,9850142940,Murugan Velu,9240415747,Thiru Sundaram,2026-08-14 08:38,239,Trichy-West,
C01059,9850142940,Murugan Velu,9240415747,Thiru Sundaram,2026-08-14 20:24,76,Erode-Hub,
C01060,9569816934,Pandi Sundaram,9603669096,Devan Subramaniam,2026-08-01 10:16,489,Trichy-West,
C01061,9569816934,Pandi Sundaram,9921249985,Deepak Gupta,2026-08-02 15:58,482,Madurai-East,
C01062,9569816934,Pandi Sundaram,9270866882,Vijay Verma,2026-08-03 22:05,334,Trichy-West,
C01063,9569816934,Pandi Sundaram,9921249985,Deepak Gupta,2026-08-03 08:50,153,Trichy-West,
C01064,9569816934,Pandi Sundaram,9656670106,Manoj Reddy,2026-08-04 10:00,555,Trichy-West,
C01065,9569816934,Pandi Sundaram,9603669096,Devan Subramaniam,2026-08-04 12:58,492,Chennai-Central,
C01066,9569816934,Pandi Sundaram,9603669096,Devan Subramaniam,2026-08-05 18:53,391,Salem-South,
C01067,9569816934,Pandi Sundaram,9013990490,Harish Pillai,2026-08-05 16:45,179,Trichy-West,
C01068,9569816934,Pandi Sundaram,9013990490,Harish Pillai,2026-08-06 10:43,175,Trichy-West,
C01069,9569816934,Pandi Sundaram,9270866882,Vijay Verma,2026-08-06 12:09,178,Chennai-Central,
C01070,9569816934,Pandi Sundaram,9603669096,Devan Subramaniam,2026-08-06 19:58,250,Salem-South,
C01071,9569816934,Pandi Sundaram,9921249985,Deepak Gupta,2026-08-07 21:15,293,Chennai-Central,
C01072,9569816934,Pandi Sundaram,9921249985,Deepak Gupta,2026-08-08 16:24,212,Chennai-Central,
C01073,9569816934,Pandi Sundaram,9270866882,Vijay Verma,2026-08-08 18:24,252,Trichy-West,
C01074,9569816934,Pandi Sundaram,9640052427,Deepak Pandian,2026-08-09 19:10,385,Salem-South,
C01075,9569816934,Pandi Sundaram,9013990490,Harish Pillai,2026-08-10 15:07,287,Coimbatore-North,
C01076,9569816934,Pandi Sundaram,9921249985,Deepak Gupta,2026-08-10 20:03,68,Madurai-East,
C01077,9569816934,Pandi Sundaram,9013990490,Harish Pillai,2026-08-10 16:01,302,Chennai-Central,
C01078,9569816934,Pandi Sundaram,9270866882,Vijay Verma,2026-08-11 18:39,348,Erode-Hub,
C01079,9569816934,Pandi Sundaram,9640052427,Deepak Pandian,2026-08-12 13:34,156,Madurai-East,
C01080,9569816934,Pandi Sundaram,9013990490,Harish Pillai,2026-08-12 16:49,493,Chennai-Central,
C01081,9569816934,Pandi Sundaram,9013990490,Harish Pillai,2026-08-12 12:27,279,Madurai-East,
C01082,9569816934,Pandi Sundaram,9013990490,Harish Pillai,2026-08-13 16:46,540,Salem-South,
C01083,9569816934,Pandi Sundaram,9603669096,Devan Subramaniam,2026-08-14 17:51,548,Salem-South,
C01084,9569816934,Pandi Sundaram,9317139005,Murugan Pillai,2026-08-14 18:53,206,Erode-Hub,
C01085,9835615951,Chandran Achari,9528922680,Madhavan Murthy,2026-08-01 19:17,395,Salem-South,
C01086,9835615951,Chandran Achari,9456506098,Ravi Shetty,2026-08-02 14:27,480,Erode-Hub,
C01087,9835615951,Chandran Achari,9569245937,Bala Subramaniam,2026-08-03 14:40,582,Coimbatore-North,
C01088,9835615951,Chandran Achari,9528922680,Madhavan Murthy,2026-08-03 07:23,594,Chennai-Central,
C01089,9835615951,Chandran Achari,9911838425,Kannan Bose,2026-08-03 07:43,187,Chennai-Central,
C01090,9835615951,Chandran Achari,9528922680,Madhavan Murthy,2026-08-04 20:33,413,Coimbatore-North,
C01091,9835615951,Chandran Achari,9435346247,Kumar Achari,2026-08-04 16:08,256,Salem-South,
C01092,9835615951,Chandran Achari,9456506098,Ravi Shetty,2026-08-04 13:56,281,Salem-South,
C01093,9835615951,Chandran Achari,9528922680,Madhavan Murthy,2026-08-05 09:05,165,Coimbatore-North,
C01094,9835615951,Chandran Achari,9454615679,Ilango Murthy,2026-08-06 16:45,173,Coimbatore-North,
C01095,9835615951,Chandran Achari,9850142940,Murugan Velu,2026-08-07 08:47,516,Salem-South,
C01096,9835615951,Chandran Achari,9911838425,Kannan Bose,2026-08-08 13:45,427,Erode-Hub,
C01097,9835615951,Chandran Achari,9569245937,Bala Subramaniam,2026-08-08 13:10,222,Madurai-East,
C01098,9835615951,Chandran Achari,9596966416,Karthik Gowda,2026-08-08 20:34,41,Erode-Hub,
C01099,9835615951,Chandran Achari,9569245937,Bala Subramaniam,2026-08-09 09:52,293,Salem-South,
C01100,9835615951,Chandran Achari,9456506098,Ravi Shetty,2026-08-09 19:21,595,Madurai-East,
C01101,9835615951,Chandran Achari,9911838425,Kannan Bose,2026-08-09 13:12,392,Coimbatore-North,
C01102,9835615951,Chandran Achari,9911838425,Kannan Bose,2026-08-10 11:44,443,Chennai-Central,
C01103,9835615951,Chandran Achari,9911838425,Kannan Bose,2026-08-11 08:38,289,Trichy-West,
C01104,9835615951,Chandran Achari,9596966416,Karthik Gowda,2026-08-11 21:39,177,Chennai-Central,
C01105,9835615951,Chandran Achari,9850142940,Murugan Velu,2026-08-12 16:47,319,Salem-South,
C01106,9835615951,Chandran Achari,9850142940,Murugan Velu,2026-08-13 11:47,428,Madurai-East,
C01107,9835615951,Chandran Achari,9454615679,Ilango Murthy,2026-08-13 12:54,120,Madurai-East,
C01108,9835615951,Chandran Achari,9596966416,Karthik Gowda,2026-08-13 19:54,438,Salem-South,
C01109,9835615951,Chandran Achari,9456506098,Ravi Shetty,2026-08-14 18:06,243,Chennai-Central,
C01110,9482366299,Kumar Mohan,9987769453,Kishore Pillai,2026-08-01 07:03,85,Trichy-West,
C01111,9482366299,Kumar Mohan,9155188442,Omkar Subramaniam,2026-08-02 07:39,352,Madurai-East,
C01112,9482366299,Kumar Mohan,9987769453,Kishore Pillai,2026-08-03 13:02,435,Chennai-Central,
C01113,9482366299,Kumar Mohan,9171822782,Farook Iyer,2026-08-04 10:35,118,Trichy-West,
C01114,9482366299,Kumar Mohan,9155188442,Omkar Subramaniam,2026-08-04 21:43,197,Madurai-East,
C01115,9482366299,Kumar Mohan,9849912165,Bharath Subramaniam,2026-08-05 18:51,284,Trichy-West,
C01116,9482366299,Kumar Mohan,9155188442,Omkar Subramaniam,2026-08-05 15:31,490,Erode-Hub,
C01117,9482366299,Kumar Mohan,9155188442,Omkar Subramaniam,2026-08-05 19:15,153,Chennai-Central,
C01118,9482366299,Kumar Mohan,9171822782,Farook Iyer,2026-08-06 12:22,449,Trichy-West,
C01119,9482366299,Kumar Mohan,9849912165,Bharath Subramaniam,2026-08-06 15:43,520,Trichy-West,
C01120,9482366299,Kumar Mohan,9849912165,Bharath Subramaniam,2026-08-06 10:27,197,Chennai-Central,
C01121,9482366299,Kumar Mohan,9155188442,Omkar Subramaniam,2026-08-07 09:49,554,Madurai-East,
C01122,9482366299,Kumar Mohan,9171822782,Farook Iyer,2026-08-07 09:44,230,Erode-Hub,
C01123,9482366299,Kumar Mohan,9849912165,Bharath Subramaniam,2026-08-07 15:45,256,Chennai-Central,
C01124,9482366299,Kumar Mohan,9171822782,Farook Iyer,2026-08-08 08:32,151,Chennai-Central,
C01125,9482366299,Kumar Mohan,9987769453,Kishore Pillai,2026-08-08 20:27,45,Salem-South,
C01126,9482366299,Kumar Mohan,9155188442,Omkar Subramaniam,2026-08-09 15:13,114,Madurai-East,
C01127,9482366299,Kumar Mohan,9849912165,Bharath Subramaniam,2026-08-10 08:32,596,Chennai-Central,
C01128,9482366299,Kumar Mohan,9987769453,Kishore Pillai,2026-08-10 17:14,350,Erode-Hub,
C01129,9482366299,Kumar Mohan,9171822782,Farook Iyer,2026-08-11 15:21,166,Madurai-East,
C01130,9482366299,Kumar Mohan,9987769453,Kishore Pillai,2026-08-11 12:28,343,Trichy-West,
C01131,9482366299,Kumar Mohan,9171822782,Farook Iyer,2026-08-12 15:17,97,Erode-Hub,
C01132,9482366299,Kumar Mohan,9155188442,Omkar Subramaniam,2026-08-13 07:11,314,Salem-South,
C01133,9482366299,Kumar Mohan,9849912165,Bharath Subramaniam,2026-08-14 19:44,295,Trichy-West,
C01134,9436995777,Arun Verma,9240824008,Vijay Singh,2026-08-01 07:51,341,Salem-South,
C01135,9436995777,Arun Verma,9240824008,Vijay Singh,2026-08-01 08:39,172,Madurai-East,
C01136,9436995777,Arun Verma,9956878339,Kannan Balakrishnan,2026-08-01 11:41,29,Coimbatore-North,
C01137,9436995777,Arun Verma,9724238849,Murugan Shetty,2026-08-02 17:13,475,Coimbatore-North,
C01138,9436995777,Arun Verma,9905151864,Thiru Gupta,2026-08-02 07:10,86,Madurai-East,
C01139,9436995777,Arun Verma,9240824008,Vijay Singh,2026-08-02 18:05,295,Coimbatore-North,
C01140,9436995777,Arun Verma,9724238849,Murugan Shetty,2026-08-03 21:01,532,Chennai-Central,
C01141,9436995777,Arun Verma,9030564139,Thiru Ramaswamy,2026-08-04 21:04,144,Chennai-Central,
C01142,9436995777,Arun Verma,9047868633,Arun Ramaswamy,2026-08-04 14:22,174,Madurai-East,
C01143,9436995777,Arun Verma,9956878339,Kannan Balakrishnan,2026-08-04 11:32,229,Trichy-West,
C01144,9436995777,Arun Verma,9240824008,Vijay Singh,2026-08-05 18:44,228,Coimbatore-North,
C01145,9436995777,Arun Verma,9956878339,Kannan Balakrishnan,2026-08-05 20:17,468,Erode-Hub,
C01146,9436995777,Arun Verma,9047868633,Arun Ramaswamy,2026-08-05 12:12,457,Chennai-Central,
C01147,9436995777,Arun Verma,9030564139,Thiru Ramaswamy,2026-08-06 14:05,505,Madurai-East,
C01148,9436995777,Arun Verma,9905151864,Thiru Gupta,2026-08-06 22:57,396,Coimbatore-North,
C01149,9436995777,Arun Verma,9047868633,Arun Ramaswamy,2026-08-06 15:02,239,Madurai-East,
C01150,9436995777,Arun Verma,9240824008,Vijay Singh,2026-08-07 07:25,279,Salem-South,
C01151,9436995777,Arun Verma,9240824008,Vijay Singh,2026-08-07 21:46,419,Salem-South,
C01152,9436995777,Arun Verma,9956878339,Kannan Balakrishnan,2026-08-07 12:04,204,Madurai-East,
C01153,9436995777,Arun Verma,9240824008,Vijay Singh,2026-08-08 20:06,204,Coimbatore-North,
C01154,9436995777,Arun Verma,9905151864,Thiru Gupta,2026-08-08 19:00,524,Chennai-Central,
C01155,9436995777,Arun Verma,9047868633,Arun Ramaswamy,2026-08-09 21:31,585,Coimbatore-North,
C01156,9436995777,Arun Verma,9905151864,Thiru Gupta,2026-08-09 15:08,490,Trichy-West,
C01157,9436995777,Arun Verma,9905151864,Thiru Gupta,2026-08-09 14:35,210,Trichy-West,
C01158,9436995777,Arun Verma,9047868633,Arun Ramaswamy,2026-08-10 10:10,90,Erode-Hub,
C01159,9436995777,Arun Verma,9724238849,Murugan Shetty,2026-08-10 21:09,483,Chennai-Central,
C01160,9436995777,Arun Verma,9030564139,Thiru Ramaswamy,2026-08-11 07:24,336,Chennai-Central,
C01161,9436995777,Arun Verma,9240824008,Vijay Singh,2026-08-11 16:25,517,Madurai-East,
C01162,9436995777,Arun Verma,9030564139,Thiru Ramaswamy,2026-08-12 09:18,198,Madurai-East,
C01163,9436995777,Arun Verma,9956878339,Kannan Balakrishnan,2026-08-12 13:26,130,Trichy-West,
C01164,9436995777,Arun Verma,9047868633,Arun Ramaswamy,2026-08-13 08:41,459,Erode-Hub,
C01165,9436995777,Arun Verma,9240824008,Vijay Singh,2026-08-14 16:31,459,Madurai-East,
C01166,9436995777,Arun Verma,9240824008,Vijay Singh,2026-08-14 21:02,267,Erode-Hub,
C01167,9489513433,Lokesh Iyer,9131712748,Eswar Krishnan,2026-08-01 10:07,509,Madurai-East,
C01168,9489513433,Lokesh Iyer,9016582029,Jagan Sundaram,2026-08-01 10:58,475,Madurai-East,
C01169,9489513433,Lokesh Iyer,9131712748,Eswar Krishnan,2026-08-02 09:11,375,Coimbatore-North,
C01170,9489513433,Lokesh Iyer,9131712748,Eswar Krishnan,2026-08-03 22:08,396,Coimbatore-North,
C01171,9489513433,Lokesh Iyer,9016582029,Jagan Sundaram,2026-08-03 20:10,430,Chennai-Central,
C01172,9489513433,Lokesh Iyer,9016582029,Jagan Sundaram,2026-08-04 22:42,26,Madurai-East,
C01173,9489513433,Lokesh Iyer,9016582029,Jagan Sundaram,2026-08-05 08:52,221,Coimbatore-North,
C01174,9489513433,Lokesh Iyer,9436995777,Arun Verma,2026-08-05 17:13,345,Salem-South,
C01175,9489513433,Lokesh Iyer,9084700766,Vijay Bose,2026-08-05 18:19,336,Salem-South,
C01176,9489513433,Lokesh Iyer,9131712748,Eswar Krishnan,2026-08-06 16:45,531,Madurai-East,
C01177,9489513433,Lokesh Iyer,9034131647,Omkar Iyer,2026-08-06 16:35,35,Trichy-West,
C01178,9489513433,Lokesh Iyer,9131712748,Eswar Krishnan,2026-08-07 07:32,101,Chennai-Central,
C01179,9489513433,Lokesh Iyer,9084700766,Vijay Bose,2026-08-07 09:11,442,Salem-South,
C01180,9489513433,Lokesh Iyer,9084700766,Vijay Bose,2026-08-07 11:34,479,Coimbatore-North,
C01181,9489513433,Lokesh Iyer,9436995777,Arun Verma,2026-08-08 18:19,503,Salem-South,
C01182,9489513433,Lokesh Iyer,9034131647,Omkar Iyer,2026-08-08 15:41,253,Coimbatore-North,
C01183,9489513433,Lokesh Iyer,9131712748,Eswar Krishnan,2026-08-09 09:08,584,Chennai-Central,
C01184,9489513433,Lokesh Iyer,9436995777,Arun Verma,2026-08-09 07:14,557,Coimbatore-North,
C01185,9489513433,Lokesh Iyer,9084700766,Vijay Bose,2026-08-10 10:10,45,Erode-Hub,
C01186,9489513433,Lokesh Iyer,9131712748,Eswar Krishnan,2026-08-10 15:35,152,Madurai-East,
C01187,9489513433,Lokesh Iyer,9436995777,Arun Verma,2026-08-10 07:14,382,Madurai-East,
C01188,9489513433,Lokesh Iyer,9436995777,Arun Verma,2026-08-11 20:47,120,Salem-South,
C01189,9489513433,Lokesh Iyer,9016582029,Jagan Sundaram,2026-08-11 09:53,490,Madurai-East,
C01190,9489513433,Lokesh Iyer,9436995777,Arun Verma,2026-08-11 18:30,438,Erode-Hub,
C01191,9489513433,Lokesh Iyer,9084700766,Vijay Bose,2026-08-12 21:19,399,Trichy-West,
C01192,9489513433,Lokesh Iyer,9034131647,Omkar Iyer,2026-08-12 22:59,70,Erode-Hub,
C01193,9489513433,Lokesh Iyer,9034131647,Omkar Iyer,2026-08-13 16:41,43,Chennai-Central,
C01194,9489513433,Lokesh Iyer,9034131647,Omkar Iyer,2026-08-13 14:12,379,Madurai-East,
C01195,9489513433,Lokesh Iyer,9436995777,Arun Verma,2026-08-13 19:24,593,Chennai-Central,
C01196,9489513433,Lokesh Iyer,9084700766,Vijay Bose,2026-08-14 20:26,334,Coimbatore-North,
C01197,9917693676,Anand Raj,9943969078,Deepak Sharma,2026-08-01 08:17,310,Coimbatore-North,
C01198,9917693676,Anand Raj,9780913431,Jagan Natarajan,2026-08-01 20:56,364,Erode-Hub,
C01199,9917693676,Anand Raj,9377889255,Prakash Sharma,2026-08-01 14:34,179,Chennai-Central,
C01200,9917693676,Anand Raj,9556258815,Kumar Gowda,2026-08-02 20:40,363,Trichy-West,
C01201,9917693676,Anand Raj,9473597746,Devan Menon,2026-08-02 11:38,39,Madurai-East,
C01202,9917693676,Anand Raj,9171822782,Farook Iyer,2026-08-02 21:34,223,Trichy-West,
C01203,9917693676,Anand Raj,9171822782,Farook Iyer,2026-08-03 07:03,143,Chennai-Central,
C01204,9917693676,Anand Raj,9943969078,Deepak Sharma,2026-08-03 15:04,504,Trichy-West,
C01205,9917693676,Anand Raj,9171822782,Farook Iyer,2026-08-03 21:08,419,Madurai-East,
C01206,9917693676,Anand Raj,9556258815,Kumar Gowda,2026-08-04 11:19,317,Erode-Hub,
C01207,9917693676,Anand Raj,9556258815,Kumar Gowda,2026-08-04 16:13,276,Coimbatore-North,
C01208,9917693676,Anand Raj,9473597746,Devan Menon,2026-08-04 07:25,387,Coimbatore-North,
C01209,9917693676,Anand Raj,9556258815,Kumar Gowda,2026-08-05 19:14,82,Trichy-West,
C01210,9917693676,Anand Raj,9377889255,Prakash Sharma,2026-08-06 17:30,198,Chennai-Central,
C01211,9917693676,Anand Raj,9473597746,Devan Menon,2026-08-07 08:07,547,Coimbatore-North,
C01212,9917693676,Anand Raj,9780913431,Jagan Natarajan,2026-08-07 14:57,234,Coimbatore-North,
C01213,9917693676,Anand Raj,9901476797,Naveen Ramaswamy,2026-08-07 17:03,196,Salem-South,
C01214,9917693676,Anand Raj,9171822782,Farook Iyer,2026-08-08 21:16,307,Salem-South,
C01215,9917693676,Anand Raj,9556258815,Kumar Gowda,2026-08-08 10:12,369,Chennai-Central,
C01216,9917693676,Anand Raj,9780913431,Jagan Natarajan,2026-08-08 13:40,561,Erode-Hub,
C01217,9917693676,Anand Raj,9780913431,Jagan Natarajan,2026-08-09 15:04,298,Madurai-East,
C01218,9917693676,Anand Raj,9171822782,Farook Iyer,2026-08-09 10:51,33,Coimbatore-North,
C01219,9917693676,Anand Raj,9473597746,Devan Menon,2026-08-10 17:15,243,Coimbatore-North,
C01220,9917693676,Anand Raj,9962309130,Naveen Murthy,2026-08-10 09:55,295,Chennai-Central,
C01221,9917693676,Anand Raj,9962309130,Naveen Murthy,2026-08-11 22:41,317,Coimbatore-North,
C01222,9917693676,Anand Raj,9943969078,Deepak Sharma,2026-08-11 14:31,199,Chennai-Central,
C01223,9917693676,Anand Raj,9962309130,Naveen Murthy,2026-08-12 19:42,284,Erode-Hub,
C01224,9917693676,Anand Raj,9171822782,Farook Iyer,2026-08-13 09:35,561,Chennai-Central,
C01225,9917693676,Anand Raj,9780913431,Jagan Natarajan,2026-08-14 22:26,502,Salem-South,
C01226,9917693676,Anand Raj,9473597746,Devan Menon,2026-08-14 20:08,488,Coimbatore-North,
C01227,9917693676,Anand Raj,9780913431,Jagan Natarajan,2026-08-14 10:13,427,Madurai-East,
C01228,9917693676,Anand Raj,9113930955,Unknown,2026-08-06 21:42,28,Coimbatore-North,SUSPICIOUS_BURST
C01229,9917693676,Anand Raj,9113930955,Unknown,2026-08-06 09:06,48,Chennai-Central,SUSPICIOUS_BURST
C01230,9917693676,Anand Raj,9113930955,Unknown,2026-08-06 09:50,42,Coimbatore-North,SUSPICIOUS_BURST
C01231,9917693676,Anand Raj,9113930955,Unknown,2026-08-06 05:44,29,Coimbatore-North,SUSPICIOUS_BURST
C01232,9917693676,Anand Raj,9113930955,Unknown,2026-08-06 23:53,9,Chennai-Central,SUSPICIOUS_BURST
C01233,9917693676,Anand Raj,9113930955,Unknown,2026-08-06 08:56,6,Chennai-Central,SUSPICIOUS_BURST
C01234,9917693676,Anand Raj,9113930955,Unknown,2026-08-06 06:51,15,Chennai-Central,SUSPICIOUS_BURST
C01235,9917693676,Anand Raj,9113930955,Unknown,2026-08-06 02:10,57,Chennai-Central,SUSPICIOUS_BURST
C01236,9917693676,Anand Raj,9113930955,Unknown,2026-08-06 23:22,35,Chennai-Central,SUSPICIOUS_BURST
C01237,9917693676,Anand Raj,9113930955,Unknown,2026-08-06 12:23,31,Chennai-Central,SUSPICIOUS_BURST
C01238,9917693676,Anand Raj,9113930955,Unknown,2026-08-06 11:26,20,Coimbatore-North,SUSPICIOUS_BURST
C01239,9917693676,Anand Raj,9113930955,Unknown,2026-08-06 05:15,44,Chennai-Central,SUSPICIOUS_BURST
C01240,9917693676,Anand Raj,9113930955,Unknown,2026-08-06 23:14,41,Coimbatore-North,SUSPICIOUS_BURST
C01241,9917693676,Anand Raj,9113930955,Unknown,2026-08-06 13:26,5,Coimbatore-North,SUSPICIOUS_BURST
C01242,9917693676,Anand Raj,9113930955,Unknown,2026-08-06 20:34,15,Coimbatore-North,SUSPICIOUS_BURST
C01243,9917693676,Anand Raj,9113930955,Unknown,2026-08-06 19:26,44,Chennai-Central,SUSPICIOUS_BURST
C01244,9917693676,Anand Raj,9113930955,Unknown,2026-08-06 02:03,41,Chennai-Central,SUSPICIOUS_BURST
C01245,9917693676,Anand Raj,9113930955,Unknown,2026-08-06 16:43,42,Coimbatore-North,SUSPICIOUS_BURST
C01246,9917693676,Anand Raj,9113930955,Unknown,2026-08-06 19:50,25,Coimbatore-North,SUSPICIOUS_BURST
C01247,9917693676,Anand Raj,9113930955,Unknown,2026-08-06 18:16,11,Chennai-Central,SUSPICIOUS_BURST
C01248,9917693676,Anand Raj,9113930955,Unknown,2026-08-06 23:36,19,Chennai-Central,SUSPICIOUS_BURST
C01249,9917693676,Anand Raj,9113930955,Unknown,2026-08-06 12:41,56,Coimbatore-North,SUSPICIOUS_BURST
C01250,9917693676,Anand Raj,9113930955,Unknown,2026-08-06 14:56,50,Chennai-Central,SUSPICIOUS_BURST
C01251,9917693676,Anand Raj,9113930955,Unknown,2026-08-06 00:30,14,Chennai-Central,SUSPICIOUS_BURST
C01252,9917693676,Anand Raj,9113930955,Unknown,2026-08-06 18:08,39,Chennai-Central,SUSPICIOUS_BURST
C01253,9917693676,Anand Raj,9113930955,Unknown,2026-08-06 22:40,59,Chennai-Central,SUSPICIOUS_BURST
C01254,9917693676,Anand Raj,9113930955,Unknown,2026-08-06 13:48,10,Chennai-Central,SUSPICIOUS_BURST
C01255,9917693676,Anand Raj,9113930955,Unknown,2026-08-06 15:14,54,Coimbatore-North,SUSPICIOUS_BURST
C01256,9163287083,Sabari Gowda,9839301031,Rahul Das,2026-08-01 17:51,304,Trichy-West,
C01257,9163287083,Sabari Gowda,9835615951,Chandran Achari,2026-08-02 17:44,545,Madurai-East,
C01258,9163287083,Sabari Gowda,9835615951,Chandran Achari,2026-08-02 22:44,481,Salem-South,
C01259,9163287083,Sabari Gowda,9433036541,Kannan Singh,2026-08-03 10:24,529,Erode-Hub,
C01260,9163287083,Sabari Gowda,9433036541,Kannan Singh,2026-08-04 18:11,572,Trichy-West,
C01261,9163287083,Sabari Gowda,9839301031,Rahul Das,2026-08-04 19:09,281,Salem-South,
C01262,9163287083,Sabari Gowda,9835615951,Chandran Achari,2026-08-04 22:34,573,Trichy-West,
C01263,9163287083,Sabari Gowda,9494808313,Sathish Gupta,2026-08-05 18:43,515,Madurai-East,
C01264,9163287083,Sabari Gowda,9256342160,Selvam Kumar,2026-08-06 21:03,493,Trichy-West,
C01265,9163287083,Sabari Gowda,9494808313,Sathish Gupta,2026-08-06 12:27,600,Chennai-Central,
C01266,9163287083,Sabari Gowda,9433036541,Kannan Singh,2026-08-07 18:34,44,Chennai-Central,
C01267,9163287083,Sabari Gowda,9256342160,Selvam Kumar,2026-08-07 21:22,337,Erode-Hub,
C01268,9163287083,Sabari Gowda,9494808313,Sathish Gupta,2026-08-08 11:13,373,Madurai-East,
C01269,9163287083,Sabari Gowda,9433036541,Kannan Singh,2026-08-08 11:13,273,Madurai-East,
C01270,9163287083,Sabari Gowda,9191088398,Omkar Singh,2026-08-09 10:26,289,Chennai-Central,
C01271,9163287083,Sabari Gowda,9256342160,Selvam Kumar,2026-08-10 18:46,85,Trichy-West,
C01272,9163287083,Sabari Gowda,9433036541,Kannan Singh,2026-08-10 13:07,98,Madurai-East,
C01273,9163287083,Sabari Gowda,9433036541,Kannan Singh,2026-08-11 19:48,110,Coimbatore-North,
C01274,9163287083,Sabari Gowda,9433036541,Kannan Singh,2026-08-12 22:52,313,Salem-South,
C01275,9163287083,Sabari Gowda,9472126464,Dinesh Verma,2026-08-13 14:07,99,Trichy-West,
C01276,9163287083,Sabari Gowda,9839301031,Rahul Das,2026-08-13 10:32,245,Erode-Hub,
C01277,9163287083,Sabari Gowda,9433036541,Kannan Singh,2026-08-14 15:29,71,Salem-South,
C01278,9163287083,Sabari Gowda,9191088398,Omkar Singh,2026-08-14 17:40,214,Chennai-Central,
C01279,9889579868,Kannan Velu,9466183982,Elango Kumar,2026-08-01 13:34,504,Erode-Hub,
C01280,9889579868,Kannan Velu,9044997278,Bharath Pillai,2026-08-02 08:17,25,Erode-Hub,
C01281,9889579868,Kannan Velu,9842199330,Dinesh Achari,2026-08-02 21:14,74,Salem-South,
C01282,9889579868,Kannan Velu,9466183982,Elango Kumar,2026-08-02 12:35,324,Erode-Hub,
C01283,9889579868,Kannan Velu,9517123685,Rajesh Gowda,2026-08-03 14:08,367,Trichy-West,
C01284,9889579868,Kannan Velu,9092327193,Anand Rao,2026-08-03 17:19,253,Chennai-Central,
C01285,9889579868,Kannan Velu,9400504556,Siva Nair,2026-08-04 15:54,211,Chennai-Central,
C01286,9889579868,Kannan Velu,9466183982,Elango Kumar,2026-08-04 07:13,473,Trichy-West,
C01287,9889579868,Kannan Velu,9466183982,Elango Kumar,2026-08-05 12:38,299,Chennai-Central,
C01288,9889579868,Kannan Velu,9842199330,Dinesh Achari,2026-08-05 09:24,43,Coimbatore-North,
C01289,9889579868,Kannan Velu,9556909275,Karthik Menon,2026-08-05 20:59,104,Salem-South,
C01290,9889579868,Kannan Velu,9278774701,Ganesh Ramaswamy,2026-08-06 21:31,103,Erode-Hub,
C01291,9889579868,Kannan Velu,9466183982,Elango Kumar,2026-08-06 08:56,163,Trichy-West,
C01292,9889579868,Kannan Velu,9278774701,Ganesh Ramaswamy,2026-08-07 14:36,236,Coimbatore-North,
C01293,9889579868,Kannan Velu,9400504556,Siva Nair,2026-08-07 21:14,549,Erode-Hub,
C01294,9889579868,Kannan Velu,9556909275,Karthik Menon,2026-08-07 16:22,308,Trichy-West,
C01295,9889579868,Kannan Velu,9466183982,Elango Kumar,2026-08-08 22:15,96,Coimbatore-North,
C01296,9889579868,Kannan Velu,9517123685,Rajesh Gowda,2026-08-09 15:23,359,Erode-Hub,
C01297,9889579868,Kannan Velu,9842199330,Dinesh Achari,2026-08-09 10:48,572,Madurai-East,
C01298,9889579868,Kannan Velu,9556909275,Karthik Menon,2026-08-10 10:40,368,Salem-South,
C01299,9889579868,Kannan Velu,9092327193,Anand Rao,2026-08-10 22:49,380,Coimbatore-North,
C01300,9889579868,Kannan Velu,9044997278,Bharath Pillai,2026-08-11 10:56,177,Madurai-East,
C01301,9889579868,Kannan Velu,9842199330,Dinesh Achari,2026-08-11 20:26,557,Madurai-East,
C01302,9889579868,Kannan Velu,9842199330,Dinesh Achari,2026-08-12 19:30,173,Trichy-West,
C01303,9889579868,Kannan Velu,9466183982,Elango Kumar,2026-08-13 16:17,391,Madurai-East,
C01304,9889579868,Kannan Velu,9400504556,Siva Nair,2026-08-14 11:35,185,Trichy-West,
C01305,9889579868,Kannan Velu,9466183982,Elango Kumar,2026-08-14 17:34,298,Erode-Hub,
C01306,9889579868,Kannan Velu,9556909275,Karthik Menon,2026-08-14 22:00,111,Chennai-Central,
C01307,9348734714,Siva Pillai,9156149784,Sabari Murthy,2026-08-01 10:22,441,Salem-South,
C01308,9348734714,Siva Pillai,9094777520,Manoj Gowda,2026-08-01 18:49,405,Madurai-East,
C01309,9348734714,Siva Pillai,9277901043,Arjun Natarajan,2026-08-01 16:11,426,Trichy-West,
C01310,9348734714,Siva Pillai,9277901043,Arjun Natarajan,2026-08-02 16:05,47,Coimbatore-North,
C01311,9348734714,Siva Pillai,9719022941,Karthik Mohan,2026-08-02 16:27,477,Coimbatore-North,
C01312,9348734714,Siva Pillai,9156149784,Sabari Murthy,2026-08-03 13:17,227,Salem-South,
C01313,9348734714,Siva Pillai,9429671756,Kishore Subramaniam,2026-08-03 09:34,409,Trichy-West,
C01314,9348734714,Siva Pillai,9156149784,Sabari Murthy,2026-08-03 12:27,300,Erode-Hub,
C01315,9348734714,Siva Pillai,9719022941,Karthik Mohan,2026-08-04 18:30,179,Madurai-East,
C01316,9348734714,Siva Pillai,9094777520,Manoj Gowda,2026-08-04 15:56,509,Trichy-West,
C01317,9348734714,Siva Pillai,9156149784,Sabari Murthy,2026-08-05 08:24,280,Chennai-Central,
C01318,9348734714,Siva Pillai,9240824008,Vijay Singh,2026-08-05 18:36,386,Salem-South,
C01319,9348734714,Siva Pillai,9156149784,Sabari Murthy,2026-08-05 07:21,575,Trichy-West,
C01320,9348734714,Siva Pillai,9429671756,Kishore Subramaniam,2026-08-06 07:17,142,Erode-Hub,
C01321,9348734714,Siva Pillai,9094777520,Manoj Gowda,2026-08-06 21:34,81,Salem-South,
C01322,9348734714,Siva Pillai,9277901043,Arjun Natarajan,2026-08-07 17:21,58,Trichy-West,
C01323,9348734714,Siva Pillai,9719022941,Karthik Mohan,2026-08-08 12:43,148,Coimbatore-North,
C01324,9348734714,Siva Pillai,9240824008,Vijay Singh,2026-08-09 08:19,555,Salem-South,
C01325,9348734714,Siva Pillai,9938677496,Harish Bose,2026-08-09 19:16,263,Coimbatore-North,
C01326,9348734714,Siva Pillai,9156149784,Sabari Murthy,2026-08-09 17:10,150,Madurai-East,
C01327,9348734714,Siva Pillai,9938677496,Harish Bose,2026-08-10 17:49,444,Madurai-East,
C01328,9348734714,Siva Pillai,9094777520,Manoj Gowda,2026-08-10 13:48,400,Trichy-West,
C01329,9348734714,Siva Pillai,9938677496,Harish Bose,2026-08-10 16:37,56,Erode-Hub,
C01330,9348734714,Siva Pillai,9938677496,Harish Bose,2026-08-11 20:27,295,Chennai-Central,
C01331,9348734714,Siva Pillai,9156149784,Sabari Murthy,2026-08-11 12:38,143,Coimbatore-North,
C01332,9348734714,Siva Pillai,9240824008,Vijay Singh,2026-08-12 18:08,81,Salem-South,
C01333,9348734714,Siva Pillai,9938677496,Harish Bose,2026-08-12 14:53,272,Chennai-Central,
C01334,9348734714,Siva Pillai,9175183046,Mahesh Gupta,2026-08-13 17:08,367,Madurai-East,
C01335,9348734714,Siva Pillai,9094777520,Manoj Gowda,2026-08-14 12:00,167,Chennai-Central,
C01336,9348734714,Siva Pillai,9429671756,Kishore Subramaniam,2026-08-14 11:26,37,Chennai-Central,
C01337,9348734714,Siva Pillai,9156149784,Sabari Murthy,2026-08-14 13:02,308,Salem-South,
C01338,9812236231,Kumar Shetty,9094777520,Manoj Gowda,2026-08-01 16:11,426,Coimbatore-North,
C01339,9812236231,Kumar Shetty,9094777520,Manoj Gowda,2026-08-01 12:48,79,Coimbatore-North,
C01340,9812236231,Kumar Shetty,9436995777,Arun Verma,2026-08-02 11:02,383,Erode-Hub,
C01341,9812236231,Kumar Shetty,9436995777,Arun Verma,2026-08-02 22:55,464,Salem-South,
C01342,9812236231,Kumar Shetty,9094777520,Manoj Gowda,2026-08-03 16:54,532,Erode-Hub,
C01343,9812236231,Kumar Shetty,9638546785,Omkar Rao,2026-08-03 10:47,424,Madurai-East,
C01344,9812236231,Kumar Shetty,9799650752,Anand Ramaswamy,2026-08-03 13:12,426,Salem-South,
C01345,9812236231,Kumar Shetty,9436995777,Arun Verma,2026-08-04 17:49,183,Madurai-East,
C01346,9812236231,Kumar Shetty,9030564139,Thiru Ramaswamy,2026-08-04 17:35,237,Trichy-West,
C01347,9812236231,Kumar Shetty,9638546785,Omkar Rao,2026-08-05 13:53,149,Coimbatore-North,
C01348,9812236231,Kumar Shetty,9094777520,Manoj Gowda,2026-08-06 16:37,101,Erode-Hub,
C01349,9812236231,Kumar Shetty,9889579868,Kannan Velu,2026-08-07 18:19,179,Madurai-East,
C01350,9812236231,Kumar Shetty,9436995777,Arun Verma,2026-08-07 12:31,362,Trichy-West,
C01351,9812236231,Kumar Shetty,9436995777,Arun Verma,2026-08-07 12:06,356,Salem-South,
C01352,9812236231,Kumar Shetty,9094777520,Manoj Gowda,2026-08-08 11:23,394,Salem-South,
C01353,9812236231,Kumar Shetty,9436995777,Arun Verma,2026-08-09 09:01,327,Madurai-East,
C01354,9812236231,Kumar Shetty,9799650752,Anand Ramaswamy,2026-08-09 15:56,201,Madurai-East,
C01355,9812236231,Kumar Shetty,9094777520,Manoj Gowda,2026-08-09 07:07,41,Trichy-West,
C01356,9812236231,Kumar Shetty,9799650752,Anand Ramaswamy,2026-08-10 17:09,367,Chennai-Central,
C01357,9812236231,Kumar Shetty,9436995777,Arun Verma,2026-08-10 10:24,88,Chennai-Central,
C01358,9812236231,Kumar Shetty,9436995777,Arun Verma,2026-08-11 20:33,173,Trichy-West,
C01359,9812236231,Kumar Shetty,9030564139,Thiru Ramaswamy,2026-08-11 08:45,92,Coimbatore-North,
C01360,9812236231,Kumar Shetty,9030564139,Thiru Ramaswamy,2026-08-11 20:49,323,Madurai-East,
C01361,9812236231,Kumar Shetty,9094777520,Manoj Gowda,2026-08-12 17:56,431,Erode-Hub,
C01362,9812236231,Kumar Shetty,9436995777,Arun Verma,2026-08-13 13:07,154,Erode-Hub,
C01363,9812236231,Kumar Shetty,9030564139,Thiru Ramaswamy,2026-08-13 12:32,583,Coimbatore-North,
C01364,9812236231,Kumar Shetty,9889579868,Kannan Velu,2026-08-13 19:41,335,Coimbatore-North,
C01365,9812236231,Kumar Shetty,9030564139,Thiru Ramaswamy,2026-08-14 22:34,419,Salem-South,
C01366,9603669096,Devan Subramaniam,9482814893,Kannan Kumar,2026-08-01 07:52,476,Erode-Hub,
C01367,9603669096,Devan Subramaniam,9278774701,Ganesh Ramaswamy,2026-08-01 11:53,378,Erode-Hub,
C01368,9603669096,Devan Subramaniam,9278774701,Ganesh Ramaswamy,2026-08-01 13:44,194,Trichy-West,
C01369,9603669096,Devan Subramaniam,9278774701,Ganesh Ramaswamy,2026-08-02 12:10,231,Coimbatore-North,
C01370,9603669096,Devan Subramaniam,9482814893,Kannan Kumar,2026-08-02 20:11,366,Madurai-East,
C01371,9603669096,Devan Subramaniam,9479627570,Lokesh Verma,2026-08-02 22:11,76,Trichy-West,
C01372,9603669096,Devan Subramaniam,9278774701,Ganesh Ramaswamy,2026-08-03 08:27,145,Trichy-West,
C01373,9603669096,Devan Subramaniam,9489025039,Karthik Velu,2026-08-04 21:05,219,Coimbatore-North,
C01374,9603669096,Devan Subramaniam,9482814893,Kannan Kumar,2026-08-04 09:34,230,Trichy-West,
C01375,9603669096,Devan Subramaniam,9654051531,Vikram Pandian,2026-08-04 18:50,515,Erode-Hub,
C01376,9603669096,Devan Subramaniam,9479627570,Lokesh Verma,2026-08-05 20:03,371,Trichy-West,
C01377,9603669096,Devan Subramaniam,9654051531,Vikram Pandian,2026-08-05 10:05,156,Erode-Hub,
C01378,9603669096,Devan Subramaniam,9482814893,Kannan Kumar,2026-08-06 19:37,580,Madurai-East,
C01379,9603669096,Devan Subramaniam,9654051531,Vikram Pandian,2026-08-06 20:35,254,Madurai-East,
C01380,9603669096,Devan Subramaniam,9278774701,Ganesh Ramaswamy,2026-08-06 12:29,205,Erode-Hub,
C01381,9603669096,Devan Subramaniam,9479627570,Lokesh Verma,2026-08-07 13:49,592,Coimbatore-North,
C01382,9603669096,Devan Subramaniam,9987769453,Kishore Pillai,2026-08-07 16:24,388,Madurai-East,
C01383,9603669096,Devan Subramaniam,9482814893,Kannan Kumar,2026-08-07 20:10,99,Chennai-Central,
C01384,9603669096,Devan Subramaniam,9479627570,Lokesh Verma,2026-08-08 15:33,275,Trichy-West,
C01385,9603669096,Devan Subramaniam,9278774701,Ganesh Ramaswamy,2026-08-08 21:50,594,Salem-South,
C01386,9603669096,Devan Subramaniam,9482814893,Kannan Kumar,2026-08-08 20:41,159,Salem-South,
C01387,9603669096,Devan Subramaniam,9987769453,Kishore Pillai,2026-08-09 16:46,483,Coimbatore-North,
C01388,9603669096,Devan Subramaniam,9479627570,Lokesh Verma,2026-08-10 13:05,260,Salem-South,
C01389,9603669096,Devan Subramaniam,9489025039,Karthik Velu,2026-08-10 10:08,80,Chennai-Central,
C01390,9603669096,Devan Subramaniam,9489025039,Karthik Velu,2026-08-10 14:58,562,Chennai-Central,
C01391,9603669096,Devan Subramaniam,9654051531,Vikram Pandian,2026-08-11 20:44,21,Salem-South,
C01392,9603669096,Devan Subramaniam,9482814893,Kannan Kumar,2026-08-12 12:28,540,Coimbatore-North,
C01393,9603669096,Devan Subramaniam,9482814893,Kannan Kumar,2026-08-12 16:00,471,Erode-Hub,
C01394,9603669096,Devan Subramaniam,9489025039,Karthik Velu,2026-08-13 18:17,503,Trichy-West,
C01395,9603669096,Devan Subramaniam,9482814893,Kannan Kumar,2026-08-13 13:04,72,Trichy-West,
C01396,9603669096,Devan Subramaniam,9654051531,Vikram Pandian,2026-08-13 21:45,395,Coimbatore-North,
C01397,9603669096,Devan Subramaniam,9987769453,Kishore Pillai,2026-08-14 12:46,377,Salem-South,
C01398,9603669096,Devan Subramaniam,9479627570,Lokesh Verma,2026-08-14 07:39,581,Coimbatore-North,
C01399,9603669096,Devan Subramaniam,9482814893,Kannan Kumar,2026-08-14 09:36,550,Madurai-East,
C01400,9668893734,Senthil Ramaswamy,9547772522,Eswar Pandian,2026-08-01 15:46,222,Erode-Hub,
C01401,9668893734,Senthil Ramaswamy,9516136968,Ilango Subramaniam,2026-08-01 09:23,161,Chennai-Central,
C01402,9668893734,Senthil Ramaswamy,9314919058,Karthik Das,2026-08-02 16:56,165,Coimbatore-North,
C01403,9668893734,Senthil Ramaswamy,9867533963,Eswar Ramaswamy,2026-08-03 11:36,424,Madurai-East,
C01404,9668893734,Senthil Ramaswamy,9547772522,Eswar Pandian,2026-08-04 15:14,47,Madurai-East,
C01405,9668893734,Senthil Ramaswamy,9782639821,Arjun Menon,2026-08-04 20:57,570,Salem-South,
C01406,9668893734,Senthil Ramaswamy,9547772522,Eswar Pandian,2026-08-04 22:01,539,Salem-South,
C01407,9668893734,Senthil Ramaswamy,9547772522,Eswar Pandian,2026-08-05 13:10,401,Chennai-Central,
C01408,9668893734,Senthil Ramaswamy,9962309130,Naveen Murthy,2026-08-05 21:19,397,Coimbatore-North,
C01409,9668893734,Senthil Ramaswamy,9156545271,Selvam Balakrishnan,2026-08-06 14:13,523,Erode-Hub,
C01410,9668893734,Senthil Ramaswamy,9867533963,Eswar Ramaswamy,2026-08-07 12:10,592,Salem-South,
C01411,9668893734,Senthil Ramaswamy,9314919058,Karthik Das,2026-08-08 12:42,527,Erode-Hub,
C01412,9668893734,Senthil Ramaswamy,9867533963,Eswar Ramaswamy,2026-08-08 13:22,259,Salem-South,
C01413,9668893734,Senthil Ramaswamy,9175496513,Sathish Chandran,2026-08-08 08:42,410,Chennai-Central,
C01414,9668893734,Senthil Ramaswamy,9782639821,Arjun Menon,2026-08-09 14:18,285,Trichy-West,
C01415,9668893734,Senthil Ramaswamy,9962309130,Naveen Murthy,2026-08-09 15:07,38,Coimbatore-North,
C01416,9668893734,Senthil Ramaswamy,9962309130,Naveen Murthy,2026-08-10 12:26,309,Salem-South,
C01417,9668893734,Senthil Ramaswamy,9175496513,Sathish Chandran,2026-08-10 17:08,513,Salem-South,
C01418,9668893734,Senthil Ramaswamy,9175496513,Sathish Chandran,2026-08-11 22:01,453,Salem-South,
C01419,9668893734,Senthil Ramaswamy,9867533963,Eswar Ramaswamy,2026-08-12 13:15,476,Coimbatore-North,
C01420,9668893734,Senthil Ramaswamy,9516136968,Ilango Subramaniam,2026-08-12 22:11,249,Madurai-East,
C01421,9668893734,Senthil Ramaswamy,9516136968,Ilango Subramaniam,2026-08-13 10:29,343,Erode-Hub,
C01422,9668893734,Senthil Ramaswamy,9516136968,Ilango Subramaniam,2026-08-14 08:42,565,Trichy-West,
C01423,9668893734,Senthil Ramaswamy,9962309130,Naveen Murthy,2026-08-14 08:41,391,Erode-Hub,
C01424,9668893734,Senthil Ramaswamy,9314919058,Karthik Das,2026-08-14 09:43,167,Coimbatore-North,
C01425,9627298069,Elango Gupta,9377889255,Prakash Sharma,2026-08-01 10:41,388,Trichy-West,
C01426,9627298069,Elango Gupta,9547772522,Eswar Pandian,2026-08-01 21:36,589,Chennai-Central,
C01427,9627298069,Elango Gupta,9377889255,Prakash Sharma,2026-08-02 13:09,475,Madurai-East,
C01428,9627298069,Elango Gupta,9436995777,Arun Verma,2026-08-03 20:51,240,Madurai-East,
C01429,9627298069,Elango Gupta,9377889255,Prakash Sharma,2026-08-03 07:10,436,Salem-South,
C01430,9627298069,Elango Gupta,9541566765,Thiru Sharma,2026-08-03 18:24,528,Coimbatore-North,
C01431,9627298069,Elango Gupta,9681177589,Suresh Patel,2026-08-04 10:41,510,Salem-South,
C01432,9627298069,Elango Gupta,9377889255,Prakash Sharma,2026-08-05 11:24,475,Coimbatore-North,
C01433,9627298069,Elango Gupta,9436995777,Arun Verma,2026-08-06 14:25,418,Coimbatore-North,
C01434,9627298069,Elango Gupta,9681177589,Suresh Patel,2026-08-06 18:54,481,Chennai-Central,
C01435,9627298069,Elango Gupta,9541566765,Thiru Sharma,2026-08-07 09:50,424,Erode-Hub,
C01436,9627298069,Elango Gupta,9547772522,Eswar Pandian,2026-08-07 14:22,73,Trichy-West,
C01437,9627298069,Elango Gupta,9681177589,Suresh Patel,2026-08-08 20:56,412,Madurai-East,
C01438,9627298069,Elango Gupta,9824771093,Mahesh Pillai,2026-08-09 20:17,124,Coimbatore-North,
C01439,9627298069,Elango Gupta,9681177589,Suresh Patel,2026-08-09 14:09,131,Erode-Hub,
C01440,9627298069,Elango Gupta,9377889255,Prakash Sharma,2026-08-09 18:32,384,Chennai-Central,
C01441,9627298069,Elango Gupta,9681177589,Suresh Patel,2026-08-10 08:38,515,Chennai-Central,
C01442,9627298069,Elango Gupta,9547772522,Eswar Pandian,2026-08-10 10:29,493,Trichy-West,
C01443,9627298069,Elango Gupta,9547772522,Eswar Pandian,2026-08-11 22:12,197,Chennai-Central,
C01444,9627298069,Elango Gupta,9377889255,Prakash Sharma,2026-08-12 20:19,148,Salem-South,
C01445,9627298069,Elango Gupta,9547772522,Eswar Pandian,2026-08-12 14:11,113,Madurai-East,
C01446,9627298069,Elango Gupta,9681177589,Suresh Patel,2026-08-12 12:00,364,Trichy-West,
C01447,9627298069,Elango Gupta,9377889255,Prakash Sharma,2026-08-13 14:05,587,Madurai-East,
C01448,9627298069,Elango Gupta,9547772522,Eswar Pandian,2026-08-13 11:48,310,Trichy-West,
C01449,9627298069,Elango Gupta,9377889255,Prakash Sharma,2026-08-14 20:24,279,Coimbatore-North,
C01450,9627298069,Elango Gupta,9541566765,Thiru Sharma,2026-08-14 20:38,337,Salem-South,
C01451,9720465375,Ravi Gowda,9013990490,Harish Pillai,2026-08-01 15:10,246,Chennai-Central,
C01452,9720465375,Ravi Gowda,9324210249,Sanjay Chandran,2026-08-01 09:36,99,Madurai-East,
C01453,9720465375,Ravi Gowda,9013990490,Harish Pillai,2026-08-01 21:36,525,Madurai-East,
C01454,9720465375,Ravi Gowda,9541566765,Thiru Sharma,2026-08-02 19:49,138,Erode-Hub,
C01455,9720465375,Ravi Gowda,9835615951,Chandran Achari,2026-08-03 08:54,434,Chennai-Central,
C01456,9720465375,Ravi Gowda,9271774490,Jagan Gupta,2026-08-03 11:48,225,Madurai-East,
C01457,9720465375,Ravi Gowda,9541566765,Thiru Sharma,2026-08-03 21:03,368,Coimbatore-North,
C01458,9720465375,Ravi Gowda,9210470952,Ilango Pillai,2026-08-04 20:25,252,Coimbatore-North,
C01459,9720465375,Ravi Gowda,9324210249,Sanjay Chandran,2026-08-04 17:33,251,Trichy-West,
C01460,9720465375,Ravi Gowda,9013990490,Harish Pillai,2026-08-04 15:15,141,Salem-South,
C01461,9720465375,Ravi Gowda,9013990490,Harish Pillai,2026-08-05 15:48,274,Salem-South,
C01462,9720465375,Ravi Gowda,9324210249,Sanjay Chandran,2026-08-06 19:38,73,Madurai-East,
C01463,9720465375,Ravi Gowda,9324210249,Sanjay Chandran,2026-08-06 13:25,232,Chennai-Central,
C01464,9720465375,Ravi Gowda,9324210249,Sanjay Chandran,2026-08-06 10:39,317,Chennai-Central,
C01465,9720465375,Ravi Gowda,9324210249,Sanjay Chandran,2026-08-07 11:20,588,Chennai-Central,
C01466,9720465375,Ravi Gowda,9271774490,Jagan Gupta,2026-08-08 22:20,266,Chennai-Central,
C01467,9720465375,Ravi Gowda,9210470952,Ilango Pillai,2026-08-08 08:35,200,Coimbatore-North,
C01468,9720465375,Ravi Gowda,9324210249,Sanjay Chandran,2026-08-09 21:14,375,Erode-Hub,
C01469,9720465375,Ravi Gowda,9541566765,Thiru Sharma,2026-08-09 21:26,123,Trichy-West,
C01470,9720465375,Ravi Gowda,9013990490,Harish Pillai,2026-08-10 10:56,291,Salem-South,
C01471,9720465375,Ravi Gowda,9271774490,Jagan Gupta,2026-08-11 09:23,220,Coimbatore-North,
C01472,9720465375,Ravi Gowda,9541566765,Thiru Sharma,2026-08-11 19:12,411,Salem-South,
C01473,9720465375,Ravi Gowda,9210470952,Ilango Pillai,2026-08-12 16:28,548,Salem-South,
C01474,9720465375,Ravi Gowda,9271774490,Jagan Gupta,2026-08-13 11:55,354,Erode-Hub,
C01475,9720465375,Ravi Gowda,9271774490,Jagan Gupta,2026-08-14 13:13,352,Salem-South,
C01476,9720465375,Ravi Gowda,9210470952,Ilango Pillai,2026-08-14 15:33,233,Coimbatore-North,
C01477,9720465375,Ravi Gowda,9013990490,Harish Pillai,2026-08-14 19:35,434,Madurai-East,
C01478,9641708053,Sabari Venkatesh,9856543102,Farook Patel,2026-08-01 16:52,406,Trichy-West,
C01479,9641708053,Sabari Venkatesh,9656670106,Manoj Reddy,2026-08-02 16:13,191,Trichy-West,
C01480,9641708053,Sabari Venkatesh,9656670106,Manoj Reddy,2026-08-02 21:14,568,Erode-Hub,
C01481,9641708053,Sabari Venkatesh,9191088398,Omkar Singh,2026-08-02 08:03,304,Chennai-Central,
C01482,9641708053,Sabari Venkatesh,9962309130,Naveen Murthy,2026-08-03 16:26,559,Erode-Hub,
C01483,9641708053,Sabari Venkatesh,9856543102,Farook Patel,2026-08-03 16:35,408,Erode-Hub,
C01484,9641708053,Sabari Venkatesh,9191088398,Omkar Singh,2026-08-04 22:46,177,Coimbatore-North,
C01485,9641708053,Sabari Venkatesh,9596966416,Karthik Gowda,2026-08-05 18:43,291,Coimbatore-North,
C01486,9641708053,Sabari Venkatesh,9962309130,Naveen Murthy,2026-08-06 10:01,91,Madurai-East,
C01487,9641708053,Sabari Venkatesh,9454615679,Ilango Murthy,2026-08-07 09:38,471,Chennai-Central,
C01488,9641708053,Sabari Venkatesh,9454615679,Ilango Murthy,2026-08-08 21:10,481,Trichy-West,
C01489,9641708053,Sabari Venkatesh,9938677496,Harish Bose,2026-08-08 10:04,295,Trichy-West,
C01490,9641708053,Sabari Venkatesh,9856543102,Farook Patel,2026-08-08 09:26,329,Trichy-West,
C01491,9641708053,Sabari Venkatesh,9938677496,Harish Bose,2026-08-09 18:01,109,Chennai-Central,
C01492,9641708053,Sabari Venkatesh,9596966416,Karthik Gowda,2026-08-10 10:27,262,Salem-South,
C01493,9641708053,Sabari Venkatesh,9191088398,Omkar Singh,2026-08-10 14:50,171,Trichy-West,
C01494,9641708053,Sabari Venkatesh,9962309130,Naveen Murthy,2026-08-11 15:54,353,Madurai-East,
C01495,9641708053,Sabari Venkatesh,9656670106,Manoj Reddy,2026-08-11 18:28,528,Coimbatore-North,
C01496,9641708053,Sabari Venkatesh,9856543102,Farook Patel,2026-08-11 14:16,436,Trichy-West,
C01497,9641708053,Sabari Venkatesh,9938677496,Harish Bose,2026-08-12 13:18,124,Coimbatore-North,
C01498,9641708053,Sabari Venkatesh,9656670106,Manoj Reddy,2026-08-12 07:10,143,Coimbatore-North,
C01499,9641708053,Sabari Venkatesh,9938677496,Harish Bose,2026-08-13 22:33,492,Erode-Hub,
C01500,9641708053,Sabari Venkatesh,9938677496,Harish Bose,2026-08-14 12:55,456,Trichy-West,
C01501,9092327193,Anand Rao,9368970283,Ashok Krishnan,2026-08-01 15:37,227,Erode-Hub,
C01502,9092327193,Anand Rao,9368970283,Ashok Krishnan,2026-08-01 15:55,496,Salem-South,
C01503,9092327193,Anand Rao,9899642353,Rahul Pillai,2026-08-01 20:33,243,Chennai-Central,
C01504,9092327193,Anand Rao,9899642353,Rahul Pillai,2026-08-02 16:37,592,Chennai-Central,
C01505,9092327193,Anand Rao,9921249985,Deepak Gupta,2026-08-02 15:00,295,Trichy-West,
C01506,9092327193,Anand Rao,9482814893,Kannan Kumar,2026-08-02 08:32,383,Erode-Hub,
C01507,9092327193,Anand Rao,9899642353,Rahul Pillai,2026-08-03 19:58,458,Erode-Hub,
C01508,9092327193,Anand Rao,9899642353,Rahul Pillai,2026-08-04 13:39,535,Salem-South,
C01509,9092327193,Anand Rao,9899642353,Rahul Pillai,2026-08-05 12:02,496,Coimbatore-North,
C01510,9092327193,Anand Rao,9482814893,Kannan Kumar,2026-08-05 13:55,289,Madurai-East,
C01511,9092327193,Anand Rao,9899642353,Rahul Pillai,2026-08-05 16:59,346,Erode-Hub,
C01512,9092327193,Anand Rao,9921249985,Deepak Gupta,2026-08-06 20:36,439,Erode-Hub,
C01513,9092327193,Anand Rao,9899642353,Rahul Pillai,2026-08-07 15:34,83,Coimbatore-North,
C01514,9092327193,Anand Rao,9921249985,Deepak Gupta,2026-08-07 18:10,212,Salem-South,
C01515,9092327193,Anand Rao,9899642353,Rahul Pillai,2026-08-07 12:56,454,Chennai-Central,
C01516,9092327193,Anand Rao,9921249985,Deepak Gupta,2026-08-08 11:15,51,Coimbatore-North,
C01517,9092327193,Anand Rao,9482814893,Kannan Kumar,2026-08-08 11:31,590,Madurai-East,
C01518,9092327193,Anand Rao,9899642353,Rahul Pillai,2026-08-08 17:31,393,Coimbatore-North,
C01519,9092327193,Anand Rao,9482814893,Kannan Kumar,2026-08-09 14:47,350,Chennai-Central,
C01520,9092327193,Anand Rao,9921249985,Deepak Gupta,2026-08-09 11:33,239,Coimbatore-North,
C01521,9092327193,Anand Rao,9482814893,Kannan Kumar,2026-08-10 16:45,71,Chennai-Central,
C01522,9092327193,Anand Rao,9368970283,Ashok Krishnan,2026-08-10 12:00,317,Coimbatore-North,
C01523,9092327193,Anand Rao,9368970283,Ashok Krishnan,2026-08-11 14:46,143,Trichy-West,
C01524,9092327193,Anand Rao,9368970283,Ashok Krishnan,2026-08-12 18:52,260,Chennai-Central,
C01525,9092327193,Anand Rao,9482814893,Kannan Kumar,2026-08-12 07:39,232,Salem-South,
C01526,9092327193,Anand Rao,9368970283,Ashok Krishnan,2026-08-12 18:56,573,Salem-South,
C01527,9092327193,Anand Rao,9899642353,Rahul Pillai,2026-08-13 16:58,542,Salem-South,
C01528,9092327193,Anand Rao,9921249985,Deepak Gupta,2026-08-13 19:19,356,Salem-South,
C01529,9092327193,Anand Rao,9368970283,Ashok Krishnan,2026-08-13 15:44,550,Erode-Hub,
C01530,9092327193,Anand Rao,9899642353,Rahul Pillai,2026-08-14 19:56,259,Trichy-West,
C01531,9912419049,Naveen Bose,9419283276,Gopal Rao,2026-08-01 09:36,22,Chennai-Central,
C01532,9912419049,Naveen Bose,9943969078,Deepak Sharma,2026-08-02 19:56,36,Chennai-Central,
C01533,9912419049,Naveen Bose,9419283276,Gopal Rao,2026-08-02 17:54,149,Trichy-West,
C01534,9912419049,Naveen Bose,9464887719,Kannan Natarajan,2026-08-03 12:59,260,Coimbatore-North,
C01535,9912419049,Naveen Bose,9654051531,Vikram Pandian,2026-08-03 17:11,526,Erode-Hub,
C01536,9912419049,Naveen Bose,9943969078,Deepak Sharma,2026-08-03 21:18,438,Trichy-West,
C01537,9912419049,Naveen Bose,9464887719,Kannan Natarajan,2026-08-04 11:42,20,Madurai-East,
C01538,9912419049,Naveen Bose,9419283276,Gopal Rao,2026-08-04 11:27,348,Erode-Hub,
C01539,9912419049,Naveen Bose,9943969078,Deepak Sharma,2026-08-04 12:17,366,Salem-South,
C01540,9912419049,Naveen Bose,9943969078,Deepak Sharma,2026-08-05 14:46,366,Trichy-West,
C01541,9912419049,Naveen Bose,9943969078,Deepak Sharma,2026-08-05 18:32,313,Coimbatore-North,
C01542,9912419049,Naveen Bose,9464887719,Kannan Natarajan,2026-08-05 17:43,482,Erode-Hub,
C01543,9912419049,Naveen Bose,9943969078,Deepak Sharma,2026-08-06 16:03,337,Coimbatore-North,
C01544,9912419049,Naveen Bose,9419283276,Gopal Rao,2026-08-06 10:06,241,Chennai-Central,
C01545,9912419049,Naveen Bose,9943969078,Deepak Sharma,2026-08-06 12:48,107,Chennai-Central,
C01546,9912419049,Naveen Bose,9943969078,Deepak Sharma,2026-08-07 13:24,235,Coimbatore-North,
C01547,9912419049,Naveen Bose,9464887719,Kannan Natarajan,2026-08-08 11:05,455,Madurai-East,
C01548,9912419049,Naveen Bose,9654051531,Vikram Pandian,2026-08-09 17:22,250,Coimbatore-North,
C01549,9912419049,Naveen Bose,9419283276,Gopal Rao,2026-08-09 09:36,62,Trichy-West,
C01550,9912419049,Naveen Bose,9654051531,Vikram Pandian,2026-08-10 08:22,570,Coimbatore-North,
C01551,9912419049,Naveen Bose,9943969078,Deepak Sharma,2026-08-11 11:30,457,Coimbatore-North,
C01552,9912419049,Naveen Bose,9464887719,Kannan Natarajan,2026-08-12 14:25,388,Madurai-East,
C01553,9912419049,Naveen Bose,9419283276,Gopal Rao,2026-08-12 21:10,552,Trichy-West,
C01554,9912419049,Naveen Bose,9419283276,Gopal Rao,2026-08-13 16:19,531,Chennai-Central,
C01555,9912419049,Naveen Bose,9464887719,Kannan Natarajan,2026-08-14 16:03,360,Salem-South,
C01556,9912419049,Naveen Bose,9943969078,Deepak Sharma,2026-08-14 13:43,533,Madurai-East,
C01557,9314919058,Karthik Das,9494808313,Sathish Gupta,2026-08-01 08:48,335,Madurai-East,
C01558,9314919058,Karthik Das,9494808313,Sathish Gupta,2026-08-02 21:25,309,Coimbatore-North,
C01559,9314919058,Karthik Das,9013990490,Harish Pillai,2026-08-03 07:26,489,Madurai-East,
C01560,9314919058,Karthik Das,9494808313,Sathish Gupta,2026-08-03 10:39,260,Salem-South,
C01561,9314919058,Karthik Das,9494808313,Sathish Gupta,2026-08-04 17:17,264,Salem-South,
C01562,9314919058,Karthik Das,9466183982,Elango Kumar,2026-08-04 12:42,324,Salem-South,
C01563,9314919058,Karthik Das,9013990490,Harish Pillai,2026-08-04 21:39,59,Madurai-East,
C01564,9314919058,Karthik Das,9013990490,Harish Pillai,2026-08-05 11:16,353,Erode-Hub,
C01565,9314919058,Karthik Das,9013990490,Harish Pillai,2026-08-05 11:38,308,Chennai-Central,
C01566,9314919058,Karthik Das,9013990490,Harish Pillai,2026-08-05 16:58,75,Erode-Hub,
C01567,9314919058,Karthik Das,9013990490,Harish Pillai,2026-08-06 07:09,276,Chennai-Central,
C01568,9314919058,Karthik Das,9466183982,Elango Kumar,2026-08-07 12:13,60,Salem-South,
C01569,9314919058,Karthik Das,9466183982,Elango Kumar,2026-08-08 09:50,514,Salem-South,
C01570,9314919058,Karthik Das,9494808313,Sathish Gupta,2026-08-08 20:29,235,Chennai-Central,
C01571,9314919058,Karthik Das,9494808313,Sathish Gupta,2026-08-09 09:26,447,Madurai-East,
C01572,9314919058,Karthik Das,9466183982,Elango Kumar,2026-08-09 20:57,100,Trichy-West,
C01573,9314919058,Karthik Das,9466183982,Elango Kumar,2026-08-10 10:05,321,Madurai-East,
C01574,9314919058,Karthik Das,9494808313,Sathish Gupta,2026-08-10 14:31,236,Erode-Hub,
C01575,9314919058,Karthik Das,9013990490,Harish Pillai,2026-08-11 07:55,548,Trichy-West,
C01576,9314919058,Karthik Das,9494808313,Sathish Gupta,2026-08-12 20:49,512,Salem-South,
C01577,9314919058,Karthik Das,9466183982,Elango Kumar,2026-08-13 13:04,382,Trichy-West,
C01578,9314919058,Karthik Das,9494808313,Sathish Gupta,2026-08-13 12:12,533,Erode-Hub,
C01579,9314919058,Karthik Das,9466183982,Elango Kumar,2026-08-14 12:40,365,Coimbatore-North,
C01580,9506716572,Bharath Pandian,9314919058,Karthik Das,2026-08-01 15:56,564,Salem-South,
C01581,9506716572,Bharath Pandian,9556909275,Karthik Menon,2026-08-02 12:33,278,Salem-South,
C01582,9506716572,Bharath Pandian,9429671756,Kishore Subramaniam,2026-08-03 15:05,331,Coimbatore-North,
C01583,9506716572,Bharath Pandian,9368970283,Ashok Krishnan,2026-08-03 11:34,375,Trichy-West,
C01584,9506716572,Bharath Pandian,9556909275,Karthik Menon,2026-08-04 21:27,292,Erode-Hub,
C01585,9506716572,Bharath Pandian,9056856624,Eswar Raj,2026-08-05 08:03,210,Madurai-East,
C01586,9506716572,Bharath Pandian,9056856624,Eswar Raj,2026-08-06 15:31,232,Salem-South,
C01587,9506716572,Bharath Pandian,9556909275,Karthik Menon,2026-08-06 15:47,175,Madurai-East,
C01588,9506716572,Bharath Pandian,9473597746,Devan Menon,2026-08-06 13:53,321,Erode-Hub,
C01589,9506716572,Bharath Pandian,9479627570,Lokesh Verma,2026-08-07 16:21,434,Erode-Hub,
C01590,9506716572,Bharath Pandian,9839301031,Rahul Das,2026-08-07 16:37,596,Coimbatore-North,
C01591,9506716572,Bharath Pandian,9368970283,Ashok Krishnan,2026-08-07 10:05,59,Salem-South,
C01592,9506716572,Bharath Pandian,9056856624,Eswar Raj,2026-08-08 19:32,237,Erode-Hub,
C01593,9506716572,Bharath Pandian,9473597746,Devan Menon,2026-08-09 22:48,476,Madurai-East,
C01594,9506716572,Bharath Pandian,9479627570,Lokesh Verma,2026-08-10 22:31,569,Chennai-Central,
C01595,9506716572,Bharath Pandian,9429671756,Kishore Subramaniam,2026-08-11 13:27,242,Salem-South,
C01596,9506716572,Bharath Pandian,9556909275,Karthik Menon,2026-08-11 11:56,128,Madurai-East,
C01597,9506716572,Bharath Pandian,9429671756,Kishore Subramaniam,2026-08-11 22:47,401,Trichy-West,
C01598,9506716572,Bharath Pandian,9839301031,Rahul Das,2026-08-12 22:00,189,Trichy-West,
C01599,9506716572,Bharath Pandian,9368970283,Ashok Krishnan,2026-08-13 10:41,95,Coimbatore-North,
C01600,9506716572,Bharath Pandian,9056856624,Eswar Raj,2026-08-14 21:21,335,Chennai-Central,
C01601,9506716572,Bharath Pandian,9473597746,Devan Menon,2026-08-14 22:20,458,Chennai-Central,
C01602,9987769453,Kishore Pillai,9280598262,Karthik Shetty,2026-08-01 13:59,261,Madurai-East,
C01603,9987769453,Kishore Pillai,9280598262,Karthik Shetty,2026-08-01 19:37,454,Trichy-West,
C01604,9987769453,Kishore Pillai,9893246095,Rahul Pandian,2026-08-01 17:42,529,Coimbatore-North,
C01605,9987769453,Kishore Pillai,9280598262,Karthik Shetty,2026-08-02 19:07,360,Trichy-West,
C01606,9987769453,Kishore Pillai,9826758692,Anand Shetty,2026-08-02 14:49,111,Erode-Hub,
C01607,9987769453,Kishore Pillai,9826758692,Anand Shetty,2026-08-03 08:58,566,Coimbatore-North,
C01608,9987769453,Kishore Pillai,9621745961,Pandi Patel,2026-08-04 07:27,578,Chennai-Central,
C01609,9987769453,Kishore Pillai,9280598262,Karthik Shetty,2026-08-04 14:42,253,Trichy-West,
C01610,9987769453,Kishore Pillai,9893246095,Rahul Pandian,2026-08-04 07:27,129,Coimbatore-North,
C01611,9987769453,Kishore Pillai,9826758692,Anand Shetty,2026-08-05 22:06,54,Chennai-Central,
C01612,9987769453,Kishore Pillai,9280598262,Karthik Shetty,2026-08-05 17:36,204,Salem-South,
C01613,9987769453,Kishore Pillai,9893246095,Rahul Pandian,2026-08-06 19:22,513,Salem-South,
C01614,9987769453,Kishore Pillai,9280598262,Karthik Shetty,2026-08-06 12:06,562,Erode-Hub,
C01615,9987769453,Kishore Pillai,9621745961,Pandi Patel,2026-08-07 09:39,153,Chennai-Central,
C01616,9987769453,Kishore Pillai,9826758692,Anand Shetty,2026-08-07 17:10,106,Salem-South,
C01617,9987769453,Kishore Pillai,9621745961,Pandi Patel,2026-08-07 19:08,316,Coimbatore-North,
C01618,9987769453,Kishore Pillai,9893246095,Rahul Pandian,2026-08-08 21:12,279,Salem-South,
C01619,9987769453,Kishore Pillai,9621745961,Pandi Patel,2026-08-09 20:10,541,Chennai-Central,
C01620,9987769453,Kishore Pillai,9280598262,Karthik Shetty,2026-08-09 21:40,114,Chennai-Central,
C01621,9987769453,Kishore Pillai,9621745961,Pandi Patel,2026-08-09 12:02,535,Chennai-Central,
C01622,9987769453,Kishore Pillai,9280598262,Karthik Shetty,2026-08-10 15:58,531,Madurai-East,
C01623,9987769453,Kishore Pillai,9893246095,Rahul Pandian,2026-08-10 22:40,245,Erode-Hub,
C01624,9987769453,Kishore Pillai,9893246095,Rahul Pandian,2026-08-11 14:54,538,Trichy-West,
C01625,9987769453,Kishore Pillai,9280598262,Karthik Shetty,2026-08-12 16:47,177,Erode-Hub,
C01626,9987769453,Kishore Pillai,9621745961,Pandi Patel,2026-08-13 08:26,315,Salem-South,
C01627,9987769453,Kishore Pillai,9893246095,Rahul Pandian,2026-08-13 12:32,279,Chennai-Central,
C01628,9987769453,Kishore Pillai,9280598262,Karthik Shetty,2026-08-14 13:38,224,Trichy-West,
C01629,9987769453,Kishore Pillai,9826758692,Anand Shetty,2026-08-14 10:27,310,Trichy-West,
C01630,9987769453,Kishore Pillai,9826758692,Anand Shetty,2026-08-14 15:10,545,Madurai-East,
C01631,9799650752,Anand Ramaswamy,9793564651,Rajesh Natarajan,2026-08-01 14:49,373,Madurai-East,
C01632,9799650752,Anand Ramaswamy,9841616928,Hari Achari,2026-08-02 11:00,110,Chennai-Central,
C01633,9799650752,Anand Ramaswamy,9724238849,Murugan Shetty,2026-08-03 12:26,78,Madurai-East,
C01634,9799650752,Anand Ramaswamy,9026542351,Gowtham Pillai,2026-08-04 08:15,159,Madurai-East,
C01635,9799650752,Anand Ramaswamy,9784980841,Ramesh Nair,2026-08-05 14:32,64,Coimbatore-North,
C01636,9799650752,Anand Ramaswamy,9841616928,Hari Achari,2026-08-06 13:44,241,Salem-South,
C01637,9799650752,Anand Ramaswamy,9784980841,Ramesh Nair,2026-08-07 21:18,142,Chennai-Central,
C01638,9799650752,Anand Ramaswamy,9784980841,Ramesh Nair,2026-08-08 18:20,520,Salem-South,
C01639,9799650752,Anand Ramaswamy,9724238849,Murugan Shetty,2026-08-08 08:15,141,Coimbatore-North,
C01640,9799650752,Anand Ramaswamy,9841616928,Hari Achari,2026-08-09 11:19,272,Trichy-West,
C01641,9799650752,Anand Ramaswamy,9784980841,Ramesh Nair,2026-08-09 15:30,588,Coimbatore-North,
C01642,9799650752,Anand Ramaswamy,9724238849,Murugan Shetty,2026-08-10 07:29,33,Coimbatore-North,
C01643,9799650752,Anand Ramaswamy,9026542351,Gowtham Pillai,2026-08-11 18:24,42,Salem-South,
C01644,9799650752,Anand Ramaswamy,9841616928,Hari Achari,2026-08-11 16:51,488,Trichy-West,
C01645,9799650752,Anand Ramaswamy,9026542351,Gowtham Pillai,2026-08-12 17:14,223,Madurai-East,
C01646,9799650752,Anand Ramaswamy,9784980841,Ramesh Nair,2026-08-12 14:18,412,Madurai-East,
C01647,9799650752,Anand Ramaswamy,9724238849,Murugan Shetty,2026-08-12 22:57,588,Erode-Hub,
C01648,9799650752,Anand Ramaswamy,9841616928,Hari Achari,2026-08-13 08:16,99,Trichy-West,
C01649,9799650752,Anand Ramaswamy,9793564651,Rajesh Natarajan,2026-08-14 18:04,553,Madurai-East,
C01650,9799650752,Anand Ramaswamy,9793564651,Rajesh Natarajan,2026-08-14 18:08,348,Trichy-West,
C01651,9799650752,Anand Ramaswamy,9843646974,Unknown,2026-08-08 20:39,39,Chennai-Central,SUSPICIOUS_BURST
C01652,9799650752,Anand Ramaswamy,9843646974,Unknown,2026-08-08 16:21,54,Coimbatore-North,SUSPICIOUS_BURST
C01653,9799650752,Anand Ramaswamy,9843646974,Unknown,2026-08-08 10:30,9,Coimbatore-North,SUSPICIOUS_BURST
C01654,9799650752,Anand Ramaswamy,9843646974,Unknown,2026-08-08 00:37,5,Chennai-Central,SUSPICIOUS_BURST
C01655,9799650752,Anand Ramaswamy,9843646974,Unknown,2026-08-08 09:05,30,Chennai-Central,SUSPICIOUS_BURST
C01656,9799650752,Anand Ramaswamy,9843646974,Unknown,2026-08-08 07:21,13,Coimbatore-North,SUSPICIOUS_BURST
C01657,9799650752,Anand Ramaswamy,9843646974,Unknown,2026-08-08 14:31,22,Coimbatore-North,SUSPICIOUS_BURST
C01658,9799650752,Anand Ramaswamy,9843646974,Unknown,2026-08-08 04:44,45,Chennai-Central,SUSPICIOUS_BURST
C01659,9799650752,Anand Ramaswamy,9843646974,Unknown,2026-08-08 07:57,27,Chennai-Central,SUSPICIOUS_BURST
C01660,9799650752,Anand Ramaswamy,9843646974,Unknown,2026-08-08 03:11,57,Chennai-Central,SUSPICIOUS_BURST
C01661,9799650752,Anand Ramaswamy,9843646974,Unknown,2026-08-08 09:53,34,Coimbatore-North,SUSPICIOUS_BURST
C01662,9799650752,Anand Ramaswamy,9843646974,Unknown,2026-08-08 17:40,11,Coimbatore-North,SUSPICIOUS_BURST
C01663,9799650752,Anand Ramaswamy,9843646974,Unknown,2026-08-08 19:21,39,Coimbatore-North,SUSPICIOUS_BURST
C01664,9799650752,Anand Ramaswamy,9843646974,Unknown,2026-08-08 02:37,31,Coimbatore-North,SUSPICIOUS_BURST
C01665,9799650752,Anand Ramaswamy,9843646974,Unknown,2026-08-08 03:08,7,Coimbatore-North,SUSPICIOUS_BURST
C01666,9799650752,Anand Ramaswamy,9843646974,Unknown,2026-08-08 04:50,48,Coimbatore-North,SUSPICIOUS_BURST
C01667,9799650752,Anand Ramaswamy,9843646974,Unknown,2026-08-08 18:32,29,Coimbatore-North,SUSPICIOUS_BURST
C01668,9799650752,Anand Ramaswamy,9843646974,Unknown,2026-08-08 23:51,25,Coimbatore-North,SUSPICIOUS_BURST
C01669,9799650752,Anand Ramaswamy,9843646974,Unknown,2026-08-08 14:13,54,Chennai-Central,SUSPICIOUS_BURST
C01670,9799650752,Anand Ramaswamy,9843646974,Unknown,2026-08-08 00:50,33,Coimbatore-North,SUSPICIOUS_BURST
C01671,9799650752,Anand Ramaswamy,9843646974,Unknown,2026-08-08 21:04,20,Coimbatore-North,SUSPICIOUS_BURST
C01672,9799650752,Anand Ramaswamy,9843646974,Unknown,2026-08-08 19:41,27,Chennai-Central,SUSPICIOUS_BURST
C01673,9799650752,Anand Ramaswamy,9843646974,Unknown,2026-08-08 03:24,18,Chennai-Central,SUSPICIOUS_BURST
C01674,9799650752,Anand Ramaswamy,9843646974,Unknown,2026-08-08 01:23,23,Coimbatore-North,SUSPICIOUS_BURST
C01675,9799650752,Anand Ramaswamy,9843646974,Unknown,2026-08-08 04:22,6,Coimbatore-North,SUSPICIOUS_BURST
C01676,9799650752,Anand Ramaswamy,9843646974,Unknown,2026-08-08 01:45,11,Chennai-Central,SUSPICIOUS_BURST
C01677,9799650752,Anand Ramaswamy,9843646974,Unknown,2026-08-08 06:17,11,Coimbatore-North,SUSPICIOUS_BURST
C01678,9799650752,Anand Ramaswamy,9843646974,Unknown,2026-08-08 09:07,11,Chennai-Central,SUSPICIOUS_BURST
C01679,9799650752,Anand Ramaswamy,9843646974,Unknown,2026-08-08 05:08,42,Coimbatore-North,SUSPICIOUS_BURST
C01680,9799650752,Anand Ramaswamy,9843646974,Unknown,2026-08-08 20:43,14,Chennai-Central,SUSPICIOUS_BURST
C01681,9799650752,Anand Ramaswamy,9843646974,Unknown,2026-08-08 16:41,13,Coimbatore-North,SUSPICIOUS_BURST
C01682,9799650752,Anand Ramaswamy,9843646974,Unknown,2026-08-08 09:27,21,Chennai-Central,SUSPICIOUS_BURST
C01683,9799650752,Anand Ramaswamy,9843646974,Unknown,2026-08-08 02:52,21,Coimbatore-North,SUSPICIOUS_BURST
C01684,9799650752,Anand Ramaswamy,9843646974,Unknown,2026-08-08 00:42,44,Chennai-Central,SUSPICIOUS_BURST
C01685,9799650752,Anand Ramaswamy,9843646974,Unknown,2026-08-08 01:38,11,Chennai-Central,SUSPICIOUS_BURST
C01686,9799650752,Anand Ramaswamy,9843646974,Unknown,2026-08-08 12:12,33,Coimbatore-North,SUSPICIOUS_BURST
C01687,9799650752,Anand Ramaswamy,9843646974,Unknown,2026-08-08 10:10,24,Coimbatore-North,SUSPICIOUS_BURST
C01688,9799650752,Anand Ramaswamy,9843646974,Unknown,2026-08-08 14:57,37,Coimbatore-North,SUSPICIOUS_BURST
C01689,9799650752,Anand Ramaswamy,9843646974,Unknown,2026-08-08 13:57,26,Coimbatore-North,SUSPICIOUS_BURST
C01690,9799650752,Anand Ramaswamy,9843646974,Unknown,2026-08-08 18:34,36,Chennai-Central,SUSPICIOUS_BURST
C01691,9799650752,Anand Ramaswamy,9843646974,Unknown,2026-08-08 03:43,44,Chennai-Central,SUSPICIOUS_BURST
C01692,9799650752,Anand Ramaswamy,9843646974,Unknown,2026-08-08 17:57,12,Chennai-Central,SUSPICIOUS_BURST
C01693,9799650752,Anand Ramaswamy,9843646974,Unknown,2026-08-08 01:20,27,Chennai-Central,SUSPICIOUS_BURST
C01694,9494808313,Sathish Gupta,9222196937,Selvam Das,2026-08-01 13:56,58,Madurai-East,
C01695,9494808313,Sathish Gupta,9874064039,Farook Sharma,2026-08-01 11:50,332,Madurai-East,
C01696,9494808313,Sathish Gupta,9222196937,Selvam Das,2026-08-01 16:55,486,Salem-South,
C01697,9494808313,Sathish Gupta,9849912165,Bharath Subramaniam,2026-08-02 08:52,123,Madurai-East,
C01698,9494808313,Sathish Gupta,9784980841,Ramesh Nair,2026-08-03 14:29,148,Coimbatore-North,
C01699,9494808313,Sathish Gupta,9784980841,Ramesh Nair,2026-08-03 14:05,411,Coimbatore-North,
C01700,9494808313,Sathish Gupta,9222196937,Selvam Das,2026-08-04 21:49,292,Salem-South,
C01701,9494808313,Sathish Gupta,9556909275,Karthik Menon,2026-08-04 11:19,534,Coimbatore-North,
C01702,9494808313,Sathish Gupta,9405377351,Ilango Krishnan,2026-08-04 18:33,241,Madurai-East,
C01703,9494808313,Sathish Gupta,9222196937,Selvam Das,2026-08-05 18:51,335,Coimbatore-North,
C01704,9494808313,Sathish Gupta,9405377351,Ilango Krishnan,2026-08-06 09:07,258,Trichy-West,
C01705,9494808313,Sathish Gupta,9784980841,Ramesh Nair,2026-08-06 17:08,361,Madurai-East,
C01706,9494808313,Sathish Gupta,9556909275,Karthik Menon,2026-08-06 22:38,416,Salem-South,
C01707,9494808313,Sathish Gupta,9724238849,Murugan Shetty,2026-08-07 12:56,532,Salem-South,
C01708,9494808313,Sathish Gupta,9210470952,Ilango Pillai,2026-08-08 11:21,263,Coimbatore-North,
C01709,9494808313,Sathish Gupta,9222196937,Selvam Das,2026-08-08 21:02,363,Coimbatore-North,
C01710,9494808313,Sathish Gupta,9210470952,Ilango Pillai,2026-08-09 08:20,78,Chennai-Central,
C01711,9494808313,Sathish Gupta,9556909275,Karthik Menon,2026-08-09 18:57,293,Salem-South,
C01712,9494808313,Sathish Gupta,9222196937,Selvam Das,2026-08-09 07:12,173,Salem-South,
C01713,9494808313,Sathish Gupta,9849912165,Bharath Subramaniam,2026-08-10 11:34,507,Salem-South,
C01714,9494808313,Sathish Gupta,9556909275,Karthik Menon,2026-08-10 17:53,246,Erode-Hub,
C01715,9494808313,Sathish Gupta,9556909275,Karthik Menon,2026-08-11 21:40,188,Erode-Hub,
C01716,9494808313,Sathish Gupta,9556909275,Karthik Menon,2026-08-11 07:32,423,Coimbatore-North,
C01717,9494808313,Sathish Gupta,9405377351,Ilango Krishnan,2026-08-12 12:14,490,Coimbatore-North,
C01718,9494808313,Sathish Gupta,9405377351,Ilango Krishnan,2026-08-13 20:49,461,Erode-Hub,
C01719,9494808313,Sathish Gupta,9724238849,Murugan Shetty,2026-08-14 16:46,193,Trichy-West,
C01720,9770143634,Nithin Raj,9743671369,Nithin Pillai,2026-08-01 07:30,186,Salem-South,
C01721,9770143634,Nithin Raj,9935978207,Siva Achari,2026-08-02 22:24,207,Chennai-Central,
C01722,9770143634,Nithin Raj,9683885160,Prakash Patel,2026-08-02 12:02,532,Coimbatore-North,
C01723,9770143634,Nithin Raj,9743671369,Nithin Pillai,2026-08-02 12:36,447,Coimbatore-North,
C01724,9770143634,Nithin Raj,9743671369,Nithin Pillai,2026-08-03 12:50,534,Salem-South,
C01725,9770143634,Nithin Raj,9743671369,Nithin Pillai,2026-08-03 20:14,276,Madurai-East,
C01726,9770143634,Nithin Raj,9809570154,Devan Ramaswamy,2026-08-03 15:40,231,Madurai-East,
C01727,9770143634,Nithin Raj,9809570154,Devan Ramaswamy,2026-08-04 16:35,356,Erode-Hub,
C01728,9770143634,Nithin Raj,9935978207,Siva Achari,2026-08-04 14:57,469,Madurai-East,
C01729,9770143634,Nithin Raj,9809570154,Devan Ramaswamy,2026-08-05 21:07,573,Erode-Hub,
C01730,9770143634,Nithin Raj,9683885160,Prakash Patel,2026-08-05 19:10,542,Trichy-West,
C01731,9770143634,Nithin Raj,9683885160,Prakash Patel,2026-08-05 21:29,207,Coimbatore-North,
C01732,9770143634,Nithin Raj,9743671369,Nithin Pillai,2026-08-06 12:21,187,Coimbatore-North,
C01733,9770143634,Nithin Raj,9743671369,Nithin Pillai,2026-08-06 12:07,165,Madurai-East,
C01734,9770143634,Nithin Raj,9683885160,Prakash Patel,2026-08-06 21:49,107,Salem-South,
C01735,9770143634,Nithin Raj,9809570154,Devan Ramaswamy,2026-08-07 21:34,150,Madurai-East,
C01736,9770143634,Nithin Raj,9809570154,Devan Ramaswamy,2026-08-07 13:52,526,Chennai-Central,
C01737,9770143634,Nithin Raj,9743671369,Nithin Pillai,2026-08-07 13:43,70,Coimbatore-North,
C01738,9770143634,Nithin Raj,9743671369,Nithin Pillai,2026-08-08 15:49,576,Coimbatore-North,
C01739,9770143634,Nithin Raj,9743671369,Nithin Pillai,2026-08-08 07:36,356,Erode-Hub,
C01740,9770143634,Nithin Raj,9683885160,Prakash Patel,2026-08-09 18:29,41,Chennai-Central,
C01741,9770143634,Nithin Raj,9809570154,Devan Ramaswamy,2026-08-09 15:04,116,Salem-South,
C01742,9770143634,Nithin Raj,9683885160,Prakash Patel,2026-08-09 08:33,484,Salem-South,
C01743,9770143634,Nithin Raj,9743671369,Nithin Pillai,2026-08-10 15:26,282,Salem-South,
C01744,9770143634,Nithin Raj,9935978207,Siva Achari,2026-08-11 10:58,142,Chennai-Central,
C01745,9770143634,Nithin Raj,9683885160,Prakash Patel,2026-08-11 18:17,579,Chennai-Central,
C01746,9770143634,Nithin Raj,9743671369,Nithin Pillai,2026-08-11 12:42,559,Madurai-East,
C01747,9770143634,Nithin Raj,9809570154,Devan Ramaswamy,2026-08-12 07:20,425,Chennai-Central,
C01748,9770143634,Nithin Raj,9935978207,Siva Achari,2026-08-12 11:19,528,Chennai-Central,
C01749,9770143634,Nithin Raj,9809570154,Devan Ramaswamy,2026-08-13 14:40,220,Erode-Hub,
C01750,9770143634,Nithin Raj,9683885160,Prakash Patel,2026-08-13 20:04,336,Trichy-West,
C01751,9770143634,Nithin Raj,9743671369,Nithin Pillai,2026-08-13 08:30,449,Coimbatore-North,
C01752,9770143634,Nithin Raj,9935978207,Siva Achari,2026-08-14 15:57,586,Coimbatore-North,
C01753,9770143634,Nithin Raj,9683885160,Prakash Patel,2026-08-14 08:29,384,Madurai-East,
C01754,9855744431,Gopal Krishnan,9139718707,Chandran Subramaniam,2026-08-01 16:00,36,Madurai-East,
C01755,9855744431,Gopal Krishnan,9139718707,Chandran Subramaniam,2026-08-01 07:23,570,Chennai-Central,
C01756,9855744431,Gopal Krishnan,9500479748,Mahesh Das,2026-08-02 15:57,138,Trichy-West,
C01757,9855744431,Gopal Krishnan,9893246095,Rahul Pandian,2026-08-03 22:54,112,Trichy-West,
C01758,9855744431,Gopal Krishnan,9848018451,Harish Subramaniam,2026-08-03 07:03,337,Madurai-East,
C01759,9855744431,Gopal Krishnan,9848018451,Harish Subramaniam,2026-08-03 08:38,333,Salem-South,
C01760,9855744431,Gopal Krishnan,9500479748,Mahesh Das,2026-08-04 12:02,134,Trichy-West,
C01761,9855744431,Gopal Krishnan,9848018451,Harish Subramaniam,2026-08-05 08:40,128,Coimbatore-North,
C01762,9855744431,Gopal Krishnan,9848018451,Harish Subramaniam,2026-08-06 11:10,69,Coimbatore-North,
C01763,9855744431,Gopal Krishnan,9139718707,Chandran Subramaniam,2026-08-07 15:07,90,Madurai-East,
C01764,9855744431,Gopal Krishnan,9139718707,Chandran Subramaniam,2026-08-07 10:39,248,Coimbatore-North,
C01765,9855744431,Gopal Krishnan,9500479748,Mahesh Das,2026-08-07 07:10,466,Chennai-Central,
C01766,9855744431,Gopal Krishnan,9893246095,Rahul Pandian,2026-08-08 08:57,98,Salem-South,
C01767,9855744431,Gopal Krishnan,9893246095,Rahul Pandian,2026-08-08 13:20,446,Erode-Hub,
C01768,9855744431,Gopal Krishnan,9893246095,Rahul Pandian,2026-08-09 15:27,240,Salem-South,
C01769,9855744431,Gopal Krishnan,9893246095,Rahul Pandian,2026-08-10 08:31,68,Trichy-West,
C01770,9855744431,Gopal Krishnan,9139718707,Chandran Subramaniam,2026-08-10 13:56,393,Trichy-West,
C01771,9855744431,Gopal Krishnan,9848018451,Harish Subramaniam,2026-08-10 07:02,94,Trichy-West,
C01772,9855744431,Gopal Krishnan,9848018451,Harish Subramaniam,2026-08-11 10:20,134,Madurai-East,
C01773,9855744431,Gopal Krishnan,9139718707,Chandran Subramaniam,2026-08-12 22:45,247,Chennai-Central,
C01774,9855744431,Gopal Krishnan,9893246095,Rahul Pandian,2026-08-12 20:05,441,Erode-Hub,
C01775,9855744431,Gopal Krishnan,9848018451,Harish Subramaniam,2026-08-13 21:21,385,Erode-Hub,
C01776,9855744431,Gopal Krishnan,9893246095,Rahul Pandian,2026-08-13 14:33,354,Coimbatore-North,
C01777,9855744431,Gopal Krishnan,9500479748,Mahesh Das,2026-08-13 11:06,384,Coimbatore-North,
C01778,9855744431,Gopal Krishnan,9893246095,Rahul Pandian,2026-08-14 07:31,27,Erode-Hub,
C01779,9855744431,Gopal Krishnan,9139718707,Chandran Subramaniam,2026-08-14 07:12,92,Salem-South,
C01780,9855744431,Gopal Krishnan,9500479748,Mahesh Das,2026-08-14 22:00,250,Coimbatore-North,
C01781,9233749894,Rajesh Chandran,9185188888,Lokesh Velu,2026-08-01 20:09,64,Chennai-Central,
C01782,9233749894,Rajesh Chandran,9185188888,Lokesh Velu,2026-08-01 07:07,323,Erode-Hub,
C01783,9233749894,Rajesh Chandran,9013990490,Harish Pillai,2026-08-02 12:57,53,Salem-South,
C01784,9233749894,Rajesh Chandran,9171822782,Farook Iyer,2026-08-03 16:35,499,Trichy-West,
C01785,9233749894,Rajesh Chandran,9254629148,Deepak Das,2026-08-03 15:45,583,Salem-South,
C01786,9233749894,Rajesh Chandran,9793564651,Rajesh Natarajan,2026-08-03 13:24,318,Chennai-Central,
C01787,9233749894,Rajesh Chandran,9013990490,Harish Pillai,2026-08-04 21:21,123,Trichy-West,
C01788,9233749894,Rajesh Chandran,9013990490,Harish Pillai,2026-08-04 18:15,391,Chennai-Central,
C01789,9233749894,Rajesh Chandran,9013990490,Harish Pillai,2026-08-05 18:36,226,Chennai-Central,
C01790,9233749894,Rajesh Chandran,9013990490,Harish Pillai,2026-08-06 11:52,469,Chennai-Central,
C01791,9233749894,Rajesh Chandran,9185188888,Lokesh Velu,2026-08-07 21:01,270,Madurai-East,
C01792,9233749894,Rajesh Chandran,9171822782,Farook Iyer,2026-08-07 18:58,101,Salem-South,
C01793,9233749894,Rajesh Chandran,9793564651,Rajesh Natarajan,2026-08-07 11:26,152,Trichy-West,
C01794,9233749894,Rajesh Chandran,9013990490,Harish Pillai,2026-08-08 11:14,406,Trichy-West,
C01795,9233749894,Rajesh Chandran,9171822782,Farook Iyer,2026-08-08 10:25,237,Madurai-East,
C01796,9233749894,Rajesh Chandran,9793564651,Rajesh Natarajan,2026-08-08 10:05,463,Chennai-Central,
C01797,9233749894,Rajesh Chandran,9185188888,Lokesh Velu,2026-08-09 17:10,332,Coimbatore-North,
C01798,9233749894,Rajesh Chandran,9013990490,Harish Pillai,2026-08-10 15:54,559,Coimbatore-North,
C01799,9233749894,Rajesh Chandran,9185188888,Lokesh Velu,2026-08-10 14:06,566,Coimbatore-North,
C01800,9233749894,Rajesh Chandran,9171822782,Farook Iyer,2026-08-11 17:52,505,Coimbatore-North,
C01801,9233749894,Rajesh Chandran,9793564651,Rajesh Natarajan,2026-08-12 08:11,202,Salem-South,
C01802,9233749894,Rajesh Chandran,9171822782,Farook Iyer,2026-08-13 16:36,364,Coimbatore-North,
C01803,9233749894,Rajesh Chandran,9013990490,Harish Pillai,2026-08-13 09:56,584,Chennai-Central,
C01804,9233749894,Rajesh Chandran,9185188888,Lokesh Velu,2026-08-14 11:31,447,Madurai-East,
C01805,9233749894,Rajesh Chandran,9013990490,Harish Pillai,2026-08-14 22:06,320,Coimbatore-North,
C01806,9233749894,Rajesh Chandran,9254629148,Deepak Das,2026-08-14 07:27,131,Salem-South,
C01807,9240824008,Vijay Singh,9500479748,Mahesh Das,2026-08-01 21:50,309,Salem-South,
C01808,9240824008,Vijay Singh,9494808313,Sathish Gupta,2026-08-02 08:38,138,Coimbatore-North,
C01809,9240824008,Vijay Singh,9348734714,Siva Pillai,2026-08-03 18:24,278,Madurai-East,
C01810,9240824008,Vijay Singh,9871012269,Vijay Patel,2026-08-04 11:15,370,Madurai-East,
C01811,9240824008,Vijay Singh,9871012269,Vijay Patel,2026-08-05 22:38,71,Trichy-West,
C01812,9240824008,Vijay Singh,9871012269,Vijay Patel,2026-08-05 10:54,544,Salem-South,
C01813,9240824008,Vijay Singh,9500479748,Mahesh Das,2026-08-06 09:11,137,Erode-Hub,
C01814,9240824008,Vijay Singh,9348734714,Siva Pillai,2026-08-06 07:41,166,Chennai-Central,
C01815,9240824008,Vijay Singh,9740344713,Nithin Bose,2026-08-06 11:24,233,Salem-South,
C01816,9240824008,Vijay Singh,9956878339,Kannan Balakrishnan,2026-08-07 22:08,318,Coimbatore-North,
C01817,9240824008,Vijay Singh,9528922680,Madhavan Murthy,2026-08-07 16:14,352,Coimbatore-North,
C01818,9240824008,Vijay Singh,9500479748,Mahesh Das,2026-08-08 15:28,69,Trichy-West,
C01819,9240824008,Vijay Singh,9740344713,Nithin Bose,2026-08-09 07:25,82,Erode-Hub,
C01820,9240824008,Vijay Singh,9528922680,Madhavan Murthy,2026-08-10 10:03,109,Coimbatore-North,
C01821,9240824008,Vijay Singh,9740344713,Nithin Bose,2026-08-10 08:10,130,Salem-South,
C01822,9240824008,Vijay Singh,9871012269,Vijay Patel,2026-08-11 11:53,51,Chennai-Central,
C01823,9240824008,Vijay Singh,9528922680,Madhavan Murthy,2026-08-11 19:18,271,Salem-South,
C01824,9240824008,Vijay Singh,9500479748,Mahesh Das,2026-08-11 17:55,496,Chennai-Central,
C01825,9240824008,Vijay Singh,9348734714,Siva Pillai,2026-08-12 20:31,450,Salem-South,
C01826,9240824008,Vijay Singh,9740344713,Nithin Bose,2026-08-12 13:04,372,Madurai-East,
C01827,9240824008,Vijay Singh,9494808313,Sathish Gupta,2026-08-12 14:18,62,Madurai-East,
C01828,9240824008,Vijay Singh,9348734714,Siva Pillai,2026-08-13 14:12,493,Chennai-Central,
C01829,9240824008,Vijay Singh,9740344713,Nithin Bose,2026-08-13 20:02,120,Trichy-West,
C01830,9240824008,Vijay Singh,9740344713,Nithin Bose,2026-08-13 18:54,460,Madurai-East,
C01831,9240824008,Vijay Singh,9494808313,Sathish Gupta,2026-08-14 10:54,345,Chennai-Central,
C01832,9240824008,Vijay Singh,9100339075,Unknown,2026-08-03 17:58,24,Coimbatore-North,SUSPICIOUS_BURST
C01833,9240824008,Vijay Singh,9100339075,Unknown,2026-08-03 09:54,48,Chennai-Central,SUSPICIOUS_BURST
C01834,9240824008,Vijay Singh,9100339075,Unknown,2026-08-03 02:38,43,Chennai-Central,SUSPICIOUS_BURST
C01835,9240824008,Vijay Singh,9100339075,Unknown,2026-08-03 04:07,51,Coimbatore-North,SUSPICIOUS_BURST
C01836,9240824008,Vijay Singh,9100339075,Unknown,2026-08-03 13:58,28,Coimbatore-North,SUSPICIOUS_BURST
C01837,9240824008,Vijay Singh,9100339075,Unknown,2026-08-03 04:50,26,Chennai-Central,SUSPICIOUS_BURST
C01838,9240824008,Vijay Singh,9100339075,Unknown,2026-08-03 19:32,8,Chennai-Central,SUSPICIOUS_BURST
C01839,9240824008,Vijay Singh,9100339075,Unknown,2026-08-03 01:14,5,Coimbatore-North,SUSPICIOUS_BURST
C01840,9240824008,Vijay Singh,9100339075,Unknown,2026-08-03 22:19,23,Coimbatore-North,SUSPICIOUS_BURST
C01841,9240824008,Vijay Singh,9100339075,Unknown,2026-08-03 09:59,9,Coimbatore-North,SUSPICIOUS_BURST
C01842,9240824008,Vijay Singh,9100339075,Unknown,2026-08-03 21:30,34,Chennai-Central,SUSPICIOUS_BURST
C01843,9240824008,Vijay Singh,9100339075,Unknown,2026-08-03 09:42,7,Chennai-Central,SUSPICIOUS_BURST
C01844,9240824008,Vijay Singh,9100339075,Unknown,2026-08-03 11:36,46,Coimbatore-North,SUSPICIOUS_BURST
C01845,9240824008,Vijay Singh,9100339075,Unknown,2026-08-03 17:48,14,Chennai-Central,SUSPICIOUS_BURST
C01846,9240824008,Vijay Singh,9100339075,Unknown,2026-08-03 20:43,58,Chennai-Central,SUSPICIOUS_BURST
C01847,9240824008,Vijay Singh,9100339075,Unknown,2026-08-03 14:35,24,Chennai-Central,SUSPICIOUS_BURST
C01848,9240824008,Vijay Singh,9100339075,Unknown,2026-08-03 13:30,52,Coimbatore-North,SUSPICIOUS_BURST
C01849,9240824008,Vijay Singh,9100339075,Unknown,2026-08-03 01:45,23,Chennai-Central,SUSPICIOUS_BURST
C01850,9240824008,Vijay Singh,9100339075,Unknown,2026-08-03 15:23,40,Coimbatore-North,SUSPICIOUS_BURST
C01851,9240824008,Vijay Singh,9100339075,Unknown,2026-08-03 06:19,21,Coimbatore-North,SUSPICIOUS_BURST
C01852,9240824008,Vijay Singh,9100339075,Unknown,2026-08-03 22:27,23,Coimbatore-North,SUSPICIOUS_BURST
C01853,9240824008,Vijay Singh,9100339075,Unknown,2026-08-03 22:07,47,Chennai-Central,SUSPICIOUS_BURST
C01854,9240824008,Vijay Singh,9100339075,Unknown,2026-08-03 13:59,47,Coimbatore-North,SUSPICIOUS_BURST
C01855,9240824008,Vijay Singh,9100339075,Unknown,2026-08-03 18:27,38,Chennai-Central,SUSPICIOUS_BURST
C01856,9240824008,Vijay Singh,9100339075,Unknown,2026-08-03 23:03,48,Chennai-Central,SUSPICIOUS_BURST
C01857,9240824008,Vijay Singh,9100339075,Unknown,2026-08-03 16:36,29,Coimbatore-North,SUSPICIOUS_BURST
C01858,9240824008,Vijay Singh,9100339075,Unknown,2026-08-03 05:08,15,Coimbatore-North,SUSPICIOUS_BURST
C01859,9240824008,Vijay Singh,9100339075,Unknown,2026-08-03 12:24,35,Coimbatore-North,SUSPICIOUS_BURST
C01860,9240824008,Vijay Singh,9100339075,Unknown,2026-08-03 20:09,13,Chennai-Central,SUSPICIOUS_BURST
C01861,9240824008,Vijay Singh,9100339075,Unknown,2026-08-03 06:07,29,Chennai-Central,SUSPICIOUS_BURST
C01862,9240824008,Vijay Singh,9100339075,Unknown,2026-08-03 19:37,32,Coimbatore-North,SUSPICIOUS_BURST
C01863,9240824008,Vijay Singh,9100339075,Unknown,2026-08-03 13:40,43,Chennai-Central,SUSPICIOUS_BURST
C01864,9240824008,Vijay Singh,9100339075,Unknown,2026-08-03 06:58,42,Chennai-Central,SUSPICIOUS_BURST
C01865,9240824008,Vijay Singh,9100339075,Unknown,2026-08-03 03:11,45,Chennai-Central,SUSPICIOUS_BURST
C01866,9240824008,Vijay Singh,9100339075,Unknown,2026-08-03 05:08,26,Chennai-Central,SUSPICIOUS_BURST
C01867,9240824008,Vijay Singh,9100339075,Unknown,2026-08-03 19:34,44,Coimbatore-North,SUSPICIOUS_BURST
C01868,9240824008,Vijay Singh,9100339075,Unknown,2026-08-03 17:40,12,Chennai-Central,SUSPICIOUS_BURST
C01869,9240824008,Vijay Singh,9100339075,Unknown,2026-08-03 00:43,18,Coimbatore-North,SUSPICIOUS_BURST
C01870,9240824008,Vijay Singh,9100339075,Unknown,2026-08-03 01:06,43,Chennai-Central,SUSPICIOUS_BURST
C01871,9240824008,Vijay Singh,9100339075,Unknown,2026-08-03 01:52,48,Chennai-Central,SUSPICIOUS_BURST
C01872,9240824008,Vijay Singh,9100339075,Unknown,2026-08-03 00:35,21,Chennai-Central,SUSPICIOUS_BURST
C01873,9240824008,Vijay Singh,9100339075,Unknown,2026-08-03 15:46,35,Chennai-Central,SUSPICIOUS_BURST
C01874,9240824008,Vijay Singh,9100339075,Unknown,2026-08-03 09:21,49,Coimbatore-North,SUSPICIOUS_BURST
C01875,9094777520,Manoj Gowda,9952694958,Ravi Gupta,2026-08-01 18:33,168,Madurai-East,
C01876,9094777520,Manoj Gowda,9997700886,Hari Sharma,2026-08-01 19:07,581,Chennai-Central,
C01877,9094777520,Manoj Gowda,9740344713,Nithin Bose,2026-08-02 21:20,142,Salem-South,
C01878,9094777520,Manoj Gowda,9740344713,Nithin Bose,2026-08-03 08:29,356,Chennai-Central,
C01879,9094777520,Manoj Gowda,9155188442,Omkar Subramaniam,2026-08-03 08:25,365,Coimbatore-North,
C01880,9094777520,Manoj Gowda,9740344713,Nithin Bose,2026-08-04 22:21,463,Coimbatore-North,
C01881,9094777520,Manoj Gowda,9155188442,Omkar Subramaniam,2026-08-04 11:14,585,Madurai-East,
C01882,9094777520,Manoj Gowda,9740344713,Nithin Bose,2026-08-05 18:36,600,Coimbatore-North,
C01883,9094777520,Manoj Gowda,9528098851,Raja Reddy,2026-08-05 17:32,220,Madurai-East,
C01884,9094777520,Manoj Gowda,9952694958,Ravi Gupta,2026-08-05 16:17,148,Coimbatore-North,
C01885,9094777520,Manoj Gowda,9952694958,Ravi Gupta,2026-08-06 17:33,130,Trichy-West,
C01886,9094777520,Manoj Gowda,9528098851,Raja Reddy,2026-08-07 13:59,587,Trichy-West,
C01887,9094777520,Manoj Gowda,9528098851,Raja Reddy,2026-08-08 20:23,179,Erode-Hub,
C01888,9094777520,Manoj Gowda,9155188442,Omkar Subramaniam,2026-08-08 20:39,215,Erode-Hub,
C01889,9094777520,Manoj Gowda,9952694958,Ravi Gupta,2026-08-09 07:18,312,Trichy-West,
C01890,9094777520,Manoj Gowda,9997700886,Hari Sharma,2026-08-09 09:33,475,Trichy-West,
C01891,9094777520,Manoj Gowda,9997700886,Hari Sharma,2026-08-10 07:10,405,Salem-South,
C01892,9094777520,Manoj Gowda,9997700886,Hari Sharma,2026-08-10 17:18,275,Coimbatore-North,
C01893,9094777520,Manoj Gowda,9997700886,Hari Sharma,2026-08-10 08:31,511,Madurai-East,
C01894,9094777520,Manoj Gowda,9740344713,Nithin Bose,2026-08-11 10:49,156,Coimbatore-North,
C01895,9094777520,Manoj Gowda,9952694958,Ravi Gupta,2026-08-11 11:16,595,Salem-South,
C01896,9094777520,Manoj Gowda,9952694958,Ravi Gupta,2026-08-12 07:27,500,Madurai-East,
C01897,9094777520,Manoj Gowda,9740344713,Nithin Bose,2026-08-12 16:33,349,Chennai-Central,
C01898,9094777520,Manoj Gowda,9528098851,Raja Reddy,2026-08-12 20:26,24,Chennai-Central,
C01899,9094777520,Manoj Gowda,9155188442,Omkar Subramaniam,2026-08-13 20:00,102,Salem-South,
C01900,9094777520,Manoj Gowda,9952694958,Ravi Gupta,2026-08-14 15:22,381,Salem-South,
C01901,9094777520,Manoj Gowda,9155188442,Omkar Subramaniam,2026-08-14 17:51,27,Trichy-West,
C01902,9094777520,Manoj Gowda,9528098851,Raja Reddy,2026-08-14 18:02,245,Erode-Hub,
C01903,9094777520,Manoj Gowda,9679160110,Unknown,2026-08-04 04:15,22,Chennai-Central,SUSPICIOUS_BURST
C01904,9094777520,Manoj Gowda,9679160110,Unknown,2026-08-04 15:59,46,Coimbatore-North,SUSPICIOUS_BURST
C01905,9094777520,Manoj Gowda,9679160110,Unknown,2026-08-04 11:33,30,Chennai-Central,SUSPICIOUS_BURST
C01906,9094777520,Manoj Gowda,9679160110,Unknown,2026-08-04 19:41,41,Coimbatore-North,SUSPICIOUS_BURST
C01907,9094777520,Manoj Gowda,9679160110,Unknown,2026-08-04 05:36,32,Chennai-Central,SUSPICIOUS_BURST
C01908,9094777520,Manoj Gowda,9679160110,Unknown,2026-08-04 23:31,18,Chennai-Central,SUSPICIOUS_BURST
C01909,9094777520,Manoj Gowda,9679160110,Unknown,2026-08-04 15:56,29,Chennai-Central,SUSPICIOUS_BURST
C01910,9094777520,Manoj Gowda,9679160110,Unknown,2026-08-04 13:20,14,Coimbatore-North,SUSPICIOUS_BURST
C01911,9094777520,Manoj Gowda,9679160110,Unknown,2026-08-04 02:40,24,Chennai-Central,SUSPICIOUS_BURST
C01912,9094777520,Manoj Gowda,9679160110,Unknown,2026-08-04 08:57,14,Coimbatore-North,SUSPICIOUS_BURST
C01913,9094777520,Manoj Gowda,9679160110,Unknown,2026-08-04 11:48,44,Chennai-Central,SUSPICIOUS_BURST
C01914,9094777520,Manoj Gowda,9679160110,Unknown,2026-08-04 21:20,22,Chennai-Central,SUSPICIOUS_BURST
C01915,9094777520,Manoj Gowda,9679160110,Unknown,2026-08-04 19:37,58,Coimbatore-North,SUSPICIOUS_BURST
C01916,9094777520,Manoj Gowda,9679160110,Unknown,2026-08-04 11:55,14,Chennai-Central,SUSPICIOUS_BURST
C01917,9094777520,Manoj Gowda,9679160110,Unknown,2026-08-04 17:01,37,Coimbatore-North,SUSPICIOUS_BURST
C01918,9094777520,Manoj Gowda,9679160110,Unknown,2026-08-04 14:34,27,Coimbatore-North,SUSPICIOUS_BURST
C01919,9094777520,Manoj Gowda,9679160110,Unknown,2026-08-04 09:18,27,Coimbatore-North,SUSPICIOUS_BURST
C01920,9094777520,Manoj Gowda,9679160110,Unknown,2026-08-04 05:22,25,Chennai-Central,SUSPICIOUS_BURST
C01921,9094777520,Manoj Gowda,9679160110,Unknown,2026-08-04 09:44,45,Chennai-Central,SUSPICIOUS_BURST
C01922,9094777520,Manoj Gowda,9679160110,Unknown,2026-08-04 12:12,43,Chennai-Central,SUSPICIOUS_BURST
C01923,9094777520,Manoj Gowda,9679160110,Unknown,2026-08-04 03:11,31,Chennai-Central,SUSPICIOUS_BURST
C01924,9094777520,Manoj Gowda,9679160110,Unknown,2026-08-04 07:40,12,Coimbatore-North,SUSPICIOUS_BURST
C01925,9719022941,Karthik Mohan,9571208267,Manoj Krishnan,2026-08-01 20:39,428,Erode-Hub,
C01926,9719022941,Karthik Mohan,9782639821,Arjun Menon,2026-08-02 07:47,450,Madurai-East,
C01927,9719022941,Karthik Mohan,9856543102,Farook Patel,2026-08-02 12:32,382,Erode-Hub,
C01928,9719022941,Karthik Mohan,9801006231,Kishore Sharma,2026-08-02 19:18,96,Coimbatore-North,
C01929,9719022941,Karthik Mohan,9801006231,Kishore Sharma,2026-08-03 11:11,362,Trichy-West,
C01930,9719022941,Karthik Mohan,9782639821,Arjun Menon,2026-08-03 21:31,374,Madurai-East,
C01931,9719022941,Karthik Mohan,9571208267,Manoj Krishnan,2026-08-04 10:58,22,Salem-South,
C01932,9719022941,Karthik Mohan,9782639821,Arjun Menon,2026-08-04 13:15,26,Coimbatore-North,
C01933,9719022941,Karthik Mohan,9801006231,Kishore Sharma,2026-08-05 22:06,307,Chennai-Central,
C01934,9719022941,Karthik Mohan,9801006231,Kishore Sharma,2026-08-05 13:32,125,Erode-Hub,
C01935,9719022941,Karthik Mohan,9801006231,Kishore Sharma,2026-08-05 11:23,279,Chennai-Central,
C01936,9719022941,Karthik Mohan,9782639821,Arjun Menon,2026-08-06 13:45,510,Madurai-East,
C01937,9719022941,Karthik Mohan,9856543102,Farook Patel,2026-08-07 14:24,383,Trichy-West,
C01938,9719022941,Karthik Mohan,9801006231,Kishore Sharma,2026-08-07 20:14,538,Erode-Hub,
C01939,9719022941,Karthik Mohan,9801006231,Kishore Sharma,2026-08-08 20:21,596,Madurai-East,
C01940,9719022941,Karthik Mohan,9856543102,Farook Patel,2026-08-08 17:23,88,Chennai-Central,
C01941,9719022941,Karthik Mohan,9571208267,Manoj Krishnan,2026-08-08 12:20,310,Madurai-East,
C01942,9719022941,Karthik Mohan,9856543102,Farook Patel,2026-08-09 14:59,69,Erode-Hub,
C01943,9719022941,Karthik Mohan,9856543102,Farook Patel,2026-08-10 19:09,126,Chennai-Central,
C01944,9719022941,Karthik Mohan,9571208267,Manoj Krishnan,2026-08-10 21:36,164,Chennai-Central,
C01945,9719022941,Karthik Mohan,9856543102,Farook Patel,2026-08-10 07:54,78,Trichy-West,
C01946,9719022941,Karthik Mohan,9801006231,Kishore Sharma,2026-08-11 12:52,472,Trichy-West,
C01947,9719022941,Karthik Mohan,9571208267,Manoj Krishnan,2026-08-11 13:17,318,Trichy-West,
C01948,9719022941,Karthik Mohan,9782639821,Arjun Menon,2026-08-11 12:13,587,Coimbatore-North,
C01949,9719022941,Karthik Mohan,9782639821,Arjun Menon,2026-08-12 13:00,267,Chennai-Central,
C01950,9719022941,Karthik Mohan,9856543102,Farook Patel,2026-08-13 14:59,181,Salem-South,
C01951,9719022941,Karthik Mohan,9571208267,Manoj Krishnan,2026-08-13 11:12,448,Trichy-West,
C01952,9719022941,Karthik Mohan,9801006231,Kishore Sharma,2026-08-14 17:32,214,Salem-South,
C01953,9719022941,Karthik Mohan,9571208267,Manoj Krishnan,2026-08-14 22:22,281,Erode-Hub,
C01954,9719022941,Karthik Mohan,9243933283,Unknown,2026-08-08 02:52,13,Chennai-Central,SUSPICIOUS_BURST
C01955,9719022941,Karthik Mohan,9243933283,Unknown,2026-08-08 07:10,40,Chennai-Central,SUSPICIOUS_BURST
C01956,9719022941,Karthik Mohan,9243933283,Unknown,2026-08-08 20:47,29,Chennai-Central,SUSPICIOUS_BURST
C01957,9719022941,Karthik Mohan,9243933283,Unknown,2026-08-08 01:22,38,Coimbatore-North,SUSPICIOUS_BURST
C01958,9719022941,Karthik Mohan,9243933283,Unknown,2026-08-08 16:14,47,Chennai-Central,SUSPICIOUS_BURST
C01959,9719022941,Karthik Mohan,9243933283,Unknown,2026-08-08 18:31,36,Coimbatore-North,SUSPICIOUS_BURST
C01960,9719022941,Karthik Mohan,9243933283,Unknown,2026-08-08 14:42,22,Chennai-Central,SUSPICIOUS_BURST
C01961,9719022941,Karthik Mohan,9243933283,Unknown,2026-08-08 20:23,20,Chennai-Central,SUSPICIOUS_BURST
C01962,9719022941,Karthik Mohan,9243933283,Unknown,2026-08-08 04:05,46,Coimbatore-North,SUSPICIOUS_BURST
C01963,9719022941,Karthik Mohan,9243933283,Unknown,2026-08-08 05:51,39,Coimbatore-North,SUSPICIOUS_BURST
C01964,9719022941,Karthik Mohan,9243933283,Unknown,2026-08-08 19:51,19,Coimbatore-North,SUSPICIOUS_BURST
C01965,9719022941,Karthik Mohan,9243933283,Unknown,2026-08-08 10:47,22,Coimbatore-North,SUSPICIOUS_BURST
C01966,9719022941,Karthik Mohan,9243933283,Unknown,2026-08-08 08:04,11,Coimbatore-North,SUSPICIOUS_BURST
C01967,9719022941,Karthik Mohan,9243933283,Unknown,2026-08-08 21:21,13,Chennai-Central,SUSPICIOUS_BURST
C01968,9719022941,Karthik Mohan,9243933283,Unknown,2026-08-08 00:58,28,Chennai-Central,SUSPICIOUS_BURST
C01969,9719022941,Karthik Mohan,9243933283,Unknown,2026-08-08 13:48,32,Coimbatore-North,SUSPICIOUS_BURST
C01970,9719022941,Karthik Mohan,9243933283,Unknown,2026-08-08 20:36,39,Chennai-Central,SUSPICIOUS_BURST
C01971,9719022941,Karthik Mohan,9243933283,Unknown,2026-08-08 13:01,47,Chennai-Central,SUSPICIOUS_BURST
C01972,9719022941,Karthik Mohan,9243933283,Unknown,2026-08-08 11:55,17,Coimbatore-North,SUSPICIOUS_BURST
C01973,9719022941,Karthik Mohan,9243933283,Unknown,2026-08-08 04:28,41,Chennai-Central,SUSPICIOUS_BURST
C01974,9719022941,Karthik Mohan,9243933283,Unknown,2026-08-08 18:18,56,Coimbatore-North,SUSPICIOUS_BURST
C01975,9719022941,Karthik Mohan,9243933283,Unknown,2026-08-08 11:38,18,Coimbatore-North,SUSPICIOUS_BURST
C01976,9719022941,Karthik Mohan,9243933283,Unknown,2026-08-08 05:07,53,Coimbatore-North,SUSPICIOUS_BURST
C01977,9719022941,Karthik Mohan,9243933283,Unknown,2026-08-08 18:15,37,Chennai-Central,SUSPICIOUS_BURST
C01978,9719022941,Karthik Mohan,9243933283,Unknown,2026-08-08 01:37,39,Chennai-Central,SUSPICIOUS_BURST
C01979,9719022941,Karthik Mohan,9243933283,Unknown,2026-08-08 17:38,12,Coimbatore-North,SUSPICIOUS_BURST
C01980,9719022941,Karthik Mohan,9243933283,Unknown,2026-08-08 02:54,5,Chennai-Central,SUSPICIOUS_BURST
C01981,9719022941,Karthik Mohan,9243933283,Unknown,2026-08-08 05:41,15,Coimbatore-North,SUSPICIOUS_BURST
C01982,9719022941,Karthik Mohan,9243933283,Unknown,2026-08-08 05:08,8,Coimbatore-North,SUSPICIOUS_BURST
C01983,9938677496,Harish Bose,9917693676,Anand Raj,2026-08-01 19:08,74,Salem-South,
C01984,9938677496,Harish Bose,9324210249,Sanjay Chandran,2026-08-01 14:37,401,Salem-South,
C01985,9938677496,Harish Bose,9324210249,Sanjay Chandran,2026-08-01 14:06,509,Chennai-Central,
C01986,9938677496,Harish Bose,9056856624,Eswar Raj,2026-08-02 07:27,31,Madurai-East,
C01987,9938677496,Harish Bose,9056856624,Eswar Raj,2026-08-02 16:55,446,Coimbatore-North,
C01988,9938677496,Harish Bose,9466183982,Elango Kumar,2026-08-02 19:01,380,Madurai-East,
C01989,9938677496,Harish Bose,9324210249,Sanjay Chandran,2026-08-03 17:44,591,Trichy-West,
C01990,9938677496,Harish Bose,9056856624,Eswar Raj,2026-08-03 18:42,183,Erode-Hub,
C01991,9938677496,Harish Bose,9466183982,Elango Kumar,2026-08-04 07:19,460,Madurai-East,
C01992,9938677496,Harish Bose,9324210249,Sanjay Chandran,2026-08-04 22:00,252,Salem-South,
C01993,9938677496,Harish Bose,9917693676,Anand Raj,2026-08-05 16:02,441,Madurai-East,
C01994,9938677496,Harish Bose,9056856624,Eswar Raj,2026-08-05 17:57,300,Coimbatore-North,
C01995,9938677496,Harish Bose,9056856624,Eswar Raj,2026-08-06 13:18,413,Trichy-West,
C01996,9938677496,Harish Bose,9466183982,Elango Kumar,2026-08-07 19:10,554,Erode-Hub,
C01997,9938677496,Harish Bose,9466183982,Elango Kumar,2026-08-08 16:35,339,Coimbatore-North,
C01998,9938677496,Harish Bose,9466183982,Elango Kumar,2026-08-08 19:18,428,Madurai-East,
C01999,9938677496,Harish Bose,9466183982,Elango Kumar,2026-08-08 19:01,237,Erode-Hub,
C02000,9938677496,Harish Bose,9917693676,Anand Raj,2026-08-09 08:08,315,Trichy-West,
C02001,9938677496,Harish Bose,9056856624,Eswar Raj,2026-08-09 18:42,255,Salem-South,
C02002,9938677496,Harish Bose,9466183982,Elango Kumar,2026-08-09 22:25,546,Coimbatore-North,
C02003,9938677496,Harish Bose,9324210249,Sanjay Chandran,2026-08-10 13:00,492,Salem-South,
C02004,9938677496,Harish Bose,9917693676,Anand Raj,2026-08-10 16:25,426,Chennai-Central,
C02005,9938677496,Harish Bose,9324210249,Sanjay Chandran,2026-08-10 16:01,363,Trichy-West,
C02006,9938677496,Harish Bose,9466183982,Elango Kumar,2026-08-11 16:35,399,Salem-South,
C02007,9938677496,Harish Bose,9324210249,Sanjay Chandran,2026-08-11 19:12,125,Madurai-East,
C02008,9938677496,Harish Bose,9466183982,Elango Kumar,2026-08-12 07:43,21,Trichy-West,
C02009,9938677496,Harish Bose,9056856624,Eswar Raj,2026-08-12 20:16,417,Chennai-Central,
C02010,9938677496,Harish Bose,9056856624,Eswar Raj,2026-08-12 09:40,106,Chennai-Central,
C02011,9938677496,Harish Bose,9324210249,Sanjay Chandran,2026-08-13 20:54,262,Coimbatore-North,
C02012,9938677496,Harish Bose,9466183982,Elango Kumar,2026-08-14 12:41,545,Trichy-West,
C02013,9341232812,Sabari Rao,9267888610,Ravi Iyer,2026-08-01 16:53,143,Chennai-Central,
C02014,9341232812,Sabari Rao,9808760385,Thiru Mohan,2026-08-01 19:50,289,Erode-Hub,
C02015,9341232812,Sabari Rao,9839335290,Karthik Venkatesh,2026-08-02 20:03,464,Coimbatore-North,
C02016,9341232812,Sabari Rao,9149368998,Eswar Singh,2026-08-02 09:53,284,Salem-South,
C02017,9341232812,Sabari Rao,9149368998,Eswar Singh,2026-08-02 07:29,274,Madurai-East,
C02018,9341232812,Sabari Rao,9149368998,Eswar Singh,2026-08-03 21:59,486,Madurai-East,
C02019,9341232812,Sabari Rao,9839335290,Karthik Venkatesh,2026-08-04 21:47,21,Madurai-East,
C02020,9341232812,Sabari Rao,9149368998,Eswar Singh,2026-08-05 08:23,149,Erode-Hub,
C02021,9341232812,Sabari Rao,9839335290,Karthik Venkatesh,2026-08-05 15:49,388,Salem-South,
C02022,9341232812,Sabari Rao,9516940974,Rahul Singh,2026-08-05 20:54,141,Madurai-East,
C02023,9341232812,Sabari Rao,9516940974,Rahul Singh,2026-08-06 20:42,225,Chennai-Central,
C02024,9341232812,Sabari Rao,9808760385,Thiru Mohan,2026-08-06 20:11,72,Chennai-Central,
C02025,9341232812,Sabari Rao,9267888610,Ravi Iyer,2026-08-07 15:20,269,Trichy-West,
C02026,9341232812,Sabari Rao,9149368998,Eswar Singh,2026-08-07 09:34,249,Erode-Hub,
C02027,9341232812,Sabari Rao,9516940974,Rahul Singh,2026-08-08 21:22,565,Coimbatore-North,
C02028,9341232812,Sabari Rao,9149368998,Eswar Singh,2026-08-08 13:05,580,Trichy-West,
C02029,9341232812,Sabari Rao,9149368998,Eswar Singh,2026-08-08 21:28,533,Salem-South,
C02030,9341232812,Sabari Rao,9839335290,Karthik Venkatesh,2026-08-09 14:01,223,Erode-Hub,
C02031,9341232812,Sabari Rao,9516940974,Rahul Singh,2026-08-09 14:48,263,Salem-South,
C02032,9341232812,Sabari Rao,9534283644,Farook Bose,2026-08-09 16:29,153,Salem-South,
C02033,9341232812,Sabari Rao,9534283644,Farook Bose,2026-08-10 21:19,318,Chennai-Central,
C02034,9341232812,Sabari Rao,9808760385,Thiru Mohan,2026-08-11 11:09,218,Coimbatore-North,
C02035,9341232812,Sabari Rao,9516940974,Rahul Singh,2026-08-11 08:55,209,Coimbatore-North,
C02036,9341232812,Sabari Rao,9839335290,Karthik Venkatesh,2026-08-12 14:09,436,Trichy-West,
C02037,9341232812,Sabari Rao,9839335290,Karthik Venkatesh,2026-08-12 08:41,303,Salem-South,
C02038,9341232812,Sabari Rao,9839335290,Karthik Venkatesh,2026-08-12 10:11,471,Madurai-East,
C02039,9341232812,Sabari Rao,9516940974,Rahul Singh,2026-08-13 13:42,274,Coimbatore-North,
C02040,9341232812,Sabari Rao,9534283644,Farook Bose,2026-08-13 19:15,420,Erode-Hub,
C02041,9341232812,Sabari Rao,9808760385,Thiru Mohan,2026-08-13 18:17,454,Coimbatore-North,
C02042,9341232812,Sabari Rao,9267888610,Ravi Iyer,2026-08-14 16:14,534,Erode-Hub,
C02043,9341232812,Sabari Rao,9149368998,Eswar Singh,2026-08-14 08:23,87,Chennai-Central,
C02044,9341232812,Sabari Rao,9534283644,Farook Bose,2026-08-14 08:57,575,Coimbatore-North,
C02045,9341232812,Sabari Rao,9023458889,Unknown,2026-08-08 06:51,26,Chennai-Central,SUSPICIOUS_BURST
C02046,9341232812,Sabari Rao,9023458889,Unknown,2026-08-08 11:55,55,Chennai-Central,SUSPICIOUS_BURST
C02047,9341232812,Sabari Rao,9023458889,Unknown,2026-08-08 19:55,16,Chennai-Central,SUSPICIOUS_BURST
C02048,9341232812,Sabari Rao,9023458889,Unknown,2026-08-08 15:01,49,Coimbatore-North,SUSPICIOUS_BURST
C02049,9341232812,Sabari Rao,9023458889,Unknown,2026-08-08 17:08,53,Chennai-Central,SUSPICIOUS_BURST
C02050,9341232812,Sabari Rao,9023458889,Unknown,2026-08-08 16:30,9,Chennai-Central,SUSPICIOUS_BURST
C02051,9341232812,Sabari Rao,9023458889,Unknown,2026-08-08 18:44,7,Coimbatore-North,SUSPICIOUS_BURST
C02052,9341232812,Sabari Rao,9023458889,Unknown,2026-08-08 03:01,11,Coimbatore-North,SUSPICIOUS_BURST
C02053,9341232812,Sabari Rao,9023458889,Unknown,2026-08-08 07:42,9,Chennai-Central,SUSPICIOUS_BURST
C02054,9341232812,Sabari Rao,9023458889,Unknown,2026-08-08 09:23,30,Coimbatore-North,SUSPICIOUS_BURST
C02055,9341232812,Sabari Rao,9023458889,Unknown,2026-08-08 16:42,39,Chennai-Central,SUSPICIOUS_BURST
C02056,9341232812,Sabari Rao,9023458889,Unknown,2026-08-08 02:53,34,Chennai-Central,SUSPICIOUS_BURST
C02057,9341232812,Sabari Rao,9023458889,Unknown,2026-08-08 08:10,10,Coimbatore-North,SUSPICIOUS_BURST
C02058,9341232812,Sabari Rao,9023458889,Unknown,2026-08-08 16:50,42,Chennai-Central,SUSPICIOUS_BURST
C02059,9341232812,Sabari Rao,9023458889,Unknown,2026-08-08 16:20,17,Chennai-Central,SUSPICIOUS_BURST
C02060,9341232812,Sabari Rao,9023458889,Unknown,2026-08-08 20:21,44,Chennai-Central,SUSPICIOUS_BURST
C02061,9341232812,Sabari Rao,9023458889,Unknown,2026-08-08 17:50,19,Coimbatore-North,SUSPICIOUS_BURST
C02062,9341232812,Sabari Rao,9023458889,Unknown,2026-08-08 10:57,12,Chennai-Central,SUSPICIOUS_BURST
C02063,9341232812,Sabari Rao,9023458889,Unknown,2026-08-08 21:25,19,Coimbatore-North,SUSPICIOUS_BURST
C02064,9341232812,Sabari Rao,9023458889,Unknown,2026-08-08 09:11,36,Chennai-Central,SUSPICIOUS_BURST
C02065,9341232812,Sabari Rao,9023458889,Unknown,2026-08-08 23:01,54,Coimbatore-North,SUSPICIOUS_BURST
C02066,9341232812,Sabari Rao,9023458889,Unknown,2026-08-08 19:19,52,Coimbatore-North,SUSPICIOUS_BURST
C02067,9341232812,Sabari Rao,9023458889,Unknown,2026-08-08 05:49,31,Chennai-Central,SUSPICIOUS_BURST
C02068,9740344713,Nithin Bose,9405377351,Ilango Krishnan,2026-08-01 09:38,552,Madurai-East,
C02069,9740344713,Nithin Bose,9482814893,Kannan Kumar,2026-08-01 12:07,220,Chennai-Central,
C02070,9740344713,Nithin Bose,9627298069,Elango Gupta,2026-08-02 10:52,177,Erode-Hub,
C02071,9740344713,Nithin Bose,9405377351,Ilango Krishnan,2026-08-03 19:39,408,Madurai-East,
C02072,9740344713,Nithin Bose,9627298069,Elango Gupta,2026-08-03 21:13,589,Trichy-West,
C02073,9740344713,Nithin Bose,9627298069,Elango Gupta,2026-08-03 16:37,406,Chennai-Central,
C02074,9740344713,Nithin Bose,9627298069,Elango Gupta,2026-08-04 22:02,210,Erode-Hub,
C02075,9740344713,Nithin Bose,9405377351,Ilango Krishnan,2026-08-04 09:45,70,Coimbatore-North,
C02076,9740344713,Nithin Bose,9240824008,Vijay Singh,2026-08-04 19:52,377,Salem-South,
C02077,9740344713,Nithin Bose,9240824008,Vijay Singh,2026-08-05 18:59,394,Madurai-East,
C02078,9740344713,Nithin Bose,9627298069,Elango Gupta,2026-08-05 21:49,77,Salem-South,
C02079,9740344713,Nithin Bose,9240824008,Vijay Singh,2026-08-06 09:52,140,Coimbatore-North,
C02080,9740344713,Nithin Bose,9240824008,Vijay Singh,2026-08-07 14:20,294,Madurai-East,
C02081,9740344713,Nithin Bose,9627298069,Elango Gupta,2026-08-07 08:47,366,Madurai-East,
C02082,9740344713,Nithin Bose,9482814893,Kannan Kumar,2026-08-07 19:38,135,Trichy-West,
C02083,9740344713,Nithin Bose,9627298069,Elango Gupta,2026-08-08 07:09,65,Chennai-Central,
C02084,9740344713,Nithin Bose,9405377351,Ilango Krishnan,2026-08-08 20:28,340,Erode-Hub,
C02085,9740344713,Nithin Bose,9482814893,Kannan Kumar,2026-08-09 14:30,171,Coimbatore-North,
C02086,9740344713,Nithin Bose,9240824008,Vijay Singh,2026-08-09 20:52,476,Madurai-East,
C02087,9740344713,Nithin Bose,9240824008,Vijay Singh,2026-08-10 16:59,244,Erode-Hub,
C02088,9740344713,Nithin Bose,9482814893,Kannan Kumar,2026-08-10 20:57,160,Erode-Hub,
C02089,9740344713,Nithin Bose,9482814893,Kannan Kumar,2026-08-10 13:11,564,Erode-Hub,
C02090,9740344713,Nithin Bose,9482814893,Kannan Kumar,2026-08-11 14:09,335,Coimbatore-North,
C02091,9740344713,Nithin Bose,9405377351,Ilango Krishnan,2026-08-11 22:22,362,Trichy-West,
C02092,9740344713,Nithin Bose,9482814893,Kannan Kumar,2026-08-12 21:31,37,Trichy-West,
C02093,9740344713,Nithin Bose,9240824008,Vijay Singh,2026-08-12 16:06,579,Madurai-East,
C02094,9740344713,Nithin Bose,9627298069,Elango Gupta,2026-08-12 19:21,428,Trichy-West,
C02095,9740344713,Nithin Bose,9482814893,Kannan Kumar,2026-08-13 07:14,485,Madurai-East,
C02096,9740344713,Nithin Bose,9627298069,Elango Gupta,2026-08-14 17:47,234,Erode-Hub,
C02097,9740344713,Nithin Bose,9405377351,Ilango Krishnan,2026-08-14 13:49,355,Trichy-West,
C02098,9740344713,Nithin Bose,9405377351,Ilango Krishnan,2026-08-14 18:41,69,Madurai-East,
C02099,9324210249,Sanjay Chandran,9962309130,Naveen Murthy,2026-08-01 09:13,322,Chennai-Central,
C02100,9324210249,Sanjay Chandran,9366752545,Rajesh Murthy,2026-08-01 11:03,521,Erode-Hub,
C02101,9324210249,Sanjay Chandran,9962309130,Naveen Murthy,2026-08-01 13:14,258,Coimbatore-North,
C02102,9324210249,Sanjay Chandran,9366752545,Rajesh Murthy,2026-08-02 18:14,502,Madurai-East,
C02103,9324210249,Sanjay Chandran,9466183982,Elango Kumar,2026-08-02 08:43,152,Salem-South,
C02104,9324210249,Sanjay Chandran,9556909275,Karthik Menon,2026-08-02 13:44,478,Madurai-East,
C02105,9324210249,Sanjay Chandran,9466183982,Elango Kumar,2026-08-03 09:51,270,Madurai-East,
C02106,9324210249,Sanjay Chandran,9466183982,Elango Kumar,2026-08-03 13:17,129,Salem-South,
C02107,9324210249,Sanjay Chandran,9180170462,Gopal Natarajan,2026-08-04 12:56,363,Salem-South,
C02108,9324210249,Sanjay Chandran,9366752545,Rajesh Murthy,2026-08-04 16:38,65,Erode-Hub,
C02109,9324210249,Sanjay Chandran,9366752545,Rajesh Murthy,2026-08-05 20:38,539,Madurai-East,
C02110,9324210249,Sanjay Chandran,9180170462,Gopal Natarajan,2026-08-05 20:33,146,Madurai-East,
C02111,9324210249,Sanjay Chandran,9180170462,Gopal Natarajan,2026-08-05 10:47,490,Trichy-West,
C02112,9324210249,Sanjay Chandran,9366752545,Rajesh Murthy,2026-08-06 22:49,182,Trichy-West,
C02113,9324210249,Sanjay Chandran,9962309130,Naveen Murthy,2026-08-06 08:04,296,Erode-Hub,
C02114,9324210249,Sanjay Chandran,9556909275,Karthik Menon,2026-08-06 19:42,589,Erode-Hub,
C02115,9324210249,Sanjay Chandran,9962309130,Naveen Murthy,2026-08-07 10:23,177,Erode-Hub,
C02116,9324210249,Sanjay Chandran,9556909275,Karthik Menon,2026-08-07 20:31,405,Salem-South,
C02117,9324210249,Sanjay Chandran,9962309130,Naveen Murthy,2026-08-07 09:22,442,Trichy-West,
C02118,9324210249,Sanjay Chandran,9366752545,Rajesh Murthy,2026-08-08 09:44,122,Madurai-East,
C02119,9324210249,Sanjay Chandran,9180170462,Gopal Natarajan,2026-08-08 15:14,562,Erode-Hub,
C02120,9324210249,Sanjay Chandran,9466183982,Elango Kumar,2026-08-08 09:38,143,Madurai-East,
C02121,9324210249,Sanjay Chandran,9962309130,Naveen Murthy,2026-08-09 11:39,368,Coimbatore-North,
C02122,9324210249,Sanjay Chandran,9366752545,Rajesh Murthy,2026-08-09 07:22,353,Trichy-West,
C02123,9324210249,Sanjay Chandran,9034131647,Omkar Iyer,2026-08-10 08:54,512,Trichy-West,
C02124,9324210249,Sanjay Chandran,9556909275,Karthik Menon,2026-08-10 18:18,399,Coimbatore-North,
C02125,9324210249,Sanjay Chandran,9180170462,Gopal Natarajan,2026-08-10 14:07,132,Chennai-Central,
C02126,9324210249,Sanjay Chandran,9366752545,Rajesh Murthy,2026-08-11 11:53,119,Coimbatore-North,
C02127,9324210249,Sanjay Chandran,9962309130,Naveen Murthy,2026-08-11 14:57,107,Salem-South,
C02128,9324210249,Sanjay Chandran,9366752545,Rajesh Murthy,2026-08-12 14:32,600,Salem-South,
C02129,9324210249,Sanjay Chandran,9556909275,Karthik Menon,2026-08-12 12:21,422,Erode-Hub,
C02130,9324210249,Sanjay Chandran,9962309130,Naveen Murthy,2026-08-12 18:29,435,Madurai-East,
C02131,9324210249,Sanjay Chandran,9556909275,Karthik Menon,2026-08-13 12:38,427,Trichy-West,
C02132,9324210249,Sanjay Chandran,9034131647,Omkar Iyer,2026-08-13 15:00,366,Salem-South,
C02133,9324210249,Sanjay Chandran,9466183982,Elango Kumar,2026-08-14 15:57,559,Coimbatore-North,
C02134,9464887719,Kannan Natarajan,9719022941,Karthik Mohan,2026-08-01 09:52,236,Chennai-Central,
C02135,9464887719,Kannan Natarajan,9547772522,Eswar Pandian,2026-08-02 21:31,500,Trichy-West,
C02136,9464887719,Kannan Natarajan,9641708053,Sabari Venkatesh,2026-08-02 11:52,156,Madurai-East,
C02137,9464887719,Kannan Natarajan,9366752545,Rajesh Murthy,2026-08-02 11:45,264,Salem-South,
C02138,9464887719,Kannan Natarajan,9719022941,Karthik Mohan,2026-08-03 08:59,280,Salem-South,
C02139,9464887719,Kannan Natarajan,9243292127,Anand Reddy,2026-08-03 11:06,364,Erode-Hub,
C02140,9464887719,Kannan Natarajan,9156149784,Sabari Murthy,2026-08-04 17:12,116,Coimbatore-North,
C02141,9464887719,Kannan Natarajan,9547772522,Eswar Pandian,2026-08-04 16:42,381,Coimbatore-North,
C02142,9464887719,Kannan Natarajan,9454615679,Ilango Murthy,2026-08-04 14:07,342,Madurai-East,
C02143,9464887719,Kannan Natarajan,9366752545,Rajesh Murthy,2026-08-05 22:45,78,Salem-South,
C02144,9464887719,Kannan Natarajan,9641708053,Sabari Venkatesh,2026-08-05 15:29,346,Erode-Hub,
C02145,9464887719,Kannan Natarajan,9366752545,Rajesh Murthy,2026-08-05 20:39,196,Coimbatore-North,
C02146,9464887719,Kannan Natarajan,9719022941,Karthik Mohan,2026-08-06 20:47,50,Madurai-East,
C02147,9464887719,Kannan Natarajan,9243292127,Anand Reddy,2026-08-07 19:33,27,Chennai-Central,
C02148,9464887719,Kannan Natarajan,9454615679,Ilango Murthy,2026-08-08 12:58,447,Chennai-Central,
C02149,9464887719,Kannan Natarajan,9067383028,Anand Balakrishnan,2026-08-08 09:48,372,Coimbatore-North,
C02150,9464887719,Kannan Natarajan,9454615679,Ilango Murthy,2026-08-09 14:22,309,Erode-Hub,
C02151,9464887719,Kannan Natarajan,9067383028,Anand Balakrishnan,2026-08-10 16:25,429,Trichy-West,
C02152,9464887719,Kannan Natarajan,9719022941,Karthik Mohan,2026-08-10 21:29,450,Chennai-Central,
C02153,9464887719,Kannan Natarajan,9641708053,Sabari Venkatesh,2026-08-10 21:57,321,Trichy-West,
C02154,9464887719,Kannan Natarajan,9366752545,Rajesh Murthy,2026-08-11 11:15,596,Coimbatore-North,
C02155,9464887719,Kannan Natarajan,9366752545,Rajesh Murthy,2026-08-11 10:45,471,Salem-South,
C02156,9464887719,Kannan Natarajan,9547772522,Eswar Pandian,2026-08-11 20:48,598,Salem-South,
C02157,9464887719,Kannan Natarajan,9641708053,Sabari Venkatesh,2026-08-12 19:19,138,Chennai-Central,
C02158,9464887719,Kannan Natarajan,9719022941,Karthik Mohan,2026-08-12 14:09,391,Trichy-West,
C02159,9464887719,Kannan Natarajan,9067383028,Anand Balakrishnan,2026-08-12 15:48,353,Coimbatore-North,
C02160,9464887719,Kannan Natarajan,9719022941,Karthik Mohan,2026-08-13 10:16,429,Salem-South,
C02161,9464887719,Kannan Natarajan,9067383028,Anand Balakrishnan,2026-08-14 18:05,321,Madurai-East,
C02162,9464887719,Kannan Natarajan,9547772522,Eswar Pandian,2026-08-14 19:56,107,Salem-South,
C02163,9464887719,Kannan Natarajan,9641708053,Sabari Venkatesh,2026-08-14 07:02,229,Coimbatore-North,
C02164,9464887719,Kannan Natarajan,9096792908,Unknown,2026-08-11 05:20,29,Coimbatore-North,SUSPICIOUS_BURST
C02165,9464887719,Kannan Natarajan,9096792908,Unknown,2026-08-11 12:32,44,Chennai-Central,SUSPICIOUS_BURST
C02166,9464887719,Kannan Natarajan,9096792908,Unknown,2026-08-11 00:32,8,Chennai-Central,SUSPICIOUS_BURST
C02167,9464887719,Kannan Natarajan,9096792908,Unknown,2026-08-11 14:03,17,Chennai-Central,SUSPICIOUS_BURST
C02168,9464887719,Kannan Natarajan,9096792908,Unknown,2026-08-11 17:05,25,Coimbatore-North,SUSPICIOUS_BURST
C02169,9464887719,Kannan Natarajan,9096792908,Unknown,2026-08-11 03:20,52,Coimbatore-North,SUSPICIOUS_BURST
C02170,9464887719,Kannan Natarajan,9096792908,Unknown,2026-08-11 01:05,7,Coimbatore-North,SUSPICIOUS_BURST
C02171,9464887719,Kannan Natarajan,9096792908,Unknown,2026-08-11 03:19,7,Coimbatore-North,SUSPICIOUS_BURST
C02172,9464887719,Kannan Natarajan,9096792908,Unknown,2026-08-11 20:49,15,Chennai-Central,SUSPICIOUS_BURST
C02173,9464887719,Kannan Natarajan,9096792908,Unknown,2026-08-11 09:31,22,Chennai-Central,SUSPICIOUS_BURST
C02174,9464887719,Kannan Natarajan,9096792908,Unknown,2026-08-11 17:20,47,Coimbatore-North,SUSPICIOUS_BURST
C02175,9464887719,Kannan Natarajan,9096792908,Unknown,2026-08-11 01:55,12,Chennai-Central,SUSPICIOUS_BURST
C02176,9464887719,Kannan Natarajan,9096792908,Unknown,2026-08-11 13:21,28,Chennai-Central,SUSPICIOUS_BURST
C02177,9464887719,Kannan Natarajan,9096792908,Unknown,2026-08-11 03:16,49,Chennai-Central,SUSPICIOUS_BURST
C02178,9464887719,Kannan Natarajan,9096792908,Unknown,2026-08-11 23:23,18,Chennai-Central,SUSPICIOUS_BURST
C02179,9464887719,Kannan Natarajan,9096792908,Unknown,2026-08-11 11:58,30,Coimbatore-North,SUSPICIOUS_BURST
C02180,9464887719,Kannan Natarajan,9096792908,Unknown,2026-08-11 22:57,8,Chennai-Central,SUSPICIOUS_BURST
C02181,9464887719,Kannan Natarajan,9096792908,Unknown,2026-08-11 05:22,51,Chennai-Central,SUSPICIOUS_BURST
C02182,9464887719,Kannan Natarajan,9096792908,Unknown,2026-08-11 07:57,60,Coimbatore-North,SUSPICIOUS_BURST
C02183,9464887719,Kannan Natarajan,9096792908,Unknown,2026-08-11 21:42,46,Coimbatore-North,SUSPICIOUS_BURST
C02184,9464887719,Kannan Natarajan,9096792908,Unknown,2026-08-11 07:56,41,Chennai-Central,SUSPICIOUS_BURST
C02185,9464887719,Kannan Natarajan,9096792908,Unknown,2026-08-11 05:56,32,Chennai-Central,SUSPICIOUS_BURST
C02186,9464887719,Kannan Natarajan,9096792908,Unknown,2026-08-11 23:23,8,Coimbatore-North,SUSPICIOUS_BURST
C02187,9464887719,Kannan Natarajan,9096792908,Unknown,2026-08-11 16:05,34,Chennai-Central,SUSPICIOUS_BURST
C02188,9464887719,Kannan Natarajan,9096792908,Unknown,2026-08-11 06:57,13,Coimbatore-North,SUSPICIOUS_BURST
C02189,9464887719,Kannan Natarajan,9096792908,Unknown,2026-08-11 14:08,31,Chennai-Central,SUSPICIOUS_BURST
C02190,9464887719,Kannan Natarajan,9096792908,Unknown,2026-08-11 07:08,58,Chennai-Central,SUSPICIOUS_BURST
C02191,9464887719,Kannan Natarajan,9096792908,Unknown,2026-08-11 02:49,14,Chennai-Central,SUSPICIOUS_BURST
C02192,9464887719,Kannan Natarajan,9096792908,Unknown,2026-08-11 13:34,48,Chennai-Central,SUSPICIOUS_BURST
C02193,9464887719,Kannan Natarajan,9096792908,Unknown,2026-08-11 21:33,34,Coimbatore-North,SUSPICIOUS_BURST
C02194,9464887719,Kannan Natarajan,9096792908,Unknown,2026-08-11 16:58,30,Coimbatore-North,SUSPICIOUS_BURST
C02195,9464887719,Kannan Natarajan,9096792908,Unknown,2026-08-11 01:05,45,Chennai-Central,SUSPICIOUS_BURST
C02196,9464887719,Kannan Natarajan,9096792908,Unknown,2026-08-11 00:53,34,Chennai-Central,SUSPICIOUS_BURST
C02197,9464887719,Kannan Natarajan,9096792908,Unknown,2026-08-11 13:20,23,Coimbatore-North,SUSPICIOUS_BURST
C02198,9013990490,Harish Pillai,9106903311,Pandi Ramaswamy,2026-08-01 20:27,304,Salem-South,
C02199,9013990490,Harish Pillai,9044997278,Bharath Pillai,2026-08-02 08:16,342,Salem-South,
C02200,9013990490,Harish Pillai,9912419049,Naveen Bose,2026-08-02 08:39,346,Madurai-East,
C02201,9013990490,Harish Pillai,9092327193,Anand Rao,2026-08-03 20:51,299,Trichy-West,
C02202,9013990490,Harish Pillai,9019380262,Kumar Verma,2026-08-03 10:40,275,Salem-South,
C02203,9013990490,Harish Pillai,9092327193,Anand Rao,2026-08-03 20:45,580,Salem-South,
C02204,9013990490,Harish Pillai,9106903311,Pandi Ramaswamy,2026-08-04 22:07,388,Madurai-East,
C02205,9013990490,Harish Pillai,9912419049,Naveen Bose,2026-08-04 17:56,111,Salem-South,
C02206,9013990490,Harish Pillai,9044997278,Bharath Pillai,2026-08-04 17:09,277,Chennai-Central,
C02207,9013990490,Harish Pillai,9106903311,Pandi Ramaswamy,2026-08-05 18:16,414,Chennai-Central,
C02208,9013990490,Harish Pillai,9621745961,Pandi Patel,2026-08-06 22:58,563,Madurai-East,
C02209,9013990490,Harish Pillai,9106903311,Pandi Ramaswamy,2026-08-06 10:13,192,Madurai-East,
C02210,9013990490,Harish Pillai,9621745961,Pandi Patel,2026-08-06 17:37,425,Erode-Hub,
C02211,9013990490,Harish Pillai,9621745961,Pandi Patel,2026-08-07 21:31,369,Chennai-Central,
C02212,9013990490,Harish Pillai,9106903311,Pandi Ramaswamy,2026-08-07 21:04,261,Salem-South,
C02213,9013990490,Harish Pillai,9092327193,Anand Rao,2026-08-08 08:44,302,Madurai-East,
C02214,9013990490,Harish Pillai,9044997278,Bharath Pillai,2026-08-09 10:45,573,Salem-South,
C02215,9013990490,Harish Pillai,9921249985,Deepak Gupta,2026-08-09 13:24,239,Coimbatore-North,
C02216,9013990490,Harish Pillai,9921249985,Deepak Gupta,2026-08-09 13:45,181,Chennai-Central,
C02217,9013990490,Harish Pillai,9092327193,Anand Rao,2026-08-10 11:54,496,Trichy-West,
C02218,9013990490,Harish Pillai,9106903311,Pandi Ramaswamy,2026-08-10 16:43,576,Salem-South,
C02219,9013990490,Harish Pillai,9921249985,Deepak Gupta,2026-08-10 13:17,201,Madurai-East,
C02220,9013990490,Harish Pillai,9044997278,Bharath Pillai,2026-08-11 18:43,96,Chennai-Central,
C02221,9013990490,Harish Pillai,9019380262,Kumar Verma,2026-08-12 21:41,31,Coimbatore-North,
C02222,9013990490,Harish Pillai,9621745961,Pandi Patel,2026-08-13 08:48,321,Coimbatore-North,
C02223,9013990490,Harish Pillai,9921249985,Deepak Gupta,2026-08-13 12:10,479,Erode-Hub,
C02224,9013990490,Harish Pillai,9044997278,Bharath Pillai,2026-08-13 18:53,501,Chennai-Central,
C02225,9013990490,Harish Pillai,9044997278,Bharath Pillai,2026-08-14 10:42,273,Coimbatore-North,
C02226,9013990490,Harish Pillai,9019380262,Kumar Verma,2026-08-14 14:05,405,Erode-Hub,
C02227,9013990490,Harish Pillai,9912419049,Naveen Bose,2026-08-14 18:16,168,Chennai-Central,
C02228,9429671756,Kishore Subramaniam,9366752545,Rajesh Murthy,2026-08-01 22:42,200,Erode-Hub,
C02229,9429671756,Kishore Subramaniam,9366752545,Rajesh Murthy,2026-08-01 21:36,173,Trichy-West,
C02230,9429671756,Kishore Subramaniam,9366752545,Rajesh Murthy,2026-08-02 21:22,60,Salem-South,
C02231,9429671756,Kishore Subramaniam,9962309130,Naveen Murthy,2026-08-02 13:10,367,Salem-South,
C02232,9429671756,Kishore Subramaniam,9265511047,Omkar Sundaram,2026-08-03 20:15,264,Madurai-East,
C02233,9429671756,Kishore Subramaniam,9962309130,Naveen Murthy,2026-08-03 17:19,257,Erode-Hub,
C02234,9429671756,Kishore Subramaniam,9640052427,Deepak Pandian,2026-08-04 13:15,591,Trichy-West,
C02235,9429671756,Kishore Subramaniam,9265511047,Omkar Sundaram,2026-08-05 08:59,465,Erode-Hub,
C02236,9429671756,Kishore Subramaniam,9656670106,Manoj Reddy,2026-08-05 15:05,57,Erode-Hub,
C02237,9429671756,Kishore Subramaniam,9681177589,Suresh Patel,2026-08-05 09:12,156,Chennai-Central,
C02238,9429671756,Kishore Subramaniam,9681177589,Suresh Patel,2026-08-06 17:11,235,Salem-South,
C02239,9429671756,Kishore Subramaniam,9366752545,Rajesh Murthy,2026-08-06 16:40,404,Madurai-East,
C02240,9429671756,Kishore Subramaniam,9366752545,Rajesh Murthy,2026-08-07 19:04,193,Madurai-East,
C02241,9429671756,Kishore Subramaniam,9026542351,Gowtham Pillai,2026-08-07 10:55,561,Madurai-East,
C02242,9429671756,Kishore Subramaniam,9265511047,Omkar Sundaram,2026-08-08 19:50,125,Chennai-Central,
C02243,9429671756,Kishore Subramaniam,9681177589,Suresh Patel,2026-08-08 13:33,337,Chennai-Central,
C02244,9429671756,Kishore Subramaniam,9921249985,Deepak Gupta,2026-08-09 12:57,487,Salem-South,
C02245,9429671756,Kishore Subramaniam,9265511047,Omkar Sundaram,2026-08-09 14:06,170,Erode-Hub,
C02246,9429671756,Kishore Subramaniam,9656670106,Manoj Reddy,2026-08-09 11:01,464,Erode-Hub,
C02247,9429671756,Kishore Subramaniam,9921249985,Deepak Gupta,2026-08-10 14:37,231,Madurai-East,
C02248,9429671756,Kishore Subramaniam,9656670106,Manoj Reddy,2026-08-10 11:10,220,Salem-South,
C02249,9429671756,Kishore Subramaniam,9921249985,Deepak Gupta,2026-08-11 10:43,428,Coimbatore-North,
C02250,9429671756,Kishore Subramaniam,9656670106,Manoj Reddy,2026-08-12 14:43,148,Madurai-East,
C02251,9429671756,Kishore Subramaniam,9962309130,Naveen Murthy,2026-08-12 20:37,317,Salem-South,
C02252,9429671756,Kishore Subramaniam,9366752545,Rajesh Murthy,2026-08-12 21:33,397,Madurai-East,
C02253,9429671756,Kishore Subramaniam,9681177589,Suresh Patel,2026-08-13 12:38,577,Salem-South,
C02254,9429671756,Kishore Subramaniam,9921249985,Deepak Gupta,2026-08-14 22:53,465,Trichy-West,
C02255,9429671756,Kishore Subramaniam,9265511047,Omkar Sundaram,2026-08-14 18:15,272,Coimbatore-North,
C02256,9429671756,Kishore Subramaniam,9640052427,Deepak Pandian,2026-08-14 18:49,263,Erode-Hub,
C02257,9674680715,Naveen Gupta,9030564139,Thiru Ramaswamy,2026-08-01 08:07,529,Trichy-West,
C02258,9674680715,Naveen Gupta,9174612004,Ilango Menon,2026-08-02 13:16,150,Chennai-Central,
C02259,9674680715,Naveen Gupta,9174612004,Ilango Menon,2026-08-02 21:29,459,Trichy-West,
C02260,9674680715,Naveen Gupta,9868000257,Ganesh Bose,2026-08-02 11:11,323,Salem-South,
C02261,9674680715,Naveen Gupta,9174612004,Ilango Menon,2026-08-03 18:44,429,Trichy-West,
C02262,9674680715,Naveen Gupta,9174612004,Ilango Menon,2026-08-03 20:46,111,Erode-Hub,
C02263,9674680715,Naveen Gupta,9534283644,Farook Bose,2026-08-03 17:35,362,Trichy-West,
C02264,9674680715,Naveen Gupta,9868000257,Ganesh Bose,2026-08-04 08:59,182,Trichy-West,
C02265,9674680715,Naveen Gupta,9030564139,Thiru Ramaswamy,2026-08-04 18:37,186,Trichy-West,
C02266,9674680715,Naveen Gupta,9174612004,Ilango Menon,2026-08-04 22:13,560,Trichy-West,
C02267,9674680715,Naveen Gupta,9174612004,Ilango Menon,2026-08-05 18:07,171,Salem-South,
C02268,9674680715,Naveen Gupta,9868000257,Ganesh Bose,2026-08-05 15:46,32,Chennai-Central,
C02269,9674680715,Naveen Gupta,9030564139,Thiru Ramaswamy,2026-08-05 09:45,456,Coimbatore-North,
C02270,9674680715,Naveen Gupta,9868000257,Ganesh Bose,2026-08-06 20:06,163,Trichy-West,
C02271,9674680715,Naveen Gupta,9030564139,Thiru Ramaswamy,2026-08-06 22:22,591,Chennai-Central,
C02272,9674680715,Naveen Gupta,9868000257,Ganesh Bose,2026-08-07 11:25,121,Salem-South,
C02273,9674680715,Naveen Gupta,9174612004,Ilango Menon,2026-08-07 12:33,182,Madurai-East,
C02274,9674680715,Naveen Gupta,9534283644,Farook Bose,2026-08-08 08:23,142,Salem-South,
C02275,9674680715,Naveen Gupta,9030564139,Thiru Ramaswamy,2026-08-08 18:09,65,Trichy-West,
C02276,9674680715,Naveen Gupta,9534283644,Farook Bose,2026-08-09 22:12,397,Trichy-West,
C02277,9674680715,Naveen Gupta,9534283644,Farook Bose,2026-08-10 18:21,337,Madurai-East,
C02278,9674680715,Naveen Gupta,9534283644,Farook Bose,2026-08-10 13:26,96,Madurai-East,
C02279,9674680715,Naveen Gupta,9030564139,Thiru Ramaswamy,2026-08-11 12:27,206,Erode-Hub,
C02280,9674680715,Naveen Gupta,9030564139,Thiru Ramaswamy,2026-08-11 13:36,489,Coimbatore-North,
C02281,9674680715,Naveen Gupta,9868000257,Ganesh Bose,2026-08-11 14:43,32,Trichy-West,
C02282,9674680715,Naveen Gupta,9534283644,Farook Bose,2026-08-12 17:55,244,Salem-South,
C02283,9674680715,Naveen Gupta,9534283644,Farook Bose,2026-08-13 20:05,91,Madurai-East,
C02284,9674680715,Naveen Gupta,9174612004,Ilango Menon,2026-08-14 16:08,455,Chennai-Central,
C02285,9808760385,Thiru Mohan,9174612004,Ilango Menon,2026-08-01 10:44,33,Chennai-Central,
C02286,9808760385,Thiru Mohan,9292706537,Ashok Nair,2026-08-01 14:20,325,Salem-South,
C02287,9808760385,Thiru Mohan,9292706537,Ashok Nair,2026-08-02 10:20,199,Madurai-East,
C02288,9808760385,Thiru Mohan,9324210249,Sanjay Chandran,2026-08-03 07:10,518,Salem-South,
C02289,9808760385,Thiru Mohan,9841616928,Hari Achari,2026-08-03 07:10,62,Coimbatore-North,
C02290,9808760385,Thiru Mohan,9841616928,Hari Achari,2026-08-03 19:10,376,Erode-Hub,
C02291,9808760385,Thiru Mohan,9841616928,Hari Achari,2026-08-04 14:19,413,Erode-Hub,
C02292,9808760385,Thiru Mohan,9174612004,Ilango Menon,2026-08-04 16:09,27,Salem-South,
C02293,9808760385,Thiru Mohan,9841616928,Hari Achari,2026-08-04 21:53,332,Salem-South,
C02294,9808760385,Thiru Mohan,9174612004,Ilango Menon,2026-08-05 10:16,361,Chennai-Central,
C02295,9808760385,Thiru Mohan,9841616928,Hari Achari,2026-08-05 10:52,148,Chennai-Central,
C02296,9808760385,Thiru Mohan,9841616928,Hari Achari,2026-08-05 19:43,280,Chennai-Central,
C02297,9808760385,Thiru Mohan,9324210249,Sanjay Chandran,2026-08-06 10:13,495,Salem-South,
C02298,9808760385,Thiru Mohan,9841616928,Hari Achari,2026-08-07 19:33,142,Madurai-East,
C02299,9808760385,Thiru Mohan,9292706537,Ashok Nair,2026-08-07 13:28,123,Madurai-East,
C02300,9808760385,Thiru Mohan,9174612004,Ilango Menon,2026-08-07 13:20,315,Coimbatore-North,
C02301,9808760385,Thiru Mohan,9324210249,Sanjay Chandran,2026-08-08 21:24,597,Erode-Hub,
C02302,9808760385,Thiru Mohan,9824771093,Mahesh Pillai,2026-08-08 11:44,433,Chennai-Central,
C02303,9808760385,Thiru Mohan,9292706537,Ashok Nair,2026-08-09 13:23,257,Salem-South,
C02304,9808760385,Thiru Mohan,9185188888,Lokesh Velu,2026-08-09 12:40,520,Trichy-West,
C02305,9808760385,Thiru Mohan,9292706537,Ashok Nair,2026-08-09 11:17,435,Trichy-West,
C02306,9808760385,Thiru Mohan,9841616928,Hari Achari,2026-08-10 14:58,315,Salem-South,
C02307,9808760385,Thiru Mohan,9824771093,Mahesh Pillai,2026-08-10 10:52,83,Madurai-East,
C02308,9808760385,Thiru Mohan,9324210249,Sanjay Chandran,2026-08-11 09:56,143,Trichy-West,
C02309,9808760385,Thiru Mohan,9324210249,Sanjay Chandran,2026-08-11 13:23,20,Coimbatore-North,
C02310,9808760385,Thiru Mohan,9824771093,Mahesh Pillai,2026-08-12 22:40,88,Trichy-West,
C02311,9808760385,Thiru Mohan,9324210249,Sanjay Chandran,2026-08-12 17:19,402,Coimbatore-North,
C02312,9808760385,Thiru Mohan,9174612004,Ilango Menon,2026-08-13 09:20,449,Madurai-East,
C02313,9808760385,Thiru Mohan,9174612004,Ilango Menon,2026-08-14 15:53,246,Madurai-East,
C02314,9824771093,Mahesh Pillai,9740344713,Nithin Bose,2026-08-01 16:00,531,Chennai-Central,
C02315,9824771093,Mahesh Pillai,9191088398,Omkar Singh,2026-08-01 19:50,424,Madurai-East,
C02316,9824771093,Mahesh Pillai,9191088398,Omkar Singh,2026-08-02 11:56,299,Coimbatore-North,
C02317,9824771093,Mahesh Pillai,9407581814,Harish Patel,2026-08-02 17:49,304,Erode-Hub,
C02318,9824771093,Mahesh Pillai,9641708053,Sabari Venkatesh,2026-08-02 07:27,512,Salem-South,
C02319,9824771093,Mahesh Pillai,9740344713,Nithin Bose,2026-08-03 17:59,239,Chennai-Central,
C02320,9824771093,Mahesh Pillai,9191088398,Omkar Singh,2026-08-04 21:07,585,Madurai-East,
C02321,9824771093,Mahesh Pillai,9191088398,Omkar Singh,2026-08-04 19:24,512,Madurai-East,
C02322,9824771093,Mahesh Pillai,9740344713,Nithin Bose,2026-08-04 12:19,252,Trichy-West,
C02323,9824771093,Mahesh Pillai,9740344713,Nithin Bose,2026-08-05 07:26,114,Chennai-Central,
C02324,9824771093,Mahesh Pillai,9191088398,Omkar Singh,2026-08-05 09:21,114,Salem-South,
C02325,9824771093,Mahesh Pillai,9740344713,Nithin Bose,2026-08-06 18:23,154,Chennai-Central,
C02326,9824771093,Mahesh Pillai,9740344713,Nithin Bose,2026-08-07 11:03,69,Madurai-East,
C02327,9824771093,Mahesh Pillai,9641708053,Sabari Venkatesh,2026-08-07 12:35,154,Madurai-East,
C02328,9824771093,Mahesh Pillai,9793564651,Rajesh Natarajan,2026-08-07 18:51,40,Erode-Hub,
C02329,9824771093,Mahesh Pillai,9191088398,Omkar Singh,2026-08-08 21:23,206,Salem-South,
C02330,9824771093,Mahesh Pillai,9191088398,Omkar Singh,2026-08-08 22:53,127,Erode-Hub,
C02331,9824771093,Mahesh Pillai,9407581814,Harish Patel,2026-08-09 17:49,275,Chennai-Central,
C02332,9824771093,Mahesh Pillai,9641708053,Sabari Venkatesh,2026-08-10 08:42,438,Madurai-East,
C02333,9824771093,Mahesh Pillai,9793564651,Rajesh Natarajan,2026-08-11 19:05,401,Chennai-Central,
C02334,9824771093,Mahesh Pillai,9407581814,Harish Patel,2026-08-12 12:45,360,Chennai-Central,
C02335,9824771093,Mahesh Pillai,9191088398,Omkar Singh,2026-08-13 15:33,67,Coimbatore-North,
C02336,9824771093,Mahesh Pillai,9641708053,Sabari Venkatesh,2026-08-13 19:15,530,Salem-South,
C02337,9824771093,Mahesh Pillai,9641708053,Sabari Venkatesh,2026-08-13 10:32,431,Madurai-East,
C02338,9824771093,Mahesh Pillai,9407581814,Harish Patel,2026-08-14 18:03,72,Erode-Hub,
C02339,9824771093,Mahesh Pillai,9793564651,Rajesh Natarajan,2026-08-14 16:54,157,Madurai-East,
C02340,9824771093,Mahesh Pillai,9407581814,Harish Patel,2026-08-14 15:36,518,Trichy-West,
C02341,9131712748,Eswar Krishnan,9594078161,Gopal Gowda,2026-08-01 12:01,541,Trichy-West,
C02342,9131712748,Eswar Krishnan,9240824008,Vijay Singh,2026-08-01 13:33,45,Erode-Hub,
C02343,9131712748,Eswar Krishnan,9240824008,Vijay Singh,2026-08-02 10:40,175,Erode-Hub,
C02344,9131712748,Eswar Krishnan,9683885160,Prakash Patel,2026-08-02 09:06,309,Erode-Hub,
C02345,9131712748,Eswar Krishnan,9400499154,Prakash Achari,2026-08-03 22:24,478,Salem-South,
C02346,9131712748,Eswar Krishnan,9139718707,Chandran Subramaniam,2026-08-04 21:29,243,Trichy-West,
C02347,9131712748,Eswar Krishnan,9139718707,Chandran Subramaniam,2026-08-04 09:02,125,Erode-Hub,
C02348,9131712748,Eswar Krishnan,9683885160,Prakash Patel,2026-08-04 17:44,332,Erode-Hub,
C02349,9131712748,Eswar Krishnan,9139718707,Chandran Subramaniam,2026-08-05 17:49,434,Erode-Hub,
C02350,9131712748,Eswar Krishnan,9175183046,Mahesh Gupta,2026-08-05 20:32,584,Salem-South,
C02351,9131712748,Eswar Krishnan,9683885160,Prakash Patel,2026-08-05 10:16,443,Chennai-Central,
C02352,9131712748,Eswar Krishnan,9240824008,Vijay Singh,2026-08-06 14:42,110,Coimbatore-North,
C02353,9131712748,Eswar Krishnan,9683885160,Prakash Patel,2026-08-07 18:10,238,Madurai-East,
C02354,9131712748,Eswar Krishnan,9175183046,Mahesh Gupta,2026-08-07 14:37,540,Chennai-Central,
C02355,9131712748,Eswar Krishnan,9400499154,Prakash Achari,2026-08-07 16:23,196,Trichy-West,
C02356,9131712748,Eswar Krishnan,9594078161,Gopal Gowda,2026-08-08 09:05,231,Salem-South,
C02357,9131712748,Eswar Krishnan,9594078161,Gopal Gowda,2026-08-09 10:44,42,Salem-South,
C02358,9131712748,Eswar Krishnan,9139718707,Chandran Subramaniam,2026-08-10 16:35,105,Coimbatore-North,
C02359,9131712748,Eswar Krishnan,9139718707,Chandran Subramaniam,2026-08-11 11:05,550,Coimbatore-North,
C02360,9131712748,Eswar Krishnan,9400499154,Prakash Achari,2026-08-12 14:25,596,Salem-South,
C02361,9131712748,Eswar Krishnan,9400499154,Prakash Achari,2026-08-13 16:37,80,Chennai-Central,
C02362,9131712748,Eswar Krishnan,9400499154,Prakash Achari,2026-08-13 16:33,72,Trichy-West,
C02363,9131712748,Eswar Krishnan,9594078161,Gopal Gowda,2026-08-14 07:46,553,Erode-Hub,
C02364,9131712748,Eswar Krishnan,9240824008,Vijay Singh,2026-08-14 10:30,236,Madurai-East,
C02365,9131712748,Eswar Krishnan,9594078161,Gopal Gowda,2026-08-14 14:07,47,Coimbatore-North,
C02366,9782639821,Arjun Menon,9067383028,Anand Balakrishnan,2026-08-01 10:48,420,Chennai-Central,
C02367,9782639821,Arjun Menon,9067383028,Anand Balakrishnan,2026-08-02 09:41,438,Erode-Hub,
C02368,9782639821,Arjun Menon,9067383028,Anand Balakrishnan,2026-08-03 07:28,542,Madurai-East,
C02369,9782639821,Arjun Menon,9346578713,Pandi Natarajan,2026-08-04 09:38,330,Chennai-Central,
C02370,9782639821,Arjun Menon,9346578713,Pandi Natarajan,2026-08-05 15:34,552,Madurai-East,
C02371,9782639821,Arjun Menon,9155188442,Omkar Subramaniam,2026-08-05 17:31,222,Erode-Hub,
C02372,9782639821,Arjun Menon,9341232812,Sabari Rao,2026-08-05 08:39,218,Erode-Hub,
C02373,9782639821,Arjun Menon,9770143634,Nithin Raj,2026-08-06 17:00,151,Chennai-Central,
C02374,9782639821,Arjun Menon,9346578713,Pandi Natarajan,2026-08-06 18:57,537,Salem-South,
C02375,9782639821,Arjun Menon,9155188442,Omkar Subramaniam,2026-08-06 22:11,330,Madurai-East,
C02376,9782639821,Arjun Menon,9155188442,Omkar Subramaniam,2026-08-07 07:49,552,Coimbatore-North,
C02377,9782639821,Arjun Menon,9770143634,Nithin Raj,2026-08-07 22:00,222,Chennai-Central,
C02378,9782639821,Arjun Menon,9489025039,Karthik Velu,2026-08-07 07:52,553,Chennai-Central,
C02379,9782639821,Arjun Menon,9489025039,Karthik Velu,2026-08-08 15:01,532,Erode-Hub,
C02380,9782639821,Arjun Menon,9341232812,Sabari Rao,2026-08-09 19:26,346,Chennai-Central,
C02381,9782639821,Arjun Menon,9770143634,Nithin Raj,2026-08-10 11:02,144,Coimbatore-North,
C02382,9782639821,Arjun Menon,9067383028,Anand Balakrishnan,2026-08-10 08:46,535,Trichy-West,
C02383,9782639821,Arjun Menon,9489025039,Karthik Velu,2026-08-11 20:14,491,Chennai-Central,
C02384,9782639821,Arjun Menon,9341232812,Sabari Rao,2026-08-12 19:39,48,Trichy-West,
C02385,9782639821,Arjun Menon,9770143634,Nithin Raj,2026-08-12 22:12,485,Coimbatore-North,
C02386,9782639821,Arjun Menon,9489025039,Karthik Velu,2026-08-13 12:10,192,Trichy-West,
C02387,9782639821,Arjun Menon,9155188442,Omkar Subramaniam,2026-08-14 19:41,238,Chennai-Central,
C02388,9782639821,Arjun Menon,9489025039,Karthik Velu,2026-08-14 17:47,506,Madurai-East,
C02389,9782639821,Arjun Menon,9489025039,Karthik Velu,2026-08-14 20:17,36,Coimbatore-North,
C02390,9044997278,Bharath Pillai,9956878339,Kannan Balakrishnan,2026-08-01 13:41,212,Chennai-Central,
C02391,9044997278,Bharath Pillai,9429671756,Kishore Subramaniam,2026-08-01 15:33,292,Madurai-East,
C02392,9044997278,Bharath Pillai,9956878339,Kannan Balakrishnan,2026-08-01 11:13,81,Trichy-West,
C02393,9044997278,Bharath Pillai,9429671756,Kishore Subramaniam,2026-08-02 15:25,178,Chennai-Central,
C02394,9044997278,Bharath Pillai,9911838425,Kannan Bose,2026-08-02 12:33,67,Salem-South,
C02395,9044997278,Bharath Pillai,9956878339,Kannan Balakrishnan,2026-08-02 16:38,396,Trichy-West,
C02396,9044997278,Bharath Pillai,9482814893,Kannan Kumar,2026-08-03 16:26,103,Chennai-Central,
C02397,9044997278,Bharath Pillai,9956878339,Kannan Balakrishnan,2026-08-04 19:05,467,Coimbatore-North,
C02398,9044997278,Bharath Pillai,9361939909,Harish Iyer,2026-08-05 16:33,319,Erode-Hub,
C02399,9044997278,Bharath Pillai,9361939909,Harish Iyer,2026-08-06 07:25,230,Coimbatore-North,
C02400,9044997278,Bharath Pillai,9956878339,Kannan Balakrishnan,2026-08-07 07:45,64,Madurai-East,
C02401,9044997278,Bharath Pillai,9911838425,Kannan Bose,2026-08-07 22:44,289,Coimbatore-North,
C02402,9044997278,Bharath Pillai,9627298069,Elango Gupta,2026-08-07 20:10,192,Chennai-Central,
C02403,9044997278,Bharath Pillai,9956878339,Kannan Balakrishnan,2026-08-08 11:34,38,Coimbatore-North,
C02404,9044997278,Bharath Pillai,9361939909,Harish Iyer,2026-08-09 19:59,422,Madurai-East,
C02405,9044997278,Bharath Pillai,9482814893,Kannan Kumar,2026-08-09 12:26,378,Trichy-West,
C02406,9044997278,Bharath Pillai,9627298069,Elango Gupta,2026-08-09 15:59,324,Chennai-Central,
C02407,9044997278,Bharath Pillai,9956878339,Kannan Balakrishnan,2026-08-10 09:26,37,Erode-Hub,
C02408,9044997278,Bharath Pillai,9361939909,Harish Iyer,2026-08-11 14:28,57,Coimbatore-North,
C02409,9044997278,Bharath Pillai,9429671756,Kishore Subramaniam,2026-08-12 22:16,547,Coimbatore-North,
C02410,9044997278,Bharath Pillai,9627298069,Elango Gupta,2026-08-12 21:55,412,Salem-South,
C02411,9044997278,Bharath Pillai,9911838425,Kannan Bose,2026-08-13 15:18,531,Madurai-East,
C02412,9044997278,Bharath Pillai,9956878339,Kannan Balakrishnan,2026-08-14 19:05,383,Chennai-Central,
C02413,9044997278,Bharath Pillai,9482814893,Kannan Kumar,2026-08-14 10:25,268,Madurai-East,
C02414,9044997278,Bharath Pillai,9746814538,Unknown,2026-08-05 12:21,7,Coimbatore-North,SUSPICIOUS_BURST
C02415,9044997278,Bharath Pillai,9746814538,Unknown,2026-08-05 09:41,45,Coimbatore-North,SUSPICIOUS_BURST
C02416,9044997278,Bharath Pillai,9746814538,Unknown,2026-08-05 16:12,22,Chennai-Central,SUSPICIOUS_BURST
C02417,9044997278,Bharath Pillai,9746814538,Unknown,2026-08-05 10:13,5,Coimbatore-North,SUSPICIOUS_BURST
C02418,9044997278,Bharath Pillai,9746814538,Unknown,2026-08-05 10:03,44,Chennai-Central,SUSPICIOUS_BURST
C02419,9044997278,Bharath Pillai,9746814538,Unknown,2026-08-05 20:41,59,Chennai-Central,SUSPICIOUS_BURST
C02420,9044997278,Bharath Pillai,9746814538,Unknown,2026-08-05 06:05,39,Chennai-Central,SUSPICIOUS_BURST
C02421,9044997278,Bharath Pillai,9746814538,Unknown,2026-08-05 05:31,48,Chennai-Central,SUSPICIOUS_BURST
C02422,9044997278,Bharath Pillai,9746814538,Unknown,2026-08-05 16:40,12,Coimbatore-North,SUSPICIOUS_BURST
C02423,9044997278,Bharath Pillai,9746814538,Unknown,2026-08-05 14:49,46,Coimbatore-North,SUSPICIOUS_BURST
C02424,9044997278,Bharath Pillai,9746814538,Unknown,2026-08-05 01:59,23,Chennai-Central,SUSPICIOUS_BURST
C02425,9044997278,Bharath Pillai,9746814538,Unknown,2026-08-05 05:39,16,Coimbatore-North,SUSPICIOUS_BURST
C02426,9044997278,Bharath Pillai,9746814538,Unknown,2026-08-05 01:01,48,Chennai-Central,SUSPICIOUS_BURST
C02427,9044997278,Bharath Pillai,9746814538,Unknown,2026-08-05 01:55,51,Chennai-Central,SUSPICIOUS_BURST
C02428,9044997278,Bharath Pillai,9746814538,Unknown,2026-08-05 03:02,14,Chennai-Central,SUSPICIOUS_BURST
C02429,9044997278,Bharath Pillai,9746814538,Unknown,2026-08-05 10:53,57,Coimbatore-North,SUSPICIOUS_BURST
C02430,9044997278,Bharath Pillai,9746814538,Unknown,2026-08-05 01:32,39,Chennai-Central,SUSPICIOUS_BURST
C02431,9044997278,Bharath Pillai,9746814538,Unknown,2026-08-05 06:18,47,Coimbatore-North,SUSPICIOUS_BURST
C02432,9044997278,Bharath Pillai,9746814538,Unknown,2026-08-05 16:06,28,Chennai-Central,SUSPICIOUS_BURST
C02433,9044997278,Bharath Pillai,9746814538,Unknown,2026-08-05 10:32,41,Chennai-Central,SUSPICIOUS_BURST
C02434,9044997278,Bharath Pillai,9746814538,Unknown,2026-08-05 04:47,22,Chennai-Central,SUSPICIOUS_BURST
C02435,9044997278,Bharath Pillai,9746814538,Unknown,2026-08-05 04:01,30,Chennai-Central,SUSPICIOUS_BURST
C02436,9044997278,Bharath Pillai,9746814538,Unknown,2026-08-05 03:21,21,Chennai-Central,SUSPICIOUS_BURST
C02437,9044997278,Bharath Pillai,9746814538,Unknown,2026-08-05 16:45,7,Coimbatore-North,SUSPICIOUS_BURST
C02438,9044997278,Bharath Pillai,9746814538,Unknown,2026-08-05 23:54,54,Chennai-Central,SUSPICIOUS_BURST
C02439,9044997278,Bharath Pillai,9746814538,Unknown,2026-08-05 12:01,53,Coimbatore-North,SUSPICIOUS_BURST
C02440,9044997278,Bharath Pillai,9746814538,Unknown,2026-08-05 19:58,15,Coimbatore-North,SUSPICIOUS_BURST
C02441,9044997278,Bharath Pillai,9746814538,Unknown,2026-08-05 04:13,44,Chennai-Central,SUSPICIOUS_BURST
C02442,9044997278,Bharath Pillai,9746814538,Unknown,2026-08-05 18:47,54,Chennai-Central,SUSPICIOUS_BURST
C02443,9867533963,Eswar Ramaswamy,9611836736,Bharath Bose,2026-08-01 10:03,116,Erode-Hub,
C02444,9867533963,Eswar Ramaswamy,9429671756,Kishore Subramaniam,2026-08-02 15:39,558,Chennai-Central,
C02445,9867533963,Eswar Ramaswamy,9429671756,Kishore Subramaniam,2026-08-03 17:33,461,Erode-Hub,
C02446,9867533963,Eswar Ramaswamy,9627298069,Elango Gupta,2026-08-04 07:06,550,Coimbatore-North,
C02447,9867533963,Eswar Ramaswamy,9494808313,Sathish Gupta,2026-08-04 22:51,178,Chennai-Central,
C02448,9867533963,Eswar Ramaswamy,9494808313,Sathish Gupta,2026-08-05 08:11,86,Erode-Hub,
C02449,9867533963,Eswar Ramaswamy,9429671756,Kishore Subramaniam,2026-08-06 07:23,107,Salem-South,
C02450,9867533963,Eswar Ramaswamy,9494808313,Sathish Gupta,2026-08-06 15:04,247,Salem-South,
C02451,9867533963,Eswar Ramaswamy,9324210249,Sanjay Chandran,2026-08-06 17:02,184,Salem-South,
C02452,9867533963,Eswar Ramaswamy,9611836736,Bharath Bose,2026-08-07 17:51,220,Coimbatore-North,
C02453,9867533963,Eswar Ramaswamy,9899642353,Rahul Pillai,2026-08-07 12:10,133,Trichy-West,
C02454,9867533963,Eswar Ramaswamy,9500978820,Suresh Balakrishnan,2026-08-08 16:57,505,Trichy-West,
C02455,9867533963,Eswar Ramaswamy,9324210249,Sanjay Chandran,2026-08-09 09:15,597,Trichy-West,
C02456,9867533963,Eswar Ramaswamy,9494808313,Sathish Gupta,2026-08-10 20:20,39,Madurai-East,
C02457,9867533963,Eswar Ramaswamy,9429671756,Kishore Subramaniam,2026-08-11 20:11,329,Salem-South,
C02458,9867533963,Eswar Ramaswamy,9494808313,Sathish Gupta,2026-08-12 22:36,425,Chennai-Central,
C02459,9867533963,Eswar Ramaswamy,9500978820,Suresh Balakrishnan,2026-08-12 16:06,494,Trichy-West,
C02460,9867533963,Eswar Ramaswamy,9324210249,Sanjay Chandran,2026-08-13 21:52,167,Erode-Hub,
C02461,9867533963,Eswar Ramaswamy,9899642353,Rahul Pillai,2026-08-13 14:39,294,Coimbatore-North,
C02462,9867533963,Eswar Ramaswamy,9627298069,Elango Gupta,2026-08-13 07:43,568,Erode-Hub,
C02463,9867533963,Eswar Ramaswamy,9429671756,Kishore Subramaniam,2026-08-14 10:01,507,Madurai-East,
C02464,9867533963,Eswar Ramaswamy,9500978820,Suresh Balakrishnan,2026-08-14 14:16,337,Salem-South,
C02465,9662702895,Rajesh Raj,9092327193,Anand Rao,2026-08-01 11:37,453,Coimbatore-North,
C02466,9662702895,Rajesh Raj,9621745961,Pandi Patel,2026-08-01 08:59,228,Coimbatore-North,
C02467,9662702895,Rajesh Raj,9155188442,Omkar Subramaniam,2026-08-02 19:51,598,Erode-Hub,
C02468,9662702895,Rajesh Raj,9341036971,Thiru Verma,2026-08-02 17:18,411,Chennai-Central,
C02469,9662702895,Rajesh Raj,9341036971,Thiru Verma,2026-08-03 09:05,565,Salem-South,
C02470,9662702895,Rajesh Raj,9092327193,Anand Rao,2026-08-03 16:46,355,Trichy-West,
C02471,9662702895,Rajesh Raj,9341036971,Thiru Verma,2026-08-03 18:23,20,Chennai-Central,
C02472,9662702895,Rajesh Raj,9454990453,Anand Subramaniam,2026-08-04 12:14,239,Coimbatore-North,
C02473,9662702895,Rajesh Raj,9341036971,Thiru Verma,2026-08-04 18:19,107,Chennai-Central,
C02474,9662702895,Rajesh Raj,9341036971,Thiru Verma,2026-08-05 16:57,388,Salem-South,
C02475,9662702895,Rajesh Raj,9092327193,Anand Rao,2026-08-05 21:28,443,Erode-Hub,
C02476,9662702895,Rajesh Raj,9155188442,Omkar Subramaniam,2026-08-06 11:39,323,Coimbatore-North,
C02477,9662702895,Rajesh Raj,9155188442,Omkar Subramaniam,2026-08-06 19:19,441,Trichy-West,
C02478,9662702895,Rajesh Raj,9155188442,Omkar Subramaniam,2026-08-06 18:19,115,Chennai-Central,
C02479,9662702895,Rajesh Raj,9454990453,Anand Subramaniam,2026-08-07 22:43,168,Erode-Hub,
C02480,9662702895,Rajesh Raj,9155188442,Omkar Subramaniam,2026-08-07 22:00,412,Madurai-East,
C02481,9662702895,Rajesh Raj,9155188442,Omkar Subramaniam,2026-08-07 08:49,110,Coimbatore-North,
C02482,9662702895,Rajesh Raj,9341036971,Thiru Verma,2026-08-08 07:34,277,Madurai-East,
C02483,9662702895,Rajesh Raj,9341036971,Thiru Verma,2026-08-08 12:00,64,Madurai-East,
C02484,9662702895,Rajesh Raj,9092327193,Anand Rao,2026-08-08 13:25,192,Chennai-Central,
C02485,9662702895,Rajesh Raj,9341036971,Thiru Verma,2026-08-09 21:14,45,Coimbatore-North,
C02486,9662702895,Rajesh Raj,9155188442,Omkar Subramaniam,2026-08-09 18:01,313,Erode-Hub,
C02487,9662702895,Rajesh Raj,9341036971,Thiru Verma,2026-08-09 07:00,33,Trichy-West,
C02488,9662702895,Rajesh Raj,9621745961,Pandi Patel,2026-08-10 15:44,423,Erode-Hub,
C02489,9662702895,Rajesh Raj,9454990453,Anand Subramaniam,2026-08-10 10:53,532,Erode-Hub,
C02490,9662702895,Rajesh Raj,9341036971,Thiru Verma,2026-08-11 11:01,446,Madurai-East,
C02491,9662702895,Rajesh Raj,9155188442,Omkar Subramaniam,2026-08-11 19:39,39,Coimbatore-North,
C02492,9662702895,Rajesh Raj,9155188442,Omkar Subramaniam,2026-08-11 12:02,527,Erode-Hub,
C02493,9662702895,Rajesh Raj,9341036971,Thiru Verma,2026-08-12 18:32,450,Madurai-East,
C02494,9662702895,Rajesh Raj,9799650752,Anand Ramaswamy,2026-08-12 20:40,521,Salem-South,
C02495,9662702895,Rajesh Raj,9621745961,Pandi Patel,2026-08-13 19:22,225,Madurai-East,
C02496,9662702895,Rajesh Raj,9092327193,Anand Rao,2026-08-14 10:00,598,Madurai-East,
C02497,9662702895,Rajesh Raj,9654051531,Vikram Pandian,2026-08-14 09:18,109,Erode-Hub,
C02498,9621745961,Pandi Patel,9348734714,Siva Pillai,2026-08-01 19:39,262,Salem-South,
C02499,9621745961,Pandi Patel,9780913431,Jagan Natarajan,2026-08-02 07:18,237,Salem-South,
C02500,9621745961,Pandi Patel,9780913431,Jagan Natarajan,2026-08-03 08:41,536,Trichy-West,
C02501,9621745961,Pandi Patel,9030564139,Thiru Ramaswamy,2026-08-04 12:59,237,Madurai-East,
C02502,9621745961,Pandi Patel,9348734714,Siva Pillai,2026-08-05 17:35,460,Erode-Hub,
C02503,9621745961,Pandi Patel,9780913431,Jagan Natarajan,2026-08-05 19:29,111,Chennai-Central,
C02504,9621745961,Pandi Patel,9780913431,Jagan Natarajan,2026-08-06 11:39,141,Salem-South,
C02505,9621745961,Pandi Patel,9348734714,Siva Pillai,2026-08-06 12:28,412,Madurai-East,
C02506,9621745961,Pandi Patel,9348734714,Siva Pillai,2026-08-07 21:07,393,Coimbatore-North,
C02507,9621745961,Pandi Patel,9780913431,Jagan Natarajan,2026-08-07 19:03,119,Madurai-East,
C02508,9621745961,Pandi Patel,9348734714,Siva Pillai,2026-08-08 13:54,380,Madurai-East,
C02509,9621745961,Pandi Patel,9030564139,Thiru Ramaswamy,2026-08-08 14:45,134,Erode-Hub,
C02510,9621745961,Pandi Patel,9348734714,Siva Pillai,2026-08-09 10:23,550,Trichy-West,
C02511,9621745961,Pandi Patel,9780913431,Jagan Natarajan,2026-08-09 21:56,362,Madurai-East,
C02512,9621745961,Pandi Patel,9348734714,Siva Pillai,2026-08-09 20:29,460,Erode-Hub,
C02513,9621745961,Pandi Patel,9030564139,Thiru Ramaswamy,2026-08-10 17:03,402,Madurai-East,
C02514,9621745961,Pandi Patel,9030564139,Thiru Ramaswamy,2026-08-10 20:32,43,Erode-Hub,
C02515,9621745961,Pandi Patel,9030564139,Thiru Ramaswamy,2026-08-10 15:49,80,Chennai-Central,
C02516,9621745961,Pandi Patel,9780913431,Jagan Natarajan,2026-08-11 20:57,307,Salem-South,
C02517,9621745961,Pandi Patel,9348734714,Siva Pillai,2026-08-12 18:42,59,Erode-Hub,
C02518,9621745961,Pandi Patel,9348734714,Siva Pillai,2026-08-12 09:31,364,Trichy-West,
C02519,9621745961,Pandi Patel,9030564139,Thiru Ramaswamy,2026-08-13 14:07,418,Coimbatore-North,
C02520,9621745961,Pandi Patel,9030564139,Thiru Ramaswamy,2026-08-13 14:09,404,Chennai-Central,
C02521,9621745961,Pandi Patel,9348734714,Siva Pillai,2026-08-14 10:52,311,Coimbatore-North,
C02522,9621745961,Pandi Patel,9030564139,Thiru Ramaswamy,2026-08-14 20:57,304,Salem-South,
C02523,9780913431,Jagan Natarajan,9500479748,Mahesh Das,2026-08-01 08:07,355,Erode-Hub,
C02524,9780913431,Jagan Natarajan,9265511047,Omkar Sundaram,2026-08-01 18:40,73,Coimbatore-North,
C02525,9780913431,Jagan Natarajan,9770143634,Nithin Raj,2026-08-02 18:51,216,Chennai-Central,
C02526,9780913431,Jagan Natarajan,9770143634,Nithin Raj,2026-08-02 19:51,232,Trichy-West,
C02527,9780913431,Jagan Natarajan,9016582029,Jagan Sundaram,2026-08-03 11:54,155,Chennai-Central,
C02528,9780913431,Jagan Natarajan,9500479748,Mahesh Das,2026-08-03 13:49,180,Erode-Hub,
C02529,9780913431,Jagan Natarajan,9627298069,Elango Gupta,2026-08-04 14:58,599,Salem-South,
C02530,9780913431,Jagan Natarajan,9770143634,Nithin Raj,2026-08-04 12:34,337,Chennai-Central,
C02531,9780913431,Jagan Natarajan,9740748217,Jagan Pillai,2026-08-05 15:58,375,Trichy-West,
C02532,9780913431,Jagan Natarajan,9740748217,Jagan Pillai,2026-08-05 11:38,442,Coimbatore-North,
C02533,9780913431,Jagan Natarajan,9265511047,Omkar Sundaram,2026-08-05 13:53,77,Chennai-Central,
C02534,9780913431,Jagan Natarajan,9627298069,Elango Gupta,2026-08-06 11:14,546,Madurai-East,
C02535,9780913431,Jagan Natarajan,9500479748,Mahesh Das,2026-08-06 10:39,567,Erode-Hub,
C02536,9780913431,Jagan Natarajan,9265511047,Omkar Sundaram,2026-08-07 16:27,454,Erode-Hub,
C02537,9780913431,Jagan Natarajan,9740748217,Jagan Pillai,2026-08-08 13:06,591,Madurai-East,
C02538,9780913431,Jagan Natarajan,9627298069,Elango Gupta,2026-08-09 13:53,59,Erode-Hub,
C02539,9780913431,Jagan Natarajan,9265511047,Omkar Sundaram,2026-08-09 12:36,91,Trichy-West,
C02540,9780913431,Jagan Natarajan,9627298069,Elango Gupta,2026-08-10 12:29,552,Chennai-Central,
C02541,9780913431,Jagan Natarajan,9500479748,Mahesh Das,2026-08-10 07:52,97,Erode-Hub,
C02542,9780913431,Jagan Natarajan,9016582029,Jagan Sundaram,2026-08-11 08:10,98,Chennai-Central,
C02543,9780913431,Jagan Natarajan,9265511047,Omkar Sundaram,2026-08-11 21:55,276,Coimbatore-North,
C02544,9780913431,Jagan Natarajan,9016582029,Jagan Sundaram,2026-08-11 18:19,335,Coimbatore-North,
C02545,9780913431,Jagan Natarajan,9500479748,Mahesh Das,2026-08-12 15:29,576,Salem-South,
C02546,9780913431,Jagan Natarajan,9265511047,Omkar Sundaram,2026-08-12 07:30,440,Salem-South,
C02547,9780913431,Jagan Natarajan,9770143634,Nithin Raj,2026-08-13 16:02,303,Trichy-West,
C02548,9780913431,Jagan Natarajan,9952694958,Ravi Gupta,2026-08-14 11:55,421,Coimbatore-North,
C02549,9780913431,Jagan Natarajan,9627298069,Elango Gupta,2026-08-14 20:13,431,Trichy-West,
C02550,9400504556,Siva Nair,9681177589,Suresh Patel,2026-08-01 13:07,477,Trichy-West,
C02551,9400504556,Siva Nair,9473597746,Devan Menon,2026-08-01 18:20,563,Madurai-East,
C02552,9400504556,Siva Nair,9743671369,Nithin Pillai,2026-08-01 19:26,147,Trichy-West,
C02553,9400504556,Siva Nair,9473597746,Devan Menon,2026-08-02 07:05,230,Trichy-West,
C02554,9400504556,Siva Nair,9034324451,Harish Sharma,2026-08-02 09:22,177,Erode-Hub,
C02555,9400504556,Siva Nair,9473597746,Devan Menon,2026-08-03 19:54,244,Chennai-Central,
C02556,9400504556,Siva Nair,9034324451,Harish Sharma,2026-08-03 09:03,319,Salem-South,
C02557,9400504556,Siva Nair,9681177589,Suresh Patel,2026-08-03 09:30,121,Trichy-West,
C02558,9400504556,Siva Nair,9743671369,Nithin Pillai,2026-08-04 07:45,502,Chennai-Central,
C02559,9400504556,Siva Nair,9034324451,Harish Sharma,2026-08-05 12:04,572,Madurai-East,
C02560,9400504556,Siva Nair,9743671369,Nithin Pillai,2026-08-06 15:19,216,Coimbatore-North,
C02561,9400504556,Siva Nair,9084700766,Vijay Bose,2026-08-06 18:30,61,Chennai-Central,
C02562,9400504556,Siva Nair,9265511047,Omkar Sundaram,2026-08-07 17:12,55,Coimbatore-North,
C02563,9400504556,Siva Nair,9084700766,Vijay Bose,2026-08-07 12:31,275,Salem-South,
C02564,9400504556,Siva Nair,9084700766,Vijay Bose,2026-08-07 17:04,470,Erode-Hub,
C02565,9400504556,Siva Nair,9084700766,Vijay Bose,2026-08-08 07:28,62,Trichy-West,
C02566,9400504556,Siva Nair,9034324451,Harish Sharma,2026-08-08 18:04,438,Erode-Hub,
C02567,9400504556,Siva Nair,9265511047,Omkar Sundaram,2026-08-08 10:22,276,Erode-Hub,
C02568,9400504556,Siva Nair,9034324451,Harish Sharma,2026-08-09 19:20,260,Coimbatore-North,
C02569,9400504556,Siva Nair,9034324451,Harish Sharma,2026-08-10 22:03,330,Erode-Hub,
C02570,9400504556,Siva Nair,9743671369,Nithin Pillai,2026-08-10 12:41,323,Trichy-West,
C02571,9400504556,Siva Nair,9265511047,Omkar Sundaram,2026-08-10 07:43,45,Madurai-East,
C02572,9400504556,Siva Nair,9743671369,Nithin Pillai,2026-08-11 07:48,377,Chennai-Central,
C02573,9400504556,Siva Nair,9084700766,Vijay Bose,2026-08-11 17:25,206,Madurai-East,
C02574,9400504556,Siva Nair,9034324451,Harish Sharma,2026-08-12 10:45,36,Trichy-West,
C02575,9400504556,Siva Nair,9084700766,Vijay Bose,2026-08-13 07:47,309,Trichy-West,
C02576,9400504556,Siva Nair,9034324451,Harish Sharma,2026-08-13 09:42,524,Madurai-East,
C02577,9400504556,Siva Nair,9681177589,Suresh Patel,2026-08-14 22:41,537,Madurai-East,
C02578,9222196937,Selvam Das,9400504556,Siva Nair,2026-08-01 11:50,449,Erode-Hub,
C02579,9222196937,Selvam Das,9346578713,Pandi Natarajan,2026-08-01 07:15,324,Coimbatore-North,
C02580,9222196937,Selvam Das,9867533963,Eswar Ramaswamy,2026-08-02 21:40,68,Salem-South,
C02581,9222196937,Selvam Das,9232858842,Rajesh Krishnan,2026-08-02 22:14,415,Coimbatore-North,
C02582,9222196937,Selvam Das,9719022941,Karthik Mohan,2026-08-03 18:48,89,Salem-South,
C02583,9222196937,Selvam Das,9400504556,Siva Nair,2026-08-03 20:20,220,Madurai-East,
C02584,9222196937,Selvam Das,9232858842,Rajesh Krishnan,2026-08-03 19:18,224,Madurai-East,
C02585,9222196937,Selvam Das,9719022941,Karthik Mohan,2026-08-04 15:44,122,Trichy-West,
C02586,9222196937,Selvam Das,9013267736,Kishore Chandran,2026-08-04 16:46,169,Coimbatore-North,
C02587,9222196937,Selvam Das,9278774701,Ganesh Ramaswamy,2026-08-05 22:57,373,Madurai-East,
C02588,9222196937,Selvam Das,9232858842,Rajesh Krishnan,2026-08-05 21:53,394,Chennai-Central,
C02589,9222196937,Selvam Das,9640909743,Rahul Venkatesh,2026-08-05 12:41,299,Chennai-Central,
C02590,9222196937,Selvam Das,9278774701,Ganesh Ramaswamy,2026-08-06 12:16,515,Salem-South,
C02591,9222196937,Selvam Das,9400504556,Siva Nair,2026-08-06 07:17,397,Chennai-Central,
C02592,9222196937,Selvam Das,9346578713,Pandi Natarajan,2026-08-06 12:52,252,Salem-South,
C02593,9222196937,Selvam Das,9232858842,Rajesh Krishnan,2026-08-07 09:24,165,Madurai-East,
C02594,9222196937,Selvam Das,9867533963,Eswar Ramaswamy,2026-08-07 21:39,160,Madurai-East,
C02595,9222196937,Selvam Das,9346578713,Pandi Natarajan,2026-08-08 18:07,262,Erode-Hub,
C02596,9222196937,Selvam Das,9346578713,Pandi Natarajan,2026-08-08 22:48,261,Trichy-West,
C02597,9222196937,Selvam Das,9346578713,Pandi Natarajan,2026-08-09 14:01,515,Trichy-West,
C02598,9222196937,Selvam Das,9719022941,Karthik Mohan,2026-08-10 10:49,119,Salem-South,
C02599,9222196937,Selvam Das,9346578713,Pandi Natarajan,2026-08-10 17:52,380,Salem-South,
C02600,9222196937,Selvam Das,9346578713,Pandi Natarajan,2026-08-10 19:04,441,Chennai-Central,
C02601,9222196937,Selvam Das,9867533963,Eswar Ramaswamy,2026-08-11 21:07,354,Erode-Hub,
C02602,9222196937,Selvam Das,9400504556,Siva Nair,2026-08-11 15:51,151,Trichy-West,
C02603,9222196937,Selvam Das,9278774701,Ganesh Ramaswamy,2026-08-12 16:10,404,Chennai-Central,
C02604,9222196937,Selvam Das,9400504556,Siva Nair,2026-08-13 16:52,591,Coimbatore-North,
C02605,9222196937,Selvam Das,9640909743,Rahul Venkatesh,2026-08-13 13:47,163,Salem-South,
C02606,9222196937,Selvam Das,9013267736,Kishore Chandran,2026-08-14 13:46,575,Madurai-East,
C02607,9222196937,Selvam Das,9346578713,Pandi Natarajan,2026-08-14 14:12,74,Madurai-East,
C02608,9222196937,Selvam Das,9719022941,Karthik Mohan,2026-08-14 07:19,592,Salem-South,
C02609,9740748217,Jagan Pillai,9901476797,Naveen Ramaswamy,2026-08-01 21:34,189,Trichy-West,
C02610,9740748217,Jagan Pillai,9489513433,Lokesh Iyer,2026-08-02 18:02,143,Coimbatore-North,
C02611,9740748217,Jagan Pillai,9901476797,Naveen Ramaswamy,2026-08-02 11:25,343,Erode-Hub,
C02612,9740748217,Jagan Pillai,9678669125,Karthik Verma,2026-08-02 19:42,435,Coimbatore-North,
C02613,9740748217,Jagan Pillai,9684145933,Senthil Nair,2026-08-03 10:51,23,Erode-Hub,
C02614,9740748217,Jagan Pillai,9901476797,Naveen Ramaswamy,2026-08-04 15:13,388,Erode-Hub,
C02615,9740748217,Jagan Pillai,9901476797,Naveen Ramaswamy,2026-08-04 19:53,323,Trichy-West,
C02616,9740748217,Jagan Pillai,9678669125,Karthik Verma,2026-08-04 18:42,427,Erode-Hub,
C02617,9740748217,Jagan Pillai,9684145933,Senthil Nair,2026-08-05 12:01,381,Madurai-East,
C02618,9740748217,Jagan Pillai,9684145933,Senthil Nair,2026-08-05 12:57,381,Madurai-East,
C02619,9740748217,Jagan Pillai,9901476797,Naveen Ramaswamy,2026-08-06 20:02,403,Salem-South,
C02620,9740748217,Jagan Pillai,9678669125,Karthik Verma,2026-08-07 19:37,259,Coimbatore-North,
C02621,9740748217,Jagan Pillai,9489513433,Lokesh Iyer,2026-08-07 10:14,150,Erode-Hub,
C02622,9740748217,Jagan Pillai,9901476797,Naveen Ramaswamy,2026-08-08 15:55,208,Erode-Hub,
C02623,9740748217,Jagan Pillai,9901476797,Naveen Ramaswamy,2026-08-08 14:52,322,Salem-South,
C02624,9740748217,Jagan Pillai,9901476797,Naveen Ramaswamy,2026-08-08 19:00,119,Trichy-West,
C02625,9740748217,Jagan Pillai,9678669125,Karthik Verma,2026-08-09 15:51,24,Erode-Hub,
C02626,9740748217,Jagan Pillai,9901476797,Naveen Ramaswamy,2026-08-09 14:03,74,Madurai-East,
C02627,9740748217,Jagan Pillai,9684145933,Senthil Nair,2026-08-10 10:26,432,Coimbatore-North,
C02628,9740748217,Jagan Pillai,9678669125,Karthik Verma,2026-08-10 11:43,485,Chennai-Central,
C02629,9740748217,Jagan Pillai,9901476797,Naveen Ramaswamy,2026-08-10 15:01,364,Salem-South,
C02630,9740748217,Jagan Pillai,9489513433,Lokesh Iyer,2026-08-11 19:52,542,Trichy-West,
C02631,9740748217,Jagan Pillai,9678669125,Karthik Verma,2026-08-11 07:43,559,Trichy-West,
C02632,9740748217,Jagan Pillai,9901476797,Naveen Ramaswamy,2026-08-12 10:26,414,Coimbatore-North,
C02633,9740748217,Jagan Pillai,9901476797,Naveen Ramaswamy,2026-08-12 08:05,517,Chennai-Central,
C02634,9740748217,Jagan Pillai,9684145933,Senthil Nair,2026-08-13 07:22,191,Erode-Hub,
C02635,9740748217,Jagan Pillai,9678669125,Karthik Verma,2026-08-13 18:25,104,Chennai-Central,
C02636,9740748217,Jagan Pillai,9684145933,Senthil Nair,2026-08-13 15:01,188,Coimbatore-North,
C02637,9740748217,Jagan Pillai,9901476797,Naveen Ramaswamy,2026-08-14 15:21,190,Coimbatore-North,
C02638,9743671369,Nithin Pillai,9210470952,Ilango Pillai,2026-08-01 15:57,203,Erode-Hub,
C02639,9743671369,Nithin Pillai,9482814893,Kannan Kumar,2026-08-02 11:37,400,Madurai-East,
C02640,9743671369,Nithin Pillai,9528922680,Madhavan Murthy,2026-08-02 18:07,402,Salem-South,
C02641,9743671369,Nithin Pillai,9435346247,Kumar Achari,2026-08-03 11:17,220,Coimbatore-North,
C02642,9743671369,Nithin Pillai,9482814893,Kannan Kumar,2026-08-04 12:57,236,Coimbatore-North,
C02643,9743671369,Nithin Pillai,9210470952,Ilango Pillai,2026-08-04 17:16,154,Erode-Hub,
C02644,9743671369,Nithin Pillai,9210470952,Ilango Pillai,2026-08-04 21:26,454,Coimbatore-North,
C02645,9743671369,Nithin Pillai,9210470952,Ilango Pillai,2026-08-05 22:03,314,Madurai-East,
C02646,9743671369,Nithin Pillai,9210470952,Ilango Pillai,2026-08-06 08:18,274,Salem-South,
C02647,9743671369,Nithin Pillai,9472126464,Dinesh Verma,2026-08-06 07:27,599,Madurai-East,
C02648,9743671369,Nithin Pillai,9482814893,Kannan Kumar,2026-08-06 19:01,107,Chennai-Central,
C02649,9743671369,Nithin Pillai,9435346247,Kumar Achari,2026-08-07 14:37,32,Chennai-Central,
C02650,9743671369,Nithin Pillai,9435346247,Kumar Achari,2026-08-07 15:48,158,Trichy-West,
C02651,9743671369,Nithin Pillai,9482814893,Kannan Kumar,2026-08-08 17:19,406,Coimbatore-North,
C02652,9743671369,Nithin Pillai,9472126464,Dinesh Verma,2026-08-08 21:06,363,Madurai-East,
C02653,9743671369,Nithin Pillai,9482814893,Kannan Kumar,2026-08-08 18:50,325,Erode-Hub,
C02654,9743671369,Nithin Pillai,9472126464,Dinesh Verma,2026-08-09 21:25,397,Chennai-Central,
C02655,9743671369,Nithin Pillai,9528922680,Madhavan Murthy,2026-08-09 18:36,160,Trichy-West,
C02656,9743671369,Nithin Pillai,9968562185,Farook Menon,2026-08-09 12:20,202,Trichy-West,
C02657,9743671369,Nithin Pillai,9435346247,Kumar Achari,2026-08-10 22:03,218,Erode-Hub,
C02658,9743671369,Nithin Pillai,9528922680,Madhavan Murthy,2026-08-10 16:49,585,Chennai-Central,
C02659,9743671369,Nithin Pillai,9435346247,Kumar Achari,2026-08-10 11:34,486,Madurai-East,
C02660,9743671369,Nithin Pillai,9472126464,Dinesh Verma,2026-08-11 08:21,372,Madurai-East,
C02661,9743671369,Nithin Pillai,9528922680,Madhavan Murthy,2026-08-12 15:40,246,Salem-South,
C02662,9743671369,Nithin Pillai,9472126464,Dinesh Verma,2026-08-13 12:21,115,Trichy-West,
C02663,9743671369,Nithin Pillai,9528922680,Madhavan Murthy,2026-08-14 09:31,373,Trichy-West,
C02664,9743671369,Nithin Pillai,9482814893,Kannan Kumar,2026-08-14 16:31,81,Salem-South,
C02665,9743671369,Nithin Pillai,9435346247,Kumar Achari,2026-08-14 17:37,157,Coimbatore-North,
C02666,9640909743,Rahul Venkatesh,9516940974,Rahul Singh,2026-08-01 12:12,446,Madurai-East,
C02667,9640909743,Rahul Venkatesh,9277901043,Arjun Natarajan,2026-08-02 21:43,211,Trichy-West,
C02668,9640909743,Rahul Venkatesh,9026542351,Gowtham Pillai,2026-08-02 12:37,199,Salem-South,
C02669,9640909743,Rahul Venkatesh,9400499154,Prakash Achari,2026-08-02 20:53,201,Madurai-East,
C02670,9640909743,Rahul Venkatesh,9254629148,Deepak Das,2026-08-03 13:35,565,Trichy-West,
C02671,9640909743,Rahul Venkatesh,9277901043,Arjun Natarajan,2026-08-03 21:45,232,Madurai-East,
C02672,9640909743,Rahul Venkatesh,9516940974,Rahul Singh,2026-08-03 17:06,160,Chennai-Central,
C02673,9640909743,Rahul Venkatesh,9516940974,Rahul Singh,2026-08-04 14:02,184,Chennai-Central,
C02674,9640909743,Rahul Venkatesh,9278774701,Ganesh Ramaswamy,2026-08-05 13:21,581,Coimbatore-North,
C02675,9640909743,Rahul Venkatesh,9277901043,Arjun Natarajan,2026-08-06 18:45,479,Coimbatore-North,
C02676,9640909743,Rahul Venkatesh,9026542351,Gowtham Pillai,2026-08-06 18:40,586,Chennai-Central,
C02677,9640909743,Rahul Venkatesh,9277901043,Arjun Natarajan,2026-08-07 22:31,510,Erode-Hub,
C02678,9640909743,Rahul Venkatesh,9277901043,Arjun Natarajan,2026-08-07 10:30,250,Trichy-West,
C02679,9640909743,Rahul Venkatesh,9516940974,Rahul Singh,2026-08-08 12:57,238,Erode-Hub,
C02680,9640909743,Rahul Venkatesh,9278774701,Ganesh Ramaswamy,2026-08-08 18:58,516,Chennai-Central,
C02681,9640909743,Rahul Venkatesh,9026542351,Gowtham Pillai,2026-08-09 16:28,326,Trichy-West,
C02682,9640909743,Rahul Venkatesh,9516940974,Rahul Singh,2026-08-09 22:51,364,Coimbatore-North,
C02683,9640909743,Rahul Venkatesh,9026542351,Gowtham Pillai,2026-08-09 09:07,400,Chennai-Central,
C02684,9640909743,Rahul Venkatesh,9277901043,Arjun Natarajan,2026-08-10 14:42,72,Erode-Hub,
C02685,9640909743,Rahul Venkatesh,9516940974,Rahul Singh,2026-08-10 09:26,143,Chennai-Central,
C02686,9640909743,Rahul Venkatesh,9278774701,Ganesh Ramaswamy,2026-08-10 19:05,228,Salem-South,
C02687,9640909743,Rahul Venkatesh,9278774701,Ganesh Ramaswamy,2026-08-11 07:39,85,Trichy-West,
C02688,9640909743,Rahul Venkatesh,9026542351,Gowtham Pillai,2026-08-11 19:42,294,Madurai-East,
C02689,9640909743,Rahul Venkatesh,9254629148,Deepak Das,2026-08-11 09:43,566,Coimbatore-North,
C02690,9640909743,Rahul Venkatesh,9026542351,Gowtham Pillai,2026-08-12 17:23,94,Trichy-West,
C02691,9640909743,Rahul Venkatesh,9026542351,Gowtham Pillai,2026-08-12 18:39,568,Madurai-East,
C02692,9640909743,Rahul Venkatesh,9026542351,Gowtham Pillai,2026-08-13 08:45,585,Madurai-East,
C02693,9640909743,Rahul Venkatesh,9278774701,Ganesh Ramaswamy,2026-08-13 11:45,599,Chennai-Central,
C02694,9640909743,Rahul Venkatesh,9277901043,Arjun Natarajan,2026-08-14 17:49,388,Chennai-Central,
C02695,9640909743,Rahul Venkatesh,9277901043,Arjun Natarajan,2026-08-14 22:54,403,Erode-Hub,
C02696,9210470952,Ilango Pillai,9516122753,Raja Murthy,2026-08-01 11:51,186,Coimbatore-North,
C02697,9210470952,Ilango Pillai,9962309130,Naveen Murthy,2026-08-01 21:24,389,Trichy-West,
C02698,9210470952,Ilango Pillai,9185188888,Lokesh Velu,2026-08-02 17:21,22,Chennai-Central,
C02699,9210470952,Ilango Pillai,9911838425,Kannan Bose,2026-08-02 11:54,387,Trichy-West,
C02700,9210470952,Ilango Pillai,9240415747,Thiru Sundaram,2026-08-03 13:29,511,Coimbatore-North,
C02701,9210470952,Ilango Pillai,9962309130,Naveen Murthy,2026-08-04 13:41,109,Erode-Hub,
C02702,9210470952,Ilango Pillai,9185188888,Lokesh Velu,2026-08-04 15:37,395,Chennai-Central,
C02703,9210470952,Ilango Pillai,9473947312,Sathish Ramaswamy,2026-08-05 18:09,498,Chennai-Central,
C02704,9210470952,Ilango Pillai,9516122753,Raja Murthy,2026-08-06 20:53,40,Coimbatore-North,
C02705,9210470952,Ilango Pillai,9473947312,Sathish Ramaswamy,2026-08-06 16:25,322,Coimbatore-North,
C02706,9210470952,Ilango Pillai,9911838425,Kannan Bose,2026-08-06 20:19,379,Madurai-East,
C02707,9210470952,Ilango Pillai,9911838425,Kannan Bose,2026-08-07 10:52,95,Coimbatore-North,
C02708,9210470952,Ilango Pillai,9473947312,Sathish Ramaswamy,2026-08-08 13:43,452,Trichy-West,
C02709,9210470952,Ilango Pillai,9473947312,Sathish Ramaswamy,2026-08-09 10:28,402,Coimbatore-North,
C02710,9210470952,Ilango Pillai,9911838425,Kannan Bose,2026-08-10 08:22,168,Madurai-East,
C02711,9210470952,Ilango Pillai,9911838425,Kannan Bose,2026-08-10 13:02,195,Coimbatore-North,
C02712,9210470952,Ilango Pillai,9240415747,Thiru Sundaram,2026-08-11 10:11,73,Madurai-East,
C02713,9210470952,Ilango Pillai,9911838425,Kannan Bose,2026-08-11 22:51,396,Chennai-Central,
C02714,9210470952,Ilango Pillai,9185188888,Lokesh Velu,2026-08-11 10:39,318,Trichy-West,
C02715,9210470952,Ilango Pillai,9962309130,Naveen Murthy,2026-08-12 18:26,472,Erode-Hub,
C02716,9210470952,Ilango Pillai,9516122753,Raja Murthy,2026-08-12 12:10,179,Madurai-East,
C02717,9210470952,Ilango Pillai,9911838425,Kannan Bose,2026-08-12 08:47,292,Madurai-East,
C02718,9210470952,Ilango Pillai,9185188888,Lokesh Velu,2026-08-13 07:26,405,Trichy-West,
C02719,9210470952,Ilango Pillai,9240415747,Thiru Sundaram,2026-08-14 19:17,316,Salem-South,
C02720,9210470952,Ilango Pillai,9962309130,Naveen Murthy,2026-08-14 16:50,481,Erode-Hub,
C02721,9232858842,Rajesh Krishnan,9640052427,Deepak Pandian,2026-08-01 16:16,431,Trichy-West,
C02722,9232858842,Rajesh Krishnan,9621745961,Pandi Patel,2026-08-02 11:15,171,Chennai-Central,
C02723,9232858842,Rajesh Krishnan,9837354033,Sabari Das,2026-08-03 14:58,296,Coimbatore-North,
C02724,9232858842,Rajesh Krishnan,9681177589,Suresh Patel,2026-08-04 09:29,163,Coimbatore-North,
C02725,9232858842,Rajesh Krishnan,9837354033,Sabari Das,2026-08-04 14:14,422,Erode-Hub,
C02726,9232858842,Rajesh Krishnan,9681177589,Suresh Patel,2026-08-04 15:51,260,Salem-South,
C02727,9232858842,Rajesh Krishnan,9681177589,Suresh Patel,2026-08-05 10:14,529,Chennai-Central,
C02728,9232858842,Rajesh Krishnan,9837354033,Sabari Das,2026-08-06 18:31,524,Erode-Hub,
C02729,9232858842,Rajesh Krishnan,9681177589,Suresh Patel,2026-08-06 16:36,130,Coimbatore-North,
C02730,9232858842,Rajesh Krishnan,9640052427,Deepak Pandian,2026-08-06 16:12,284,Trichy-West,
C02731,9232858842,Rajesh Krishnan,9621745961,Pandi Patel,2026-08-07 07:31,489,Salem-South,
C02732,9232858842,Rajesh Krishnan,9724238849,Murugan Shetty,2026-08-07 13:17,577,Trichy-West,
C02733,9232858842,Rajesh Krishnan,9681177589,Suresh Patel,2026-08-07 16:08,237,Coimbatore-North,
C02734,9232858842,Rajesh Krishnan,9837354033,Sabari Das,2026-08-08 10:36,286,Madurai-East,
C02735,9232858842,Rajesh Krishnan,9569816934,Pandi Sundaram,2026-08-08 13:13,89,Coimbatore-North,
C02736,9232858842,Rajesh Krishnan,9837354033,Sabari Das,2026-08-08 11:04,160,Salem-South,
C02737,9232858842,Rajesh Krishnan,9724238849,Murugan Shetty,2026-08-09 08:00,585,Coimbatore-North,
C02738,9232858842,Rajesh Krishnan,9681177589,Suresh Patel,2026-08-09 09:45,368,Madurai-East,
C02739,9232858842,Rajesh Krishnan,9621745961,Pandi Patel,2026-08-09 18:50,65,Erode-Hub,
C02740,9232858842,Rajesh Krishnan,9681177589,Suresh Patel,2026-08-10 10:52,41,Coimbatore-North,
C02741,9232858842,Rajesh Krishnan,9569816934,Pandi Sundaram,2026-08-10 16:04,222,Coimbatore-North,
C02742,9232858842,Rajesh Krishnan,9837354033,Sabari Das,2026-08-10 14:26,590,Salem-South,
C02743,9232858842,Rajesh Krishnan,9621745961,Pandi Patel,2026-08-11 21:45,431,Erode-Hub,
C02744,9232858842,Rajesh Krishnan,9569816934,Pandi Sundaram,2026-08-12 07:24,343,Salem-South,
C02745,9232858842,Rajesh Krishnan,9569816934,Pandi Sundaram,2026-08-12 11:18,583,Salem-South,
C02746,9232858842,Rajesh Krishnan,9837354033,Sabari Das,2026-08-12 21:09,556,Madurai-East,
C02747,9232858842,Rajesh Krishnan,9724238849,Murugan Shetty,2026-08-13 22:44,168,Coimbatore-North,
C02748,9232858842,Rajesh Krishnan,9621745961,Pandi Patel,2026-08-13 19:54,490,Trichy-West,
C02749,9232858842,Rajesh Krishnan,9640052427,Deepak Pandian,2026-08-14 09:22,142,Coimbatore-North,
C02750,9232858842,Rajesh Krishnan,9621745961,Pandi Patel,2026-08-14 18:12,50,Erode-Hub,
C02751,9517123685,Rajesh Gowda,9911838425,Kannan Bose,2026-08-01 10:09,513,Erode-Hub,
C02752,9517123685,Rajesh Gowda,9724238849,Murugan Shetty,2026-08-02 12:34,252,Trichy-West,
C02753,9517123685,Rajesh Gowda,9911838425,Kannan Bose,2026-08-03 10:24,87,Chennai-Central,
C02754,9517123685,Rajesh Gowda,9175183046,Mahesh Gupta,2026-08-03 16:27,167,Chennai-Central,
C02755,9517123685,Rajesh Gowda,9464887719,Kannan Natarajan,2026-08-03 11:20,488,Salem-South,
C02756,9517123685,Rajesh Gowda,9740344713,Nithin Bose,2026-08-04 18:02,264,Erode-Hub,
C02757,9517123685,Rajesh Gowda,9182992299,Ilango Chandran,2026-08-04 20:25,53,Salem-South,
C02758,9517123685,Rajesh Gowda,9175183046,Mahesh Gupta,2026-08-05 17:35,29,Madurai-East,
C02759,9517123685,Rajesh Gowda,9464887719,Kannan Natarajan,2026-08-05 12:01,88,Madurai-East,
C02760,9517123685,Rajesh Gowda,9175183046,Mahesh Gupta,2026-08-06 21:23,400,Coimbatore-North,
C02761,9517123685,Rajesh Gowda,9724238849,Murugan Shetty,2026-08-06 21:26,459,Madurai-East,
C02762,9517123685,Rajesh Gowda,9740344713,Nithin Bose,2026-08-06 21:49,223,Trichy-West,
C02763,9517123685,Rajesh Gowda,9724238849,Murugan Shetty,2026-08-07 19:46,581,Coimbatore-North,
C02764,9517123685,Rajesh Gowda,9182992299,Ilango Chandran,2026-08-08 16:11,271,Salem-South,
C02765,9517123685,Rajesh Gowda,9724238849,Murugan Shetty,2026-08-09 10:40,450,Trichy-West,
C02766,9517123685,Rajesh Gowda,9911838425,Kannan Bose,2026-08-09 10:40,321,Madurai-East,
C02767,9517123685,Rajesh Gowda,9740344713,Nithin Bose,2026-08-10 21:58,96,Trichy-West,
C02768,9517123685,Rajesh Gowda,9464887719,Kannan Natarajan,2026-08-11 22:23,51,Erode-Hub,
C02769,9517123685,Rajesh Gowda,9464887719,Kannan Natarajan,2026-08-11 11:54,363,Coimbatore-North,
C02770,9517123685,Rajesh Gowda,9175183046,Mahesh Gupta,2026-08-12 12:15,269,Coimbatore-North,
C02771,9517123685,Rajesh Gowda,9182992299,Ilango Chandran,2026-08-12 14:00,54,Erode-Hub,
C02772,9517123685,Rajesh Gowda,9175183046,Mahesh Gupta,2026-08-12 07:51,47,Erode-Hub,
C02773,9517123685,Rajesh Gowda,9740344713,Nithin Bose,2026-08-13 18:45,43,Salem-South,
C02774,9517123685,Rajesh Gowda,9911838425,Kannan Bose,2026-08-14 19:27,238,Chennai-Central,
C02775,9517123685,Rajesh Gowda,9464887719,Kannan Natarajan,2026-08-14 15:30,158,Trichy-West,
C02776,9175496513,Sathish Chandran,9621745961,Pandi Patel,2026-08-01 21:20,334,Madurai-East,
C02777,9175496513,Sathish Chandran,9054868740,Ganesh Shetty,2026-08-01 08:08,509,Coimbatore-North,
C02778,9175496513,Sathish Chandran,9839335290,Karthik Venkatesh,2026-08-02 21:49,417,Madurai-East,
C02779,9175496513,Sathish Chandran,9547772522,Eswar Pandian,2026-08-02 14:41,576,Chennai-Central,
C02780,9175496513,Sathish Chandran,9621745961,Pandi Patel,2026-08-02 14:58,417,Erode-Hub,
C02781,9175496513,Sathish Chandran,9547772522,Eswar Pandian,2026-08-03 16:54,343,Coimbatore-North,
C02782,9175496513,Sathish Chandran,9839335290,Karthik Venkatesh,2026-08-04 17:30,187,Chennai-Central,
C02783,9175496513,Sathish Chandran,9054868740,Ganesh Shetty,2026-08-04 16:03,218,Erode-Hub,
C02784,9175496513,Sathish Chandran,9341232812,Sabari Rao,2026-08-05 19:59,135,Salem-South,
C02785,9175496513,Sathish Chandran,9839335290,Karthik Venkatesh,2026-08-05 19:07,309,Erode-Hub,
C02786,9175496513,Sathish Chandran,9621745961,Pandi Patel,2026-08-06 15:23,166,Erode-Hub,
C02787,9175496513,Sathish Chandran,9547772522,Eswar Pandian,2026-08-06 07:44,557,Chennai-Central,
C02788,9175496513,Sathish Chandran,9054868740,Ganesh Shetty,2026-08-06 18:43,331,Madurai-East,
C02789,9175496513,Sathish Chandran,9547772522,Eswar Pandian,2026-08-07 22:28,447,Coimbatore-North,
C02790,9175496513,Sathish Chandran,9054868740,Ganesh Shetty,2026-08-07 18:37,460,Erode-Hub,
C02791,9175496513,Sathish Chandran,9054868740,Ganesh Shetty,2026-08-07 11:32,515,Erode-Hub,
C02792,9175496513,Sathish Chandran,9841616928,Hari Achari,2026-08-08 10:48,421,Salem-South,
C02793,9175496513,Sathish Chandran,9341232812,Sabari Rao,2026-08-09 13:14,577,Chennai-Central,
C02794,9175496513,Sathish Chandran,9547772522,Eswar Pandian,2026-08-09 20:35,301,Chennai-Central,
C02795,9175496513,Sathish Chandran,9839335290,Karthik Venkatesh,2026-08-10 15:09,97,Madurai-East,
C02796,9175496513,Sathish Chandran,9341232812,Sabari Rao,2026-08-11 10:44,552,Salem-South,
C02797,9175496513,Sathish Chandran,9621745961,Pandi Patel,2026-08-12 09:35,556,Trichy-West,
C02798,9175496513,Sathish Chandran,9547772522,Eswar Pandian,2026-08-13 12:54,526,Salem-South,
C02799,9175496513,Sathish Chandran,9621745961,Pandi Patel,2026-08-13 11:34,73,Salem-South,
C02800,9175496513,Sathish Chandran,9341232812,Sabari Rao,2026-08-14 22:16,153,Chennai-Central,
C02801,9175496513,Sathish Chandran,9547772522,Eswar Pandian,2026-08-14 18:39,597,Coimbatore-North,
C02802,9175496513,Sathish Chandran,9839335290,Karthik Venkatesh,2026-08-14 10:42,505,Madurai-East,
C02803,9174612004,Ilango Menon,9912419049,Naveen Bose,2026-08-01 11:29,259,Chennai-Central,
C02804,9174612004,Ilango Menon,9850142940,Murugan Velu,2026-08-02 20:55,442,Chennai-Central,
C02805,9174612004,Ilango Menon,9912419049,Naveen Bose,2026-08-03 08:00,21,Chennai-Central,
C02806,9174612004,Ilango Menon,9454615679,Ilango Murthy,2026-08-03 12:06,469,Madurai-East,
C02807,9174612004,Ilango Menon,9016582029,Jagan Sundaram,2026-08-04 17:11,113,Chennai-Central,
C02808,9174612004,Ilango Menon,9407581814,Harish Patel,2026-08-05 16:22,449,Erode-Hub,
C02809,9174612004,Ilango Menon,9912419049,Naveen Bose,2026-08-05 12:51,308,Coimbatore-North,
C02810,9174612004,Ilango Menon,9139718707,Chandran Subramaniam,2026-08-06 12:15,97,Chennai-Central,
C02811,9174612004,Ilango Menon,9912419049,Naveen Bose,2026-08-07 16:49,180,Coimbatore-North,
C02812,9174612004,Ilango Menon,9841616928,Hari Achari,2026-08-07 07:38,297,Chennai-Central,
C02813,9174612004,Ilango Menon,9912419049,Naveen Bose,2026-08-07 09:02,388,Salem-South,
C02814,9174612004,Ilango Menon,9016582029,Jagan Sundaram,2026-08-08 10:36,428,Coimbatore-North,
C02815,9174612004,Ilango Menon,9912419049,Naveen Bose,2026-08-08 17:46,576,Coimbatore-North,
C02816,9174612004,Ilango Menon,9841616928,Hari Achari,2026-08-08 09:16,203,Salem-South,
C02817,9174612004,Ilango Menon,9016582029,Jagan Sundaram,2026-08-09 18:18,459,Salem-South,
C02818,9174612004,Ilango Menon,9016582029,Jagan Sundaram,2026-08-09 20:16,139,Salem-South,
C02819,9174612004,Ilango Menon,9016582029,Jagan Sundaram,2026-08-09 10:43,540,Salem-South,
C02820,9174612004,Ilango Menon,9841616928,Hari Achari,2026-08-10 18:28,307,Coimbatore-North,
C02821,9174612004,Ilango Menon,9841616928,Hari Achari,2026-08-10 22:20,263,Chennai-Central,
C02822,9174612004,Ilango Menon,9454615679,Ilango Murthy,2026-08-10 16:28,222,Trichy-West,
C02823,9174612004,Ilango Menon,9016582029,Jagan Sundaram,2026-08-11 15:48,432,Trichy-West,
C02824,9174612004,Ilango Menon,9407581814,Harish Patel,2026-08-11 18:08,410,Chennai-Central,
C02825,9174612004,Ilango Menon,9407581814,Harish Patel,2026-08-12 13:09,591,Trichy-West,
C02826,9174612004,Ilango Menon,9850142940,Murugan Velu,2026-08-12 19:48,288,Erode-Hub,
C02827,9174612004,Ilango Menon,9292706537,Ashok Nair,2026-08-12 16:09,542,Madurai-East,
C02828,9174612004,Ilango Menon,9912419049,Naveen Bose,2026-08-13 22:00,585,Erode-Hub,
C02829,9174612004,Ilango Menon,9841616928,Hari Achari,2026-08-14 10:36,30,Coimbatore-North,
C02830,9826758692,Anand Shetty,9603669096,Devan Subramaniam,2026-08-01 19:16,431,Trichy-West,
C02831,9826758692,Anand Shetty,9016582029,Jagan Sundaram,2026-08-02 17:04,374,Salem-South,
C02832,9826758692,Anand Shetty,9482366299,Kumar Mohan,2026-08-02 22:13,421,Erode-Hub,
C02833,9826758692,Anand Shetty,9016582029,Jagan Sundaram,2026-08-03 22:24,51,Chennai-Central,
C02834,9826758692,Anand Shetty,9314919058,Karthik Das,2026-08-03 11:04,571,Chennai-Central,
C02835,9826758692,Anand Shetty,9016582029,Jagan Sundaram,2026-08-03 21:21,187,Coimbatore-North,
C02836,9826758692,Anand Shetty,9016582029,Jagan Sundaram,2026-08-04 19:47,184,Coimbatore-North,
C02837,9826758692,Anand Shetty,9482366299,Kumar Mohan,2026-08-05 12:22,80,Chennai-Central,
C02838,9826758692,Anand Shetty,9016582029,Jagan Sundaram,2026-08-05 08:08,425,Madurai-East,
C02839,9826758692,Anand Shetty,9603669096,Devan Subramaniam,2026-08-06 14:59,502,Coimbatore-North,
C02840,9826758692,Anand Shetty,9482366299,Kumar Mohan,2026-08-06 11:08,567,Erode-Hub,
C02841,9826758692,Anand Shetty,9603669096,Devan Subramaniam,2026-08-06 11:42,190,Chennai-Central,
C02842,9826758692,Anand Shetty,9016582029,Jagan Sundaram,2026-08-07 15:09,37,Coimbatore-North,
C02843,9826758692,Anand Shetty,9603669096,Devan Subramaniam,2026-08-07 21:14,42,Coimbatore-North,
C02844,9826758692,Anand Shetty,9603669096,Devan Subramaniam,2026-08-07 11:13,357,Erode-Hub,
C02845,9826758692,Anand Shetty,9019380262,Kumar Verma,2026-08-08 07:05,465,Salem-South,
C02846,9826758692,Anand Shetty,9314919058,Karthik Das,2026-08-08 10:20,325,Chennai-Central,
C02847,9826758692,Anand Shetty,9603669096,Devan Subramaniam,2026-08-09 21:24,169,Salem-South,
C02848,9826758692,Anand Shetty,9314919058,Karthik Das,2026-08-09 18:25,104,Trichy-West,
C02849,9826758692,Anand Shetty,9603669096,Devan Subramaniam,2026-08-10 11:14,34,Coimbatore-North,
C02850,9826758692,Anand Shetty,9603669096,Devan Subramaniam,2026-08-10 07:51,410,Madurai-East,
C02851,9826758692,Anand Shetty,9314919058,Karthik Das,2026-08-11 19:18,251,Coimbatore-North,
C02852,9826758692,Anand Shetty,9314919058,Karthik Das,2026-08-11 21:50,265,Coimbatore-North,
C02853,9826758692,Anand Shetty,9314919058,Karthik Das,2026-08-11 14:34,141,Erode-Hub,
C02854,9826758692,Anand Shetty,9019380262,Kumar Verma,2026-08-12 13:26,291,Chennai-Central,
C02855,9826758692,Anand Shetty,9482366299,Kumar Mohan,2026-08-12 12:35,363,Chennai-Central,
C02856,9826758692,Anand Shetty,9603669096,Devan Subramaniam,2026-08-12 07:40,485,Coimbatore-North,
C02857,9826758692,Anand Shetty,9482366299,Kumar Mohan,2026-08-13 07:44,238,Coimbatore-North,
C02858,9826758692,Anand Shetty,9603669096,Devan Subramaniam,2026-08-13 12:06,59,Salem-South,
C02859,9826758692,Anand Shetty,9016582029,Jagan Sundaram,2026-08-14 12:25,469,Madurai-East,
C02860,9405377351,Ilango Krishnan,9935978207,Siva Achari,2026-08-01 16:16,476,Trichy-West,
C02861,9405377351,Ilango Krishnan,9106903311,Pandi Ramaswamy,2026-08-01 16:51,483,Coimbatore-North,
C02862,9405377351,Ilango Krishnan,9921249985,Deepak Gupta,2026-08-02 12:26,557,Trichy-West,
C02863,9405377351,Ilango Krishnan,9106903311,Pandi Ramaswamy,2026-08-03 08:03,129,Salem-South,
C02864,9405377351,Ilango Krishnan,9935978207,Siva Achari,2026-08-03 17:29,346,Chennai-Central,
C02865,9405377351,Ilango Krishnan,9826137506,Siva Shetty,2026-08-04 20:33,195,Salem-South,
C02866,9405377351,Ilango Krishnan,9826137506,Siva Shetty,2026-08-05 17:58,291,Madurai-East,
C02867,9405377351,Ilango Krishnan,9106903311,Pandi Ramaswamy,2026-08-06 08:49,53,Erode-Hub,
C02868,9405377351,Ilango Krishnan,9935978207,Siva Achari,2026-08-07 22:47,164,Salem-South,
C02869,9405377351,Ilango Krishnan,9921249985,Deepak Gupta,2026-08-08 14:59,481,Coimbatore-North,
C02870,9405377351,Ilango Krishnan,9826137506,Siva Shetty,2026-08-09 09:04,577,Trichy-West,
C02871,9405377351,Ilango Krishnan,9106903311,Pandi Ramaswamy,2026-08-09 22:23,469,Salem-South,
C02872,9405377351,Ilango Krishnan,9547772522,Eswar Pandian,2026-08-09 10:01,485,Erode-Hub,
C02873,9405377351,Ilango Krishnan,9826137506,Siva Shetty,2026-08-10 10:22,54,Erode-Hub,
C02874,9405377351,Ilango Krishnan,9935978207,Siva Achari,2026-08-11 20:45,115,Madurai-East,
C02875,9405377351,Ilango Krishnan,9921249985,Deepak Gupta,2026-08-12 22:58,174,Trichy-West,
C02876,9405377351,Ilango Krishnan,9547772522,Eswar Pandian,2026-08-12 17:47,348,Madurai-East,
C02877,9405377351,Ilango Krishnan,9826137506,Siva Shetty,2026-08-13 16:08,171,Chennai-Central,
C02878,9405377351,Ilango Krishnan,9826137506,Siva Shetty,2026-08-13 12:41,528,Chennai-Central,
C02879,9405377351,Ilango Krishnan,9921249985,Deepak Gupta,2026-08-13 08:15,72,Trichy-West,
C02880,9405377351,Ilango Krishnan,9826137506,Siva Shetty,2026-08-14 11:02,421,Coimbatore-North,
C02881,9405377351,Ilango Krishnan,9935978207,Siva Achari,2026-08-14 15:31,411,Erode-Hub,
C02882,9317139005,Murugan Pillai,9935978207,Siva Achari,2026-08-01 21:47,264,Chennai-Central,
C02883,9317139005,Murugan Pillai,9473597746,Devan Menon,2026-08-01 14:12,174,Madurai-East,
C02884,9317139005,Murugan Pillai,9377889255,Prakash Sharma,2026-08-02 20:02,294,Erode-Hub,
C02885,9317139005,Murugan Pillai,9935978207,Siva Achari,2026-08-02 09:10,50,Madurai-East,
C02886,9317139005,Murugan Pillai,9935978207,Siva Achari,2026-08-03 18:58,149,Chennai-Central,
C02887,9317139005,Murugan Pillai,9473597746,Devan Menon,2026-08-03 14:00,486,Salem-South,
C02888,9317139005,Murugan Pillai,9473597746,Devan Menon,2026-08-04 14:39,118,Madurai-East,
C02889,9317139005,Murugan Pillai,9377889255,Prakash Sharma,2026-08-04 21:05,453,Salem-South,
C02890,9317139005,Murugan Pillai,9210470952,Ilango Pillai,2026-08-04 16:03,155,Erode-Hub,
C02891,9317139005,Murugan Pillai,9743671369,Nithin Pillai,2026-08-05 21:26,428,Madurai-East,
C02892,9317139005,Murugan Pillai,9377889255,Prakash Sharma,2026-08-05 17:51,70,Erode-Hub,
C02893,9317139005,Murugan Pillai,9473597746,Devan Menon,2026-08-05 22:21,120,Madurai-East,
C02894,9317139005,Murugan Pillai,9473597746,Devan Menon,2026-08-06 14:51,398,Erode-Hub,
C02895,9317139005,Murugan Pillai,9377889255,Prakash Sharma,2026-08-07 21:55,318,Chennai-Central,
C02896,9317139005,Murugan Pillai,9473597746,Devan Menon,2026-08-08 18:42,338,Salem-South,
C02897,9317139005,Murugan Pillai,9500479748,Mahesh Das,2026-08-09 14:59,583,Salem-South,
C02898,9317139005,Murugan Pillai,9377889255,Prakash Sharma,2026-08-09 15:56,526,Madurai-East,
C02899,9317139005,Murugan Pillai,9935978207,Siva Achari,2026-08-10 20:12,538,Salem-South,
C02900,9317139005,Murugan Pillai,9377889255,Prakash Sharma,2026-08-10 11:26,217,Trichy-West,
C02901,9317139005,Murugan Pillai,9454615679,Ilango Murthy,2026-08-10 16:54,44,Coimbatore-North,
C02902,9317139005,Murugan Pillai,9210470952,Ilango Pillai,2026-08-11 10:28,187,Erode-Hub,
C02903,9317139005,Murugan Pillai,9210470952,Ilango Pillai,2026-08-11 12:06,383,Chennai-Central,
C02904,9317139005,Murugan Pillai,9377889255,Prakash Sharma,2026-08-11 14:07,210,Erode-Hub,
C02905,9317139005,Murugan Pillai,9473597746,Devan Menon,2026-08-12 21:46,389,Chennai-Central,
C02906,9317139005,Murugan Pillai,9473597746,Devan Menon,2026-08-13 17:46,365,Salem-South,
C02907,9317139005,Murugan Pillai,9210470952,Ilango Pillai,2026-08-13 07:26,533,Chennai-Central,
C02908,9317139005,Murugan Pillai,9454615679,Ilango Murthy,2026-08-14 21:16,121,Coimbatore-North,
C02909,9317139005,Murugan Pillai,9935978207,Siva Achari,2026-08-14 16:27,95,Madurai-East,
C02910,9839335290,Karthik Venkatesh,9799371240,Sathish Menon,2026-08-01 20:55,22,Trichy-West,
C02911,9839335290,Karthik Venkatesh,9799371240,Sathish Menon,2026-08-01 16:29,546,Chennai-Central,
C02912,9839335290,Karthik Venkatesh,9799371240,Sathish Menon,2026-08-02 17:46,94,Madurai-East,
C02913,9839335290,Karthik Venkatesh,9874064039,Farook Sharma,2026-08-03 16:40,543,Chennai-Central,
C02914,9839335290,Karthik Venkatesh,9662702895,Rajesh Raj,2026-08-03 13:11,95,Madurai-East,
C02915,9839335290,Karthik Venkatesh,9874064039,Farook Sharma,2026-08-04 19:02,112,Coimbatore-North,
C02916,9839335290,Karthik Venkatesh,9724238849,Murugan Shetty,2026-08-04 09:13,425,Salem-South,
C02917,9839335290,Karthik Venkatesh,9874064039,Farook Sharma,2026-08-05 07:39,55,Trichy-West,
C02918,9839335290,Karthik Venkatesh,9662702895,Rajesh Raj,2026-08-06 15:21,41,Madurai-East,
C02919,9839335290,Karthik Venkatesh,9662702895,Rajesh Raj,2026-08-06 12:33,356,Salem-South,
C02920,9839335290,Karthik Venkatesh,9724238849,Murugan Shetty,2026-08-07 13:45,313,Madurai-East,
C02921,9839335290,Karthik Venkatesh,9662702895,Rajesh Raj,2026-08-07 17:33,255,Chennai-Central,
C02922,9839335290,Karthik Venkatesh,9799371240,Sathish Menon,2026-08-07 10:50,421,Erode-Hub,
C02923,9839335290,Karthik Venkatesh,9724238849,Murugan Shetty,2026-08-08 16:09,163,Salem-South,
C02924,9839335290,Karthik Venkatesh,9662702895,Rajesh Raj,2026-08-08 15:21,100,Coimbatore-North,
C02925,9839335290,Karthik Venkatesh,9724238849,Murugan Shetty,2026-08-08 17:27,300,Salem-South,
C02926,9839335290,Karthik Venkatesh,9874064039,Farook Sharma,2026-08-09 17:59,268,Coimbatore-North,
C02927,9839335290,Karthik Venkatesh,9874064039,Farook Sharma,2026-08-10 12:14,234,Madurai-East,
C02928,9839335290,Karthik Venkatesh,9724238849,Murugan Shetty,2026-08-10 09:24,402,Madurai-East,
C02929,9839335290,Karthik Venkatesh,9874064039,Farook Sharma,2026-08-10 19:13,501,Madurai-East,
C02930,9839335290,Karthik Venkatesh,9799371240,Sathish Menon,2026-08-11 10:34,65,Erode-Hub,
C02931,9839335290,Karthik Venkatesh,9799371240,Sathish Menon,2026-08-11 08:05,590,Salem-South,
C02932,9839335290,Karthik Venkatesh,9874064039,Farook Sharma,2026-08-12 11:59,298,Chennai-Central,
C02933,9839335290,Karthik Venkatesh,9662702895,Rajesh Raj,2026-08-12 15:41,384,Chennai-Central,
C02934,9839335290,Karthik Venkatesh,9724238849,Murugan Shetty,2026-08-13 09:29,79,Salem-South,
C02935,9839335290,Karthik Venkatesh,9874064039,Farook Sharma,2026-08-13 15:57,228,Madurai-East,
C02936,9839335290,Karthik Venkatesh,9874064039,Farook Sharma,2026-08-14 10:48,223,Chennai-Central,
C02937,9210205395,Devan Pillai,9159996504,Vijay Venkatesh,2026-08-01 19:18,288,Erode-Hub,
C02938,9210205395,Devan Pillai,9159996504,Vijay Venkatesh,2026-08-01 18:30,89,Trichy-West,
C02939,9210205395,Devan Pillai,9321046963,Dinesh Subramaniam,2026-08-02 22:45,549,Erode-Hub,
C02940,9210205395,Devan Pillai,9321046963,Dinesh Subramaniam,2026-08-03 09:30,567,Madurai-East,
C02941,9210205395,Devan Pillai,9321046963,Dinesh Subramaniam,2026-08-04 10:21,248,Chennai-Central,
C02942,9210205395,Devan Pillai,9506716572,Bharath Pandian,2026-08-05 16:12,176,Trichy-West,
C02943,9210205395,Devan Pillai,9321046963,Dinesh Subramaniam,2026-08-06 08:18,157,Salem-South,
C02944,9210205395,Devan Pillai,9159996504,Vijay Venkatesh,2026-08-06 12:28,473,Erode-Hub,
C02945,9210205395,Devan Pillai,9366752545,Rajesh Murthy,2026-08-06 13:37,458,Trichy-West,
C02946,9210205395,Devan Pillai,9321046963,Dinesh Subramaniam,2026-08-07 18:26,217,Salem-South,
C02947,9210205395,Devan Pillai,9159996504,Vijay Venkatesh,2026-08-08 21:34,467,Salem-South,
C02948,9210205395,Devan Pillai,9366752545,Rajesh Murthy,2026-08-08 14:32,86,Coimbatore-North,
C02949,9210205395,Devan Pillai,9366752545,Rajesh Murthy,2026-08-08 20:48,466,Erode-Hub,
C02950,9210205395,Devan Pillai,9668893734,Senthil Ramaswamy,2026-08-09 08:49,439,Coimbatore-North,
C02951,9210205395,Devan Pillai,9159996504,Vijay Venkatesh,2026-08-10 14:20,421,Madurai-East,
C02952,9210205395,Devan Pillai,9506716572,Bharath Pandian,2026-08-10 11:57,478,Chennai-Central,
C02953,9210205395,Devan Pillai,9855744431,Gopal Krishnan,2026-08-10 20:21,346,Salem-South,
C02954,9210205395,Devan Pillai,9366752545,Rajesh Murthy,2026-08-11 22:34,315,Salem-South,
C02955,9210205395,Devan Pillai,9159996504,Vijay Venkatesh,2026-08-11 09:04,177,Chennai-Central,
C02956,9210205395,Devan Pillai,9506716572,Bharath Pandian,2026-08-12 16:54,331,Madurai-East,
C02957,9210205395,Devan Pillai,9668893734,Senthil Ramaswamy,2026-08-12 19:35,522,Erode-Hub,
C02958,9210205395,Devan Pillai,9366752545,Rajesh Murthy,2026-08-13 08:17,512,Madurai-East,
C02959,9210205395,Devan Pillai,9855744431,Gopal Krishnan,2026-08-13 17:14,336,Chennai-Central,
C02960,9210205395,Devan Pillai,9159996504,Vijay Venkatesh,2026-08-13 11:49,143,Madurai-East,
C02961,9210205395,Devan Pillai,9855744431,Gopal Krishnan,2026-08-14 13:44,228,Trichy-West,
C02962,9681177589,Suresh Patel,9506716572,Bharath Pandian,2026-08-01 07:40,415,Madurai-East,
C02963,9681177589,Suresh Patel,9938677496,Harish Bose,2026-08-02 09:24,357,Coimbatore-North,
C02964,9681177589,Suresh Patel,9506716572,Bharath Pandian,2026-08-03 15:12,113,Erode-Hub,
C02965,9681177589,Suresh Patel,9232858842,Rajesh Krishnan,2026-08-03 09:52,308,Trichy-West,
C02966,9681177589,Suresh Patel,9506716572,Bharath Pandian,2026-08-03 14:26,349,Coimbatore-North,
C02967,9681177589,Suresh Patel,9740748217,Jagan Pillai,2026-08-04 15:53,305,Coimbatore-North,
C02968,9681177589,Suresh Patel,9171822782,Farook Iyer,2026-08-04 15:13,177,Coimbatore-North,
C02969,9681177589,Suresh Patel,9454615679,Ilango Murthy,2026-08-05 13:57,394,Coimbatore-North,
C02970,9681177589,Suresh Patel,9232858842,Rajesh Krishnan,2026-08-05 11:40,52,Erode-Hub,
C02971,9681177589,Suresh Patel,9454615679,Ilango Murthy,2026-08-06 20:58,217,Salem-South,
C02972,9681177589,Suresh Patel,9232858842,Rajesh Krishnan,2026-08-07 10:41,552,Trichy-West,
C02973,9681177589,Suresh Patel,9171822782,Farook Iyer,2026-08-07 18:45,213,Coimbatore-North,
C02974,9681177589,Suresh Patel,9506716572,Bharath Pandian,2026-08-07 14:18,352,Coimbatore-North,
C02975,9681177589,Suresh Patel,9454615679,Ilango Murthy,2026-08-08 21:52,450,Coimbatore-North,
C02976,9681177589,Suresh Patel,9740748217,Jagan Pillai,2026-08-08 16:43,189,Trichy-West,
C02977,9681177589,Suresh Patel,9232858842,Rajesh Krishnan,2026-08-08 11:45,179,Trichy-West,
C02978,9681177589,Suresh Patel,9013267736,Kishore Chandran,2026-08-09 16:11,415,Madurai-East,
C02979,9681177589,Suresh Patel,9740748217,Jagan Pillai,2026-08-09 17:47,424,Erode-Hub,
C02980,9681177589,Suresh Patel,9013267736,Kishore Chandran,2026-08-09 15:59,256,Erode-Hub,
C02981,9681177589,Suresh Patel,9013267736,Kishore Chandran,2026-08-10 15:46,530,Chennai-Central,
C02982,9681177589,Suresh Patel,9013267736,Kishore Chandran,2026-08-11 21:45,115,Chennai-Central,
C02983,9681177589,Suresh Patel,9740748217,Jagan Pillai,2026-08-11 13:05,573,Madurai-East,
C02984,9681177589,Suresh Patel,9740748217,Jagan Pillai,2026-08-12 08:51,176,Trichy-West,
C02985,9681177589,Suresh Patel,9171822782,Farook Iyer,2026-08-13 17:52,67,Coimbatore-North,
C02986,9681177589,Suresh Patel,9013267736,Kishore Chandran,2026-08-14 08:20,448,Salem-South,
C02987,9681177589,Suresh Patel,9454615679,Ilango Murthy,2026-08-14 15:05,174,Madurai-East,
C02988,9681177589,Suresh Patel,9938677496,Harish Bose,2026-08-14 07:28,158,Salem-South,
C02989,9084700766,Vijay Bose,9596966416,Karthik Gowda,2026-08-01 07:24,359,Trichy-West,
C02990,9084700766,Vijay Bose,9516940974,Rahul Singh,2026-08-01 10:47,559,Chennai-Central,
C02991,9084700766,Vijay Bose,9596966416,Karthik Gowda,2026-08-02 22:39,510,Coimbatore-North,
C02992,9084700766,Vijay Bose,9482814893,Kannan Kumar,2026-08-02 15:03,473,Madurai-East,
C02993,9084700766,Vijay Bose,9516940974,Rahul Singh,2026-08-02 12:52,265,Coimbatore-North,
C02994,9084700766,Vijay Bose,9341232812,Sabari Rao,2026-08-03 12:51,373,Coimbatore-North,
C02995,9084700766,Vijay Bose,9596966416,Karthik Gowda,2026-08-03 17:25,305,Erode-Hub,
C02996,9084700766,Vijay Bose,9163287083,Sabari Gowda,2026-08-03 11:53,587,Erode-Hub,
C02997,9084700766,Vijay Bose,9640052427,Deepak Pandian,2026-08-04 14:21,158,Erode-Hub,
C02998,9084700766,Vijay Bose,9163287083,Sabari Gowda,2026-08-04 20:10,24,Trichy-West,
C02999,9084700766,Vijay Bose,9482814893,Kannan Kumar,2026-08-04 13:06,277,Coimbatore-North,
C03000,9084700766,Vijay Bose,9163287083,Sabari Gowda,2026-08-05 17:25,269,Madurai-East,
C03001,9084700766,Vijay Bose,9596966416,Karthik Gowda,2026-08-06 13:54,509,Coimbatore-North,
C03002,9084700766,Vijay Bose,9482814893,Kannan Kumar,2026-08-07 15:21,143,Madurai-East,
C03003,9084700766,Vijay Bose,9596966416,Karthik Gowda,2026-08-07 13:11,108,Erode-Hub,
C03004,9084700766,Vijay Bose,9341232812,Sabari Rao,2026-08-08 16:44,174,Trichy-West,
C03005,9084700766,Vijay Bose,9163287083,Sabari Gowda,2026-08-08 10:38,99,Madurai-East,
C03006,9084700766,Vijay Bose,9341232812,Sabari Rao,2026-08-08 18:17,316,Erode-Hub,
C03007,9084700766,Vijay Bose,9640052427,Deepak Pandian,2026-08-09 21:15,482,Erode-Hub,
C03008,9084700766,Vijay Bose,9482814893,Kannan Kumar,2026-08-10 22:35,366,Erode-Hub,
C03009,9084700766,Vijay Bose,9516940974,Rahul Singh,2026-08-11 09:35,186,Salem-South,
C03010,9084700766,Vijay Bose,9163287083,Sabari Gowda,2026-08-11 22:18,365,Salem-South,
C03011,9084700766,Vijay Bose,9163287083,Sabari Gowda,2026-08-12 10:28,283,Erode-Hub,
C03012,9084700766,Vijay Bose,9596966416,Karthik Gowda,2026-08-12 18:10,448,Madurai-East,
C03013,9084700766,Vijay Bose,9516940974,Rahul Singh,2026-08-12 07:08,531,Salem-South,
C03014,9084700766,Vijay Bose,9163287083,Sabari Gowda,2026-08-13 20:34,423,Coimbatore-North,
C03015,9084700766,Vijay Bose,9341232812,Sabari Rao,2026-08-13 09:32,321,Trichy-West,
C03016,9084700766,Vijay Bose,9640052427,Deepak Pandian,2026-08-13 11:58,124,Chennai-Central,
C03017,9084700766,Vijay Bose,9640052427,Deepak Pandian,2026-08-14 12:12,135,Coimbatore-North,
C03018,9921249985,Deepak Gupta,9149368998,Eswar Singh,2026-08-01 07:50,64,Erode-Hub,
C03019,9921249985,Deepak Gupta,9479627570,Lokesh Verma,2026-08-01 11:58,153,Trichy-West,
C03020,9921249985,Deepak Gupta,9454615679,Ilango Murthy,2026-08-02 14:56,115,Madurai-East,
C03021,9921249985,Deepak Gupta,9479627570,Lokesh Verma,2026-08-02 15:44,413,Coimbatore-North,
C03022,9921249985,Deepak Gupta,9454615679,Ilango Murthy,2026-08-02 10:28,62,Trichy-West,
C03023,9921249985,Deepak Gupta,9839301031,Rahul Das,2026-08-03 15:17,446,Trichy-West,
C03024,9921249985,Deepak Gupta,9180170462,Gopal Natarajan,2026-08-04 14:54,476,Chennai-Central,
C03025,9921249985,Deepak Gupta,9839301031,Rahul Das,2026-08-04 22:48,502,Salem-South,
C03026,9921249985,Deepak Gupta,9180170462,Gopal Natarajan,2026-08-04 11:39,262,Chennai-Central,
C03027,9921249985,Deepak Gupta,9149368998,Eswar Singh,2026-08-05 20:32,289,Coimbatore-North,
C03028,9921249985,Deepak Gupta,9479627570,Lokesh Verma,2026-08-06 20:33,122,Trichy-West,
C03029,9921249985,Deepak Gupta,9149368998,Eswar Singh,2026-08-06 11:07,353,Chennai-Central,
C03030,9921249985,Deepak Gupta,9149368998,Eswar Singh,2026-08-07 20:56,250,Coimbatore-North,
C03031,9921249985,Deepak Gupta,9839301031,Rahul Das,2026-08-08 20:12,96,Coimbatore-North,
C03032,9921249985,Deepak Gupta,9180170462,Gopal Natarajan,2026-08-08 17:18,540,Trichy-West,
C03033,9921249985,Deepak Gupta,9479627570,Lokesh Verma,2026-08-08 17:59,346,Trichy-West,
C03034,9921249985,Deepak Gupta,9454615679,Ilango Murthy,2026-08-09 14:37,411,Erode-Hub,
C03035,9921249985,Deepak Gupta,9180170462,Gopal Natarajan,2026-08-09 18:20,205,Salem-South,
C03036,9921249985,Deepak Gupta,9479627570,Lokesh Verma,2026-08-09 13:37,126,Chennai-Central,
C03037,9921249985,Deepak Gupta,9149368998,Eswar Singh,2026-08-10 08:33,358,Salem-South,
C03038,9921249985,Deepak Gupta,9149368998,Eswar Singh,2026-08-10 17:20,282,Salem-South,
C03039,9921249985,Deepak Gupta,9479627570,Lokesh Verma,2026-08-11 07:22,348,Coimbatore-North,
C03040,9921249985,Deepak Gupta,9454615679,Ilango Murthy,2026-08-12 20:18,584,Coimbatore-North,
C03041,9921249985,Deepak Gupta,9839301031,Rahul Das,2026-08-12 19:49,438,Trichy-West,
C03042,9921249985,Deepak Gupta,9454615679,Ilango Murthy,2026-08-13 10:33,354,Salem-South,
C03043,9921249985,Deepak Gupta,9454615679,Ilango Murthy,2026-08-14 08:09,41,Madurai-East,
C03044,9921249985,Deepak Gupta,9149368998,Eswar Singh,2026-08-14 09:09,371,Trichy-West,
C03045,9921249985,Deepak Gupta,9479627570,Lokesh Verma,2026-08-14 17:21,369,Chennai-Central,
C03046,9611836736,Bharath Bose,9899642353,Rahul Pillai,2026-08-01 13:28,416,Madurai-East,
C03047,9611836736,Bharath Bose,9479627570,Lokesh Verma,2026-08-01 10:29,302,Trichy-West,
C03048,9611836736,Bharath Bose,9479627570,Lokesh Verma,2026-08-01 09:32,115,Chennai-Central,
C03049,9611836736,Bharath Bose,9899642353,Rahul Pillai,2026-08-02 14:34,474,Salem-South,
C03050,9611836736,Bharath Bose,9479627570,Lokesh Verma,2026-08-03 12:29,160,Erode-Hub,
C03051,9611836736,Bharath Bose,9899642353,Rahul Pillai,2026-08-04 09:12,405,Trichy-West,
C03052,9611836736,Bharath Bose,9516122753,Raja Murthy,2026-08-05 07:31,253,Salem-South,
C03053,9611836736,Bharath Bose,9899642353,Rahul Pillai,2026-08-05 15:51,109,Coimbatore-North,
C03054,9611836736,Bharath Bose,9479627570,Lokesh Verma,2026-08-05 15:54,278,Chennai-Central,
C03055,9611836736,Bharath Bose,9899642353,Rahul Pillai,2026-08-06 08:14,517,Salem-South,
C03056,9611836736,Bharath Bose,9516122753,Raja Murthy,2026-08-07 16:26,261,Chennai-Central,
C03057,9611836736,Bharath Bose,9479627570,Lokesh Verma,2026-08-07 22:16,365,Chennai-Central,
C03058,9611836736,Bharath Bose,9479627570,Lokesh Verma,2026-08-08 15:44,477,Chennai-Central,
C03059,9611836736,Bharath Bose,9516122753,Raja Murthy,2026-08-08 07:51,57,Chennai-Central,
C03060,9611836736,Bharath Bose,9899642353,Rahul Pillai,2026-08-08 19:50,500,Madurai-East,
C03061,9611836736,Bharath Bose,9466183982,Elango Kumar,2026-08-09 21:11,559,Madurai-East,
C03062,9611836736,Bharath Bose,9516122753,Raja Murthy,2026-08-09 19:17,327,Madurai-East,
C03063,9611836736,Bharath Bose,9479627570,Lokesh Verma,2026-08-10 14:20,576,Coimbatore-North,
C03064,9611836736,Bharath Bose,9466183982,Elango Kumar,2026-08-10 17:47,182,Chennai-Central,
C03065,9611836736,Bharath Bose,9466183982,Elango Kumar,2026-08-11 17:44,587,Coimbatore-North,
C03066,9611836736,Bharath Bose,9466183982,Elango Kumar,2026-08-12 15:35,135,Coimbatore-North,
C03067,9611836736,Bharath Bose,9479627570,Lokesh Verma,2026-08-12 17:05,541,Erode-Hub,
C03068,9611836736,Bharath Bose,9466183982,Elango Kumar,2026-08-12 19:09,150,Salem-South,
C03069,9611836736,Bharath Bose,9466183982,Elango Kumar,2026-08-13 14:03,274,Salem-South,
C03070,9611836736,Bharath Bose,9516122753,Raja Murthy,2026-08-13 22:28,292,Chennai-Central,
C03071,9611836736,Bharath Bose,9479627570,Lokesh Verma,2026-08-14 07:43,284,Erode-Hub,
C03072,9611836736,Bharath Bose,9479627570,Lokesh Verma,2026-08-14 21:01,250,Chennai-Central,
C03073,9611836736,Bharath Bose,9466183982,Elango Kumar,2026-08-14 12:17,130,Trichy-West,
C03074,9156545271,Selvam Balakrishnan,9056856624,Eswar Raj,2026-08-01 09:34,484,Chennai-Central,
C03075,9156545271,Selvam Balakrishnan,9516136968,Ilango Subramaniam,2026-08-01 14:26,167,Madurai-East,
C03076,9156545271,Selvam Balakrishnan,9855744431,Gopal Krishnan,2026-08-02 13:07,337,Coimbatore-North,
C03077,9156545271,Selvam Balakrishnan,9842199330,Dinesh Achari,2026-08-02 19:45,548,Salem-South,
C03078,9156545271,Selvam Balakrishnan,9678669125,Karthik Verma,2026-08-03 18:45,328,Salem-South,
C03079,9156545271,Selvam Balakrishnan,9842199330,Dinesh Achari,2026-08-03 16:44,171,Madurai-East,
C03080,9156545271,Selvam Balakrishnan,9056856624,Eswar Raj,2026-08-03 12:15,264,Salem-South,
C03081,9156545271,Selvam Balakrishnan,9163287083,Sabari Gowda,2026-08-04 17:48,55,Madurai-East,
C03082,9156545271,Selvam Balakrishnan,9678669125,Karthik Verma,2026-08-04 11:28,245,Trichy-West,
C03083,9156545271,Selvam Balakrishnan,9799650752,Anand Ramaswamy,2026-08-04 17:41,82,Trichy-West,
C03084,9156545271,Selvam Balakrishnan,9163287083,Sabari Gowda,2026-08-05 20:58,464,Erode-Hub,
C03085,9156545271,Selvam Balakrishnan,9855744431,Gopal Krishnan,2026-08-06 21:48,258,Coimbatore-North,
C03086,9156545271,Selvam Balakrishnan,9056856624,Eswar Raj,2026-08-07 18:06,326,Erode-Hub,
C03087,9156545271,Selvam Balakrishnan,9163287083,Sabari Gowda,2026-08-07 16:38,483,Salem-South,
C03088,9156545271,Selvam Balakrishnan,9799650752,Anand Ramaswamy,2026-08-08 17:39,157,Coimbatore-North,
C03089,9156545271,Selvam Balakrishnan,9842199330,Dinesh Achari,2026-08-09 12:01,46,Trichy-West,
C03090,9156545271,Selvam Balakrishnan,9842199330,Dinesh Achari,2026-08-09 21:47,541,Coimbatore-North,
C03091,9156545271,Selvam Balakrishnan,9842199330,Dinesh Achari,2026-08-09 08:21,594,Madurai-East,
C03092,9156545271,Selvam Balakrishnan,9678669125,Karthik Verma,2026-08-10 07:03,67,Trichy-West,
C03093,9156545271,Selvam Balakrishnan,9056856624,Eswar Raj,2026-08-11 13:01,321,Chennai-Central,
C03094,9156545271,Selvam Balakrishnan,9516136968,Ilango Subramaniam,2026-08-12 20:12,189,Trichy-West,
C03095,9156545271,Selvam Balakrishnan,9678669125,Karthik Verma,2026-08-12 12:57,517,Coimbatore-North,
C03096,9156545271,Selvam Balakrishnan,9056856624,Eswar Raj,2026-08-12 11:33,93,Salem-South,
C03097,9156545271,Selvam Balakrishnan,9163287083,Sabari Gowda,2026-08-13 20:35,47,Madurai-East,
C03098,9156545271,Selvam Balakrishnan,9678669125,Karthik Verma,2026-08-13 12:36,90,Madurai-East,
C03099,9156545271,Selvam Balakrishnan,9855744431,Gopal Krishnan,2026-08-14 10:34,494,Chennai-Central,
C03100,9528098851,Raja Reddy,9867533963,Eswar Ramaswamy,2026-08-01 15:09,496,Chennai-Central,
C03101,9528098851,Raja Reddy,9997700886,Hari Sharma,2026-08-02 22:08,246,Salem-South,
C03102,9528098851,Raja Reddy,9839301031,Rahul Das,2026-08-02 17:58,247,Coimbatore-North,
C03103,9528098851,Raja Reddy,9997700886,Hari Sharma,2026-08-02 12:25,447,Salem-South,
C03104,9528098851,Raja Reddy,9770143634,Nithin Raj,2026-08-03 10:21,283,Trichy-West,
C03105,9528098851,Raja Reddy,9867533963,Eswar Ramaswamy,2026-08-03 21:53,289,Madurai-East,
C03106,9528098851,Raja Reddy,9839301031,Rahul Das,2026-08-03 14:32,141,Salem-South,
C03107,9528098851,Raja Reddy,9997700886,Hari Sharma,2026-08-04 08:44,65,Chennai-Central,
C03108,9528098851,Raja Reddy,9997700886,Hari Sharma,2026-08-04 19:55,501,Salem-South,
C03109,9528098851,Raja Reddy,9867533963,Eswar Ramaswamy,2026-08-04 09:56,556,Trichy-West,
C03110,9528098851,Raja Reddy,9770143634,Nithin Raj,2026-08-05 09:32,164,Trichy-West,
C03111,9528098851,Raja Reddy,9770143634,Nithin Raj,2026-08-05 17:31,385,Trichy-West,
C03112,9528098851,Raja Reddy,9839301031,Rahul Das,2026-08-05 14:51,277,Salem-South,
C03113,9528098851,Raja Reddy,9867533963,Eswar Ramaswamy,2026-08-06 14:15,205,Madurai-East,
C03114,9528098851,Raja Reddy,9770143634,Nithin Raj,2026-08-06 14:51,477,Trichy-West,
C03115,9528098851,Raja Reddy,9867533963,Eswar Ramaswamy,2026-08-06 20:48,122,Madurai-East,
C03116,9528098851,Raja Reddy,9770143634,Nithin Raj,2026-08-07 21:58,333,Erode-Hub,
C03117,9528098851,Raja Reddy,9997700886,Hari Sharma,2026-08-07 09:29,441,Coimbatore-North,
C03118,9528098851,Raja Reddy,9997700886,Hari Sharma,2026-08-07 22:04,265,Coimbatore-North,
C03119,9528098851,Raja Reddy,9997700886,Hari Sharma,2026-08-08 17:03,394,Trichy-West,
C03120,9528098851,Raja Reddy,9770143634,Nithin Raj,2026-08-08 12:07,322,Salem-South,
C03121,9528098851,Raja Reddy,9770143634,Nithin Raj,2026-08-08 17:08,257,Erode-Hub,
C03122,9528098851,Raja Reddy,9997700886,Hari Sharma,2026-08-09 15:43,209,Madurai-East,
C03123,9528098851,Raja Reddy,9770143634,Nithin Raj,2026-08-09 19:03,157,Salem-South,
C03124,9528098851,Raja Reddy,9997700886,Hari Sharma,2026-08-10 07:08,445,Chennai-Central,
C03125,9528098851,Raja Reddy,9839301031,Rahul Das,2026-08-10 08:05,292,Trichy-West,
C03126,9528098851,Raja Reddy,9997700886,Hari Sharma,2026-08-10 16:50,122,Madurai-East,
C03127,9528098851,Raja Reddy,9997700886,Hari Sharma,2026-08-11 07:08,579,Erode-Hub,
C03128,9528098851,Raja Reddy,9839301031,Rahul Das,2026-08-12 21:19,162,Salem-South,
C03129,9528098851,Raja Reddy,9839301031,Rahul Das,2026-08-12 07:46,421,Chennai-Central,
C03130,9528098851,Raja Reddy,9867533963,Eswar Ramaswamy,2026-08-13 10:31,455,Erode-Hub,
C03131,9528098851,Raja Reddy,9997700886,Hari Sharma,2026-08-14 19:11,263,Madurai-East,
C03132,9528098851,Raja Reddy,9867533963,Eswar Ramaswamy,2026-08-14 15:35,252,Erode-Hub,
C03133,9528098851,Raja Reddy,9997700886,Hari Sharma,2026-08-14 14:12,404,Coimbatore-North,
C03134,9494519832,Pandi Sharma,9067383028,Anand Balakrishnan,2026-08-01 16:05,448,Erode-Hub,
C03135,9494519832,Pandi Sharma,9346578713,Pandi Natarajan,2026-08-01 21:26,386,Salem-South,
C03136,9494519832,Pandi Sharma,9346578713,Pandi Natarajan,2026-08-01 21:35,59,Trichy-West,
C03137,9494519832,Pandi Sharma,9067383028,Anand Balakrishnan,2026-08-02 21:37,566,Erode-Hub,
C03138,9494519832,Pandi Sharma,9346578713,Pandi Natarajan,2026-08-02 20:23,517,Salem-South,
C03139,9494519832,Pandi Sharma,9346578713,Pandi Natarajan,2026-08-03 09:33,324,Salem-South,
C03140,9494519832,Pandi Sharma,9534283644,Farook Bose,2026-08-03 15:32,47,Salem-South,
C03141,9494519832,Pandi Sharma,9534283644,Farook Bose,2026-08-04 19:39,111,Trichy-West,
C03142,9494519832,Pandi Sharma,9534283644,Farook Bose,2026-08-05 18:33,446,Trichy-West,
C03143,9494519832,Pandi Sharma,9534283644,Farook Bose,2026-08-05 20:58,110,Erode-Hub,
C03144,9494519832,Pandi Sharma,9534283644,Farook Bose,2026-08-06 14:10,142,Trichy-West,
C03145,9494519832,Pandi Sharma,9067383028,Anand Balakrishnan,2026-08-06 22:19,254,Coimbatore-North,
C03146,9494519832,Pandi Sharma,9375758441,Ramesh Natarajan,2026-08-07 17:05,330,Salem-South,
C03147,9494519832,Pandi Sharma,9346578713,Pandi Natarajan,2026-08-07 12:05,252,Trichy-West,
C03148,9494519832,Pandi Sharma,9375758441,Ramesh Natarajan,2026-08-07 10:11,290,Trichy-West,
C03149,9494519832,Pandi Sharma,9375758441,Ramesh Natarajan,2026-08-08 12:38,31,Erode-Hub,
C03150,9494519832,Pandi Sharma,9534283644,Farook Bose,2026-08-08 10:31,475,Madurai-East,
C03151,9494519832,Pandi Sharma,9067383028,Anand Balakrishnan,2026-08-08 16:36,108,Coimbatore-North,
C03152,9494519832,Pandi Sharma,9346578713,Pandi Natarajan,2026-08-09 20:08,370,Chennai-Central,
C03153,9494519832,Pandi Sharma,9346578713,Pandi Natarajan,2026-08-09 14:00,287,Trichy-West,
C03154,9494519832,Pandi Sharma,9067383028,Anand Balakrishnan,2026-08-09 19:35,397,Coimbatore-North,
C03155,9494519832,Pandi Sharma,9346578713,Pandi Natarajan,2026-08-10 21:20,361,Coimbatore-North,
C03156,9494519832,Pandi Sharma,9067383028,Anand Balakrishnan,2026-08-10 11:53,335,Trichy-West,
C03157,9494519832,Pandi Sharma,9346578713,Pandi Natarajan,2026-08-10 11:26,107,Salem-South,
C03158,9494519832,Pandi Sharma,9534283644,Farook Bose,2026-08-11 12:22,496,Madurai-East,
C03159,9494519832,Pandi Sharma,9346578713,Pandi Natarajan,2026-08-12 22:01,435,Chennai-Central,
C03160,9494519832,Pandi Sharma,9346578713,Pandi Natarajan,2026-08-12 07:13,70,Madurai-East,
C03161,9494519832,Pandi Sharma,9067383028,Anand Balakrishnan,2026-08-13 19:09,117,Trichy-West,
C03162,9494519832,Pandi Sharma,9067383028,Anand Balakrishnan,2026-08-14 08:09,112,Coimbatore-North,
C03163,9494519832,Pandi Sharma,9375758441,Ramesh Natarajan,2026-08-14 10:08,193,Coimbatore-North,
C03164,9149368998,Eswar Singh,9464887719,Kannan Natarajan,2026-08-01 22:47,482,Madurai-East,
C03165,9149368998,Eswar Singh,9464887719,Kannan Natarajan,2026-08-01 08:44,287,Coimbatore-North,
C03166,9149368998,Eswar Singh,9893246095,Rahul Pandian,2026-08-02 09:19,71,Salem-South,
C03167,9149368998,Eswar Singh,9893246095,Rahul Pandian,2026-08-02 08:48,94,Erode-Hub,
C03168,9149368998,Eswar Singh,9464887719,Kannan Natarajan,2026-08-03 21:43,258,Trichy-West,
C03169,9149368998,Eswar Singh,9893246095,Rahul Pandian,2026-08-03 10:55,393,Coimbatore-North,
C03170,9149368998,Eswar Singh,9654051531,Vikram Pandian,2026-08-04 09:50,450,Trichy-West,
C03171,9149368998,Eswar Singh,9240415747,Thiru Sundaram,2026-08-04 09:41,294,Salem-South,
C03172,9149368998,Eswar Singh,9654051531,Vikram Pandian,2026-08-05 07:06,49,Coimbatore-North,
C03173,9149368998,Eswar Singh,9654051531,Vikram Pandian,2026-08-06 20:22,78,Salem-South,
C03174,9149368998,Eswar Singh,9240415747,Thiru Sundaram,2026-08-07 07:08,250,Salem-South,
C03175,9149368998,Eswar Singh,9240415747,Thiru Sundaram,2026-08-07 15:05,130,Madurai-East,
C03176,9149368998,Eswar Singh,9654051531,Vikram Pandian,2026-08-08 13:18,221,Coimbatore-North,
C03177,9149368998,Eswar Singh,9893246095,Rahul Pandian,2026-08-09 22:01,538,Coimbatore-North,
C03178,9149368998,Eswar Singh,9654051531,Vikram Pandian,2026-08-09 12:29,110,Trichy-West,
C03179,9149368998,Eswar Singh,9464887719,Kannan Natarajan,2026-08-09 19:26,292,Erode-Hub,
C03180,9149368998,Eswar Singh,9240415747,Thiru Sundaram,2026-08-10 18:21,423,Salem-South,
C03181,9149368998,Eswar Singh,9240415747,Thiru Sundaram,2026-08-10 13:52,519,Chennai-Central,
C03182,9149368998,Eswar Singh,9240415747,Thiru Sundaram,2026-08-11 15:53,579,Chennai-Central,
C03183,9149368998,Eswar Singh,9654051531,Vikram Pandian,2026-08-11 10:41,269,Madurai-East,
C03184,9149368998,Eswar Singh,9654051531,Vikram Pandian,2026-08-12 08:41,569,Erode-Hub,
C03185,9149368998,Eswar Singh,9893246095,Rahul Pandian,2026-08-12 10:38,468,Erode-Hub,
C03186,9149368998,Eswar Singh,9654051531,Vikram Pandian,2026-08-12 15:18,390,Chennai-Central,
C03187,9149368998,Eswar Singh,9464887719,Kannan Natarajan,2026-08-13 16:27,451,Madurai-East,
C03188,9149368998,Eswar Singh,9654051531,Vikram Pandian,2026-08-13 08:04,221,Erode-Hub,
C03189,9149368998,Eswar Singh,9464887719,Kannan Natarajan,2026-08-14 20:38,377,Chennai-Central,
C03190,9455022961,Prakash Pillai,9175183046,Mahesh Gupta,2026-08-01 07:30,450,Trichy-West,
C03191,9455022961,Prakash Pillai,9839335290,Karthik Venkatesh,2026-08-01 15:28,130,Trichy-West,
C03192,9455022961,Prakash Pillai,9182992299,Ilango Chandran,2026-08-02 21:43,498,Trichy-West,
C03193,9455022961,Prakash Pillai,9278774701,Ganesh Ramaswamy,2026-08-02 16:50,408,Trichy-West,
C03194,9455022961,Prakash Pillai,9674680715,Naveen Gupta,2026-08-02 19:56,444,Madurai-East,
C03195,9455022961,Prakash Pillai,9674680715,Naveen Gupta,2026-08-03 19:55,410,Erode-Hub,
C03196,9455022961,Prakash Pillai,9175183046,Mahesh Gupta,2026-08-03 12:32,387,Salem-South,
C03197,9455022961,Prakash Pillai,9839335290,Karthik Venkatesh,2026-08-04 17:46,535,Chennai-Central,
C03198,9455022961,Prakash Pillai,9182992299,Ilango Chandran,2026-08-04 16:38,519,Chennai-Central,
C03199,9455022961,Prakash Pillai,9278774701,Ganesh Ramaswamy,2026-08-05 17:47,80,Coimbatore-North,
C03200,9455022961,Prakash Pillai,9674680715,Naveen Gupta,2026-08-05 09:31,358,Madurai-East,
C03201,9455022961,Prakash Pillai,9278774701,Ganesh Ramaswamy,2026-08-05 18:37,338,Madurai-East,
C03202,9455022961,Prakash Pillai,9278774701,Ganesh Ramaswamy,2026-08-06 13:17,188,Madurai-East,
C03203,9455022961,Prakash Pillai,9674680715,Naveen Gupta,2026-08-06 14:07,243,Salem-South,
C03204,9455022961,Prakash Pillai,9175183046,Mahesh Gupta,2026-08-06 17:13,584,Coimbatore-North,
C03205,9455022961,Prakash Pillai,9182992299,Ilango Chandran,2026-08-07 21:14,256,Coimbatore-North,
C03206,9455022961,Prakash Pillai,9182992299,Ilango Chandran,2026-08-08 17:40,339,Erode-Hub,
C03207,9455022961,Prakash Pillai,9839335290,Karthik Venkatesh,2026-08-08 19:47,490,Trichy-West,
C03208,9455022961,Prakash Pillai,9175183046,Mahesh Gupta,2026-08-09 11:23,577,Trichy-West,
C03209,9455022961,Prakash Pillai,9175183046,Mahesh Gupta,2026-08-09 08:46,146,Chennai-Central,
C03210,9455022961,Prakash Pillai,9278774701,Ganesh Ramaswamy,2026-08-10 07:40,156,Madurai-East,
C03211,9455022961,Prakash Pillai,9175183046,Mahesh Gupta,2026-08-11 19:42,501,Erode-Hub,
C03212,9455022961,Prakash Pillai,9278774701,Ganesh Ramaswamy,2026-08-11 19:53,510,Chennai-Central,
C03213,9455022961,Prakash Pillai,9182992299,Ilango Chandran,2026-08-12 07:43,129,Madurai-East,
C03214,9455022961,Prakash Pillai,9278774701,Ganesh Ramaswamy,2026-08-12 17:18,545,Chennai-Central,
C03215,9455022961,Prakash Pillai,9674680715,Naveen Gupta,2026-08-13 11:24,303,Erode-Hub,
C03216,9455022961,Prakash Pillai,9839335290,Karthik Venkatesh,2026-08-13 16:19,388,Chennai-Central,
C03217,9455022961,Prakash Pillai,9839335290,Karthik Venkatesh,2026-08-14 09:00,329,Coimbatore-North,
C03218,9366752545,Rajesh Murthy,9482366299,Kumar Mohan,2026-08-01 08:02,181,Trichy-West,
C03219,9366752545,Rajesh Murthy,9719022941,Karthik Mohan,2026-08-02 14:23,326,Madurai-East,
C03220,9366752545,Rajesh Murthy,9719022941,Karthik Mohan,2026-08-02 12:26,140,Coimbatore-North,
C03221,9366752545,Rajesh Murthy,9952694958,Ravi Gupta,2026-08-02 12:54,20,Chennai-Central,
C03222,9366752545,Rajesh Murthy,9271774490,Jagan Gupta,2026-08-03 16:59,198,Trichy-West,
C03223,9366752545,Rajesh Murthy,9352181883,Rajesh Gupta,2026-08-04 08:29,153,Madurai-East,
C03224,9366752545,Rajesh Murthy,9719022941,Karthik Mohan,2026-08-04 10:32,474,Madurai-East,
C03225,9366752545,Rajesh Murthy,9968562185,Farook Menon,2026-08-05 10:42,209,Coimbatore-North,
C03226,9366752545,Rajesh Murthy,9952694958,Ravi Gupta,2026-08-05 19:35,303,Chennai-Central,
C03227,9366752545,Rajesh Murthy,9352181883,Rajesh Gupta,2026-08-06 11:51,156,Salem-South,
C03228,9366752545,Rajesh Murthy,9719022941,Karthik Mohan,2026-08-06 14:08,182,Chennai-Central,
C03229,9366752545,Rajesh Murthy,9782639821,Arjun Menon,2026-08-07 13:42,561,Coimbatore-North,
C03230,9366752545,Rajesh Murthy,9352181883,Rajesh Gupta,2026-08-07 19:05,485,Erode-Hub,
C03231,9366752545,Rajesh Murthy,9782639821,Arjun Menon,2026-08-07 10:45,289,Madurai-East,
C03232,9366752545,Rajesh Murthy,9271774490,Jagan Gupta,2026-08-08 22:03,455,Trichy-West,
C03233,9366752545,Rajesh Murthy,9352181883,Rajesh Gupta,2026-08-08 16:47,167,Madurai-East,
C03234,9366752545,Rajesh Murthy,9782639821,Arjun Menon,2026-08-09 19:37,189,Madurai-East,
C03235,9366752545,Rajesh Murthy,9952694958,Ravi Gupta,2026-08-10 09:25,438,Salem-South,
C03236,9366752545,Rajesh Murthy,9352181883,Rajesh Gupta,2026-08-10 20:13,123,Madurai-East,
C03237,9366752545,Rajesh Murthy,9782639821,Arjun Menon,2026-08-10 14:08,47,Trichy-West,
C03238,9366752545,Rajesh Murthy,9352181883,Rajesh Gupta,2026-08-11 08:44,131,Chennai-Central,
C03239,9366752545,Rajesh Murthy,9352181883,Rajesh Gupta,2026-08-11 21:02,78,Madurai-East,
C03240,9366752545,Rajesh Murthy,9968562185,Farook Menon,2026-08-12 18:29,134,Madurai-East,
C03241,9366752545,Rajesh Murthy,9352181883,Rajesh Gupta,2026-08-13 17:11,597,Salem-South,
C03242,9366752545,Rajesh Murthy,9719022941,Karthik Mohan,2026-08-14 16:39,470,Coimbatore-North,
C03243,9366752545,Rajesh Murthy,9782639821,Arjun Menon,2026-08-14 16:24,84,Chennai-Central,
C03244,9366752545,Rajesh Murthy,9952694958,Ravi Gupta,2026-08-14 22:34,267,Trichy-West,
C03245,9901476797,Naveen Ramaswamy,9278774701,Ganesh Ramaswamy,2026-08-01 21:18,60,Erode-Hub,
C03246,9901476797,Naveen Ramaswamy,9905151864,Thiru Gupta,2026-08-02 08:04,217,Madurai-East,
C03247,9901476797,Naveen Ramaswamy,9858549733,Prakash Subramaniam,2026-08-03 09:08,505,Salem-South,
C03248,9901476797,Naveen Ramaswamy,9858549733,Prakash Subramaniam,2026-08-03 20:39,230,Trichy-West,
C03249,9901476797,Naveen Ramaswamy,9905151864,Thiru Gupta,2026-08-03 16:32,479,Chennai-Central,
C03250,9901476797,Naveen Ramaswamy,9858549733,Prakash Subramaniam,2026-08-04 16:51,303,Erode-Hub,
C03251,9901476797,Naveen Ramaswamy,9662702895,Rajesh Raj,2026-08-04 13:38,464,Chennai-Central,
C03252,9901476797,Naveen Ramaswamy,9662702895,Rajesh Raj,2026-08-05 21:28,560,Erode-Hub,
C03253,9901476797,Naveen Ramaswamy,9435346247,Kumar Achari,2026-08-06 10:31,308,Erode-Hub,
C03254,9901476797,Naveen Ramaswamy,9278774701,Ganesh Ramaswamy,2026-08-06 12:56,591,Erode-Hub,
C03255,9901476797,Naveen Ramaswamy,9905151864,Thiru Gupta,2026-08-06 21:41,469,Salem-South,
C03256,9901476797,Naveen Ramaswamy,9278774701,Ganesh Ramaswamy,2026-08-07 11:51,487,Coimbatore-North,
C03257,9901476797,Naveen Ramaswamy,9858549733,Prakash Subramaniam,2026-08-07 09:12,180,Salem-South,
C03258,9901476797,Naveen Ramaswamy,9858549733,Prakash Subramaniam,2026-08-08 14:57,316,Chennai-Central,
C03259,9901476797,Naveen Ramaswamy,9905151864,Thiru Gupta,2026-08-08 07:59,180,Trichy-West,
C03260,9901476797,Naveen Ramaswamy,9858549733,Prakash Subramaniam,2026-08-08 12:01,399,Chennai-Central,
C03261,9901476797,Naveen Ramaswamy,9905151864,Thiru Gupta,2026-08-09 15:16,478,Trichy-West,
C03262,9901476797,Naveen Ramaswamy,9435346247,Kumar Achari,2026-08-09 14:02,366,Trichy-West,
C03263,9901476797,Naveen Ramaswamy,9858549733,Prakash Subramaniam,2026-08-09 11:46,50,Chennai-Central,
C03264,9901476797,Naveen Ramaswamy,9858549733,Prakash Subramaniam,2026-08-10 09:25,92,Coimbatore-North,
C03265,9901476797,Naveen Ramaswamy,9278774701,Ganesh Ramaswamy,2026-08-10 18:38,353,Chennai-Central,
C03266,9901476797,Naveen Ramaswamy,9662702895,Rajesh Raj,2026-08-10 09:30,397,Trichy-West,
C03267,9901476797,Naveen Ramaswamy,9278774701,Ganesh Ramaswamy,2026-08-11 13:35,391,Madurai-East,
C03268,9901476797,Naveen Ramaswamy,9858549733,Prakash Subramaniam,2026-08-11 07:42,34,Coimbatore-North,
C03269,9901476797,Naveen Ramaswamy,9278774701,Ganesh Ramaswamy,2026-08-11 21:58,465,Salem-South,
C03270,9901476797,Naveen Ramaswamy,9435346247,Kumar Achari,2026-08-12 22:38,147,Erode-Hub,
C03271,9901476797,Naveen Ramaswamy,9435346247,Kumar Achari,2026-08-12 16:15,402,Erode-Hub,
C03272,9901476797,Naveen Ramaswamy,9435346247,Kumar Achari,2026-08-13 18:21,133,Coimbatore-North,
C03273,9901476797,Naveen Ramaswamy,9278774701,Ganesh Ramaswamy,2026-08-13 10:22,425,Trichy-West,
C03274,9901476797,Naveen Ramaswamy,9905151864,Thiru Gupta,2026-08-13 07:45,243,Erode-Hub,
C03275,9901476797,Naveen Ramaswamy,9905151864,Thiru Gupta,2026-08-14 14:21,509,Erode-Hub,
C03276,9156149784,Sabari Murthy,9232858842,Rajesh Krishnan,2026-08-01 22:06,334,Madurai-East,
C03277,9156149784,Sabari Murthy,9232858842,Rajesh Krishnan,2026-08-01 19:44,86,Coimbatore-North,
C03278,9156149784,Sabari Murthy,9348734714,Siva Pillai,2026-08-01 11:48,131,Chennai-Central,
C03279,9156149784,Sabari Murthy,9668893734,Senthil Ramaswamy,2026-08-02 10:53,353,Salem-South,
C03280,9156149784,Sabari Murthy,9348734714,Siva Pillai,2026-08-02 16:18,384,Madurai-East,
C03281,9156149784,Sabari Murthy,9801006231,Kishore Sharma,2026-08-03 10:36,366,Madurai-East,
C03282,9156149784,Sabari Murthy,9348734714,Siva Pillai,2026-08-03 16:14,368,Trichy-West,
C03283,9156149784,Sabari Murthy,9454615679,Ilango Murthy,2026-08-04 10:01,529,Coimbatore-North,
C03284,9156149784,Sabari Murthy,9182992299,Ilango Chandran,2026-08-05 12:40,592,Salem-South,
C03285,9156149784,Sabari Murthy,9182992299,Ilango Chandran,2026-08-06 08:44,31,Chennai-Central,
C03286,9156149784,Sabari Murthy,9801006231,Kishore Sharma,2026-08-07 16:08,245,Madurai-East,
C03287,9156149784,Sabari Murthy,9232858842,Rajesh Krishnan,2026-08-08 18:08,35,Salem-South,
C03288,9156149784,Sabari Murthy,9668893734,Senthil Ramaswamy,2026-08-08 22:54,462,Madurai-East,
C03289,9156149784,Sabari Murthy,9668893734,Senthil Ramaswamy,2026-08-09 18:59,476,Madurai-East,
C03290,9156149784,Sabari Murthy,9182992299,Ilango Chandran,2026-08-09 12:53,532,Erode-Hub,
C03291,9156149784,Sabari Murthy,9182992299,Ilango Chandran,2026-08-09 16:35,372,Erode-Hub,
C03292,9156149784,Sabari Murthy,9801006231,Kishore Sharma,2026-08-10 08:18,214,Madurai-East,
C03293,9156149784,Sabari Murthy,9182992299,Ilango Chandran,2026-08-10 08:20,545,Chennai-Central,
C03294,9156149784,Sabari Murthy,9801006231,Kishore Sharma,2026-08-11 19:30,224,Chennai-Central,
C03295,9156149784,Sabari Murthy,9232858842,Rajesh Krishnan,2026-08-12 21:33,110,Erode-Hub,
C03296,9156149784,Sabari Murthy,9668893734,Senthil Ramaswamy,2026-08-12 07:44,448,Trichy-West,
C03297,9156149784,Sabari Murthy,9348734714,Siva Pillai,2026-08-13 21:50,479,Coimbatore-North,
C03298,9156149784,Sabari Murthy,9348734714,Siva Pillai,2026-08-13 12:34,79,Coimbatore-North,
C03299,9156149784,Sabari Murthy,9348734714,Siva Pillai,2026-08-13 08:32,410,Trichy-West,
C03300,9156149784,Sabari Murthy,9232858842,Rajesh Krishnan,2026-08-14 20:30,103,Coimbatore-North,
C03301,9156149784,Sabari Murthy,9348734714,Siva Pillai,2026-08-14 09:41,354,Salem-South,
C03302,9156149784,Sabari Murthy,9668893734,Senthil Ramaswamy,2026-08-14 17:06,438,Trichy-West,
C03303,9034324451,Harish Sharma,9131712748,Eswar Krishnan,2026-08-01 08:01,286,Erode-Hub,
C03304,9034324451,Harish Sharma,9368970283,Ashok Krishnan,2026-08-01 13:11,158,Coimbatore-North,
C03305,9034324451,Harish Sharma,9850142940,Murugan Velu,2026-08-02 16:27,378,Chennai-Central,
C03306,9034324451,Harish Sharma,9056856624,Eswar Raj,2026-08-03 13:54,249,Coimbatore-North,
C03307,9034324451,Harish Sharma,9156149784,Sabari Murthy,2026-08-03 07:36,189,Chennai-Central,
C03308,9034324451,Harish Sharma,9131712748,Eswar Krishnan,2026-08-04 09:09,116,Erode-Hub,
C03309,9034324451,Harish Sharma,9348734714,Siva Pillai,2026-08-04 18:07,177,Trichy-West,
C03310,9034324451,Harish Sharma,9156149784,Sabari Murthy,2026-08-05 14:41,293,Coimbatore-North,
C03311,9034324451,Harish Sharma,9056856624,Eswar Raj,2026-08-05 16:23,320,Chennai-Central,
C03312,9034324451,Harish Sharma,9535841438,Naveen Nair,2026-08-06 08:17,589,Madurai-East,
C03313,9034324451,Harish Sharma,9348734714,Siva Pillai,2026-08-07 13:04,416,Coimbatore-North,
C03314,9034324451,Harish Sharma,9348734714,Siva Pillai,2026-08-08 08:27,179,Trichy-West,
C03315,9034324451,Harish Sharma,9156149784,Sabari Murthy,2026-08-09 14:10,36,Coimbatore-North,
C03316,9034324451,Harish Sharma,9156149784,Sabari Murthy,2026-08-09 20:20,369,Erode-Hub,
C03317,9034324451,Harish Sharma,9156149784,Sabari Murthy,2026-08-10 08:17,158,Chennai-Central,
C03318,9034324451,Harish Sharma,9535841438,Naveen Nair,2026-08-10 16:37,449,Erode-Hub,
C03319,9034324451,Harish Sharma,9056856624,Eswar Raj,2026-08-10 21:54,189,Erode-Hub,
C03320,9034324451,Harish Sharma,9535841438,Naveen Nair,2026-08-11 20:35,70,Madurai-East,
C03321,9034324451,Harish Sharma,9535841438,Naveen Nair,2026-08-12 14:36,241,Trichy-West,
C03322,9034324451,Harish Sharma,9056856624,Eswar Raj,2026-08-13 14:59,465,Coimbatore-North,
C03323,9034324451,Harish Sharma,9850142940,Murugan Velu,2026-08-14 15:25,559,Salem-South,
C03324,9034324451,Harish Sharma,9156149784,Sabari Murthy,2026-08-14 21:14,465,Chennai-Central,
C03325,9683885160,Prakash Patel,9324210249,Sanjay Chandran,2026-08-01 13:17,293,Coimbatore-North,
C03326,9683885160,Prakash Patel,9473829973,Bharath Menon,2026-08-01 16:57,410,Salem-South,
C03327,9683885160,Prakash Patel,9569816934,Pandi Sundaram,2026-08-01 16:34,144,Chennai-Central,
C03328,9683885160,Prakash Patel,9855744431,Gopal Krishnan,2026-08-02 10:09,512,Madurai-East,
C03329,9683885160,Prakash Patel,9527722170,Gopal Chandran,2026-08-02 07:25,242,Chennai-Central,
C03330,9683885160,Prakash Patel,9569816934,Pandi Sundaram,2026-08-03 08:37,243,Chennai-Central,
C03331,9683885160,Prakash Patel,9855744431,Gopal Krishnan,2026-08-04 07:47,231,Trichy-West,
C03332,9683885160,Prakash Patel,9324210249,Sanjay Chandran,2026-08-05 10:12,193,Erode-Hub,
C03333,9683885160,Prakash Patel,9500978820,Suresh Balakrishnan,2026-08-06 08:48,260,Erode-Hub,
C03334,9683885160,Prakash Patel,9899642353,Rahul Pillai,2026-08-06 20:47,63,Coimbatore-North,
C03335,9683885160,Prakash Patel,9527722170,Gopal Chandran,2026-08-07 11:22,354,Madurai-East,
C03336,9683885160,Prakash Patel,9473829973,Bharath Menon,2026-08-07 19:53,254,Erode-Hub,
C03337,9683885160,Prakash Patel,9569816934,Pandi Sundaram,2026-08-08 15:29,422,Coimbatore-North,
C03338,9683885160,Prakash Patel,9473829973,Bharath Menon,2026-08-08 09:02,481,Erode-Hub,
C03339,9683885160,Prakash Patel,9569816934,Pandi Sundaram,2026-08-09 19:53,210,Chennai-Central,
C03340,9683885160,Prakash Patel,9500978820,Suresh Balakrishnan,2026-08-10 07:14,539,Madurai-East,
C03341,9683885160,Prakash Patel,9527722170,Gopal Chandran,2026-08-10 08:36,66,Trichy-West,
C03342,9683885160,Prakash Patel,9899642353,Rahul Pillai,2026-08-10 08:23,216,Coimbatore-North,
C03343,9683885160,Prakash Patel,9500978820,Suresh Balakrishnan,2026-08-11 12:03,168,Coimbatore-North,
C03344,9683885160,Prakash Patel,9324210249,Sanjay Chandran,2026-08-11 14:51,36,Madurai-East,
C03345,9683885160,Prakash Patel,9855744431,Gopal Krishnan,2026-08-12 14:51,459,Madurai-East,
C03346,9683885160,Prakash Patel,9899642353,Rahul Pillai,2026-08-13 12:53,434,Trichy-West,
C03347,9683885160,Prakash Patel,9899642353,Rahul Pillai,2026-08-13 07:38,353,Trichy-West,
C03348,9683885160,Prakash Patel,9855744431,Gopal Krishnan,2026-08-13 17:04,184,Trichy-West,
C03349,9683885160,Prakash Patel,9899642353,Rahul Pillai,2026-08-14 17:56,544,Erode-Hub,
C03350,9596966416,Karthik Gowda,9740748217,Jagan Pillai,2026-08-01 22:21,453,Madurai-East,
C03351,9596966416,Karthik Gowda,9106903311,Pandi Ramaswamy,2026-08-01 15:07,528,Coimbatore-North,
C03352,9596966416,Karthik Gowda,9740748217,Jagan Pillai,2026-08-02 07:33,122,Salem-South,
C03353,9596966416,Karthik Gowda,9139718707,Chandran Subramaniam,2026-08-03 13:26,593,Trichy-West,
C03354,9596966416,Karthik Gowda,9556258815,Kumar Gowda,2026-08-03 10:02,205,Chennai-Central,
C03355,9596966416,Karthik Gowda,9740748217,Jagan Pillai,2026-08-04 20:39,514,Erode-Hub,
C03356,9596966416,Karthik Gowda,9106903311,Pandi Ramaswamy,2026-08-04 17:24,442,Coimbatore-North,
C03357,9596966416,Karthik Gowda,9139718707,Chandran Subramaniam,2026-08-04 18:46,485,Salem-South,
C03358,9596966416,Karthik Gowda,9556258815,Kumar Gowda,2026-08-05 10:23,289,Trichy-West,
C03359,9596966416,Karthik Gowda,9556258815,Kumar Gowda,2026-08-05 07:43,485,Erode-Hub,
C03360,9596966416,Karthik Gowda,9556258815,Kumar Gowda,2026-08-05 20:06,138,Erode-Hub,
C03361,9596966416,Karthik Gowda,9654051531,Vikram Pandian,2026-08-06 18:08,560,Madurai-East,
C03362,9596966416,Karthik Gowda,9740748217,Jagan Pillai,2026-08-06 17:52,587,Erode-Hub,
C03363,9596966416,Karthik Gowda,9654051531,Vikram Pandian,2026-08-07 19:39,409,Erode-Hub,
C03364,9596966416,Karthik Gowda,9106903311,Pandi Ramaswamy,2026-08-07 10:57,21,Madurai-East,
C03365,9596966416,Karthik Gowda,9740748217,Jagan Pillai,2026-08-07 13:51,545,Trichy-West,
C03366,9596966416,Karthik Gowda,9139718707,Chandran Subramaniam,2026-08-08 20:04,593,Trichy-West,
C03367,9596966416,Karthik Gowda,9654051531,Vikram Pandian,2026-08-08 13:12,51,Madurai-East,
C03368,9596966416,Karthik Gowda,9139718707,Chandran Subramaniam,2026-08-09 18:29,192,Madurai-East,
C03369,9596966416,Karthik Gowda,9106903311,Pandi Ramaswamy,2026-08-09 22:17,157,Madurai-East,
C03370,9596966416,Karthik Gowda,9139718707,Chandran Subramaniam,2026-08-09 20:12,569,Erode-Hub,
C03371,9596966416,Karthik Gowda,9654051531,Vikram Pandian,2026-08-10 10:00,141,Trichy-West,
C03372,9596966416,Karthik Gowda,9654051531,Vikram Pandian,2026-08-10 14:01,385,Erode-Hub,
C03373,9596966416,Karthik Gowda,9556258815,Kumar Gowda,2026-08-10 07:21,429,Salem-South,
C03374,9596966416,Karthik Gowda,9106903311,Pandi Ramaswamy,2026-08-11 11:49,342,Chennai-Central,
C03375,9596966416,Karthik Gowda,9654051531,Vikram Pandian,2026-08-11 08:25,319,Trichy-West,
C03376,9596966416,Karthik Gowda,9654051531,Vikram Pandian,2026-08-11 09:35,45,Madurai-East,
C03377,9596966416,Karthik Gowda,9556258815,Kumar Gowda,2026-08-12 20:33,325,Coimbatore-North,
C03378,9596966416,Karthik Gowda,9106903311,Pandi Ramaswamy,2026-08-12 21:17,537,Coimbatore-North,
C03379,9596966416,Karthik Gowda,9139718707,Chandran Subramaniam,2026-08-12 15:50,119,Chennai-Central,
C03380,9596966416,Karthik Gowda,9654051531,Vikram Pandian,2026-08-13 22:38,298,Chennai-Central,
C03381,9596966416,Karthik Gowda,9139718707,Chandran Subramaniam,2026-08-13 21:31,380,Trichy-West,
C03382,9596966416,Karthik Gowda,9106903311,Pandi Ramaswamy,2026-08-13 10:33,511,Coimbatore-North,
C03383,9596966416,Karthik Gowda,9740748217,Jagan Pillai,2026-08-14 17:45,417,Trichy-West,
C03384,9596966416,Karthik Gowda,9740748217,Jagan Pillai,2026-08-14 14:23,523,Erode-Hub,
C03385,9596966416,Karthik Gowda,9139718707,Chandran Subramaniam,2026-08-14 11:47,275,Trichy-West,
C03386,9516136968,Ilango Subramaniam,9407581814,Harish Patel,2026-08-01 12:20,266,Coimbatore-North,
C03387,9516136968,Ilango Subramaniam,9222196937,Selvam Das,2026-08-01 08:19,593,Madurai-East,
C03388,9516136968,Ilango Subramaniam,9222196937,Selvam Das,2026-08-01 12:12,500,Erode-Hub,
C03389,9516136968,Ilango Subramaniam,9407581814,Harish Patel,2026-08-02 21:25,433,Coimbatore-North,
C03390,9516136968,Ilango Subramaniam,9407581814,Harish Patel,2026-08-02 10:58,478,Salem-South,
C03391,9516136968,Ilango Subramaniam,9594078161,Gopal Gowda,2026-08-02 08:35,299,Trichy-West,
C03392,9516136968,Ilango Subramaniam,9594078161,Gopal Gowda,2026-08-03 19:26,208,Chennai-Central,
C03393,9516136968,Ilango Subramaniam,9407581814,Harish Patel,2026-08-04 18:50,525,Madurai-East,
C03394,9516136968,Ilango Subramaniam,9594078161,Gopal Gowda,2026-08-04 10:20,295,Trichy-West,
C03395,9516136968,Ilango Subramaniam,9243292127,Anand Reddy,2026-08-05 16:05,185,Salem-South,
C03396,9516136968,Ilango Subramaniam,9243292127,Anand Reddy,2026-08-05 12:55,275,Chennai-Central,
C03397,9516136968,Ilango Subramaniam,9222196937,Selvam Das,2026-08-05 21:30,287,Erode-Hub,
C03398,9516136968,Ilango Subramaniam,9243292127,Anand Reddy,2026-08-06 16:17,411,Salem-South,
C03399,9516136968,Ilango Subramaniam,9407581814,Harish Patel,2026-08-07 11:44,585,Trichy-West,
C03400,9516136968,Ilango Subramaniam,9594078161,Gopal Gowda,2026-08-08 21:16,573,Trichy-West,
C03401,9516136968,Ilango Subramaniam,9243292127,Anand Reddy,2026-08-09 10:52,398,Salem-South,
C03402,9516136968,Ilango Subramaniam,9222196937,Selvam Das,2026-08-09 12:15,336,Erode-Hub,
C03403,9516136968,Ilango Subramaniam,9222196937,Selvam Das,2026-08-09 07:13,351,Coimbatore-North,
C03404,9516136968,Ilango Subramaniam,9594078161,Gopal Gowda,2026-08-10 14:57,447,Chennai-Central,
C03405,9516136968,Ilango Subramaniam,9594078161,Gopal Gowda,2026-08-10 12:19,360,Madurai-East,
C03406,9516136968,Ilango Subramaniam,9222196937,Selvam Das,2026-08-10 09:42,186,Coimbatore-North,
C03407,9516136968,Ilango Subramaniam,9407581814,Harish Patel,2026-08-11 12:04,129,Salem-South,
C03408,9516136968,Ilango Subramaniam,9243292127,Anand Reddy,2026-08-11 18:17,277,Trichy-West,
C03409,9516136968,Ilango Subramaniam,9222196937,Selvam Das,2026-08-12 14:46,249,Madurai-East,
C03410,9516136968,Ilango Subramaniam,9243292127,Anand Reddy,2026-08-13 15:33,162,Trichy-West,
C03411,9516136968,Ilango Subramaniam,9222196937,Selvam Das,2026-08-13 22:23,596,Chennai-Central,
C03412,9516136968,Ilango Subramaniam,9243292127,Anand Reddy,2026-08-14 11:16,289,Chennai-Central,
C03413,9352181883,Rajesh Gupta,9808760385,Thiru Mohan,2026-08-01 14:00,510,Salem-South,
C03414,9352181883,Rajesh Gupta,9808760385,Thiru Mohan,2026-08-01 14:36,557,Erode-Hub,
C03415,9352181883,Rajesh Gupta,9375758441,Ramesh Natarajan,2026-08-01 13:48,208,Madurai-East,
C03416,9352181883,Rajesh Gupta,9375758441,Ramesh Natarajan,2026-08-02 22:29,488,Madurai-East,
C03417,9352181883,Rajesh Gupta,9267888610,Ravi Iyer,2026-08-02 20:55,432,Chennai-Central,
C03418,9352181883,Rajesh Gupta,9808760385,Thiru Mohan,2026-08-02 15:30,477,Coimbatore-North,
C03419,9352181883,Rajesh Gupta,9174612004,Ilango Menon,2026-08-03 17:53,292,Salem-South,
C03420,9352181883,Rajesh Gupta,9267888610,Ravi Iyer,2026-08-03 16:14,309,Erode-Hub,
C03421,9352181883,Rajesh Gupta,9375758441,Ramesh Natarajan,2026-08-03 16:59,294,Trichy-West,
C03422,9352181883,Rajesh Gupta,9808760385,Thiru Mohan,2026-08-04 10:45,45,Madurai-East,
C03423,9352181883,Rajesh Gupta,9174612004,Ilango Menon,2026-08-04 09:08,536,Salem-South,
C03424,9352181883,Rajesh Gupta,9174612004,Ilango Menon,2026-08-04 17:31,248,Trichy-West,
C03425,9352181883,Rajesh Gupta,9267888610,Ravi Iyer,2026-08-05 21:02,365,Salem-South,
C03426,9352181883,Rajesh Gupta,9174612004,Ilango Menon,2026-08-05 08:29,51,Trichy-West,
C03427,9352181883,Rajesh Gupta,9375758441,Ramesh Natarajan,2026-08-05 09:15,62,Erode-Hub,
C03428,9352181883,Rajesh Gupta,9375758441,Ramesh Natarajan,2026-08-06 08:17,171,Trichy-West,
C03429,9352181883,Rajesh Gupta,9377889255,Prakash Sharma,2026-08-06 14:39,153,Erode-Hub,
C03430,9352181883,Rajesh Gupta,9808760385,Thiru Mohan,2026-08-07 18:28,348,Trichy-West,
C03431,9352181883,Rajesh Gupta,9267888610,Ravi Iyer,2026-08-07 14:10,366,Chennai-Central,
C03432,9352181883,Rajesh Gupta,9808760385,Thiru Mohan,2026-08-08 09:00,480,Salem-South,
C03433,9352181883,Rajesh Gupta,9375758441,Ramesh Natarajan,2026-08-08 08:31,296,Coimbatore-North,
C03434,9352181883,Rajesh Gupta,9174612004,Ilango Menon,2026-08-08 10:13,268,Trichy-West,
C03435,9352181883,Rajesh Gupta,9267888610,Ravi Iyer,2026-08-09 15:12,412,Madurai-East,
C03436,9352181883,Rajesh Gupta,9174612004,Ilango Menon,2026-08-10 17:21,265,Madurai-East,
C03437,9352181883,Rajesh Gupta,9267888610,Ravi Iyer,2026-08-11 16:33,323,Chennai-Central,
C03438,9352181883,Rajesh Gupta,9375758441,Ramesh Natarajan,2026-08-12 18:02,326,Salem-South,
C03439,9352181883,Rajesh Gupta,9375758441,Ramesh Natarajan,2026-08-12 13:19,239,Erode-Hub,
C03440,9352181883,Rajesh Gupta,9375758441,Ramesh Natarajan,2026-08-13 07:52,502,Erode-Hub,
C03441,9352181883,Rajesh Gupta,9377889255,Prakash Sharma,2026-08-13 16:13,401,Salem-South,
C03442,9352181883,Rajesh Gupta,9174612004,Ilango Menon,2026-08-13 21:42,342,Salem-South,
C03443,9352181883,Rajesh Gupta,9267888610,Ravi Iyer,2026-08-14 17:23,505,Madurai-East,
C03444,9243292127,Anand Reddy,9321046963,Dinesh Subramaniam,2026-08-01 07:06,111,Madurai-East,
C03445,9243292127,Anand Reddy,9323705895,Vijay Reddy,2026-08-01 14:56,25,Erode-Hub,
C03446,9243292127,Anand Reddy,9455022961,Prakash Pillai,2026-08-01 13:25,89,Trichy-West,
C03447,9243292127,Anand Reddy,9935978207,Siva Achari,2026-08-02 15:45,395,Salem-South,
C03448,9243292127,Anand Reddy,9952694958,Ravi Gupta,2026-08-03 19:18,416,Madurai-East,
C03449,9243292127,Anand Reddy,9323705895,Vijay Reddy,2026-08-04 14:39,305,Erode-Hub,
C03450,9243292127,Anand Reddy,9321046963,Dinesh Subramaniam,2026-08-04 19:40,93,Madurai-East,
C03451,9243292127,Anand Reddy,9101666870,Madhavan Venkatesh,2026-08-05 16:38,96,Erode-Hub,
C03452,9243292127,Anand Reddy,9935978207,Siva Achari,2026-08-06 13:26,195,Salem-South,
C03453,9243292127,Anand Reddy,9321046963,Dinesh Subramaniam,2026-08-07 19:41,142,Trichy-West,
C03454,9243292127,Anand Reddy,9047868633,Arun Ramaswamy,2026-08-07 13:35,446,Chennai-Central,
C03455,9243292127,Anand Reddy,9952694958,Ravi Gupta,2026-08-07 09:36,424,Coimbatore-North,
C03456,9243292127,Anand Reddy,9935978207,Siva Achari,2026-08-08 19:27,242,Erode-Hub,
C03457,9243292127,Anand Reddy,9047868633,Arun Ramaswamy,2026-08-08 17:20,539,Coimbatore-North,
C03458,9243292127,Anand Reddy,9323705895,Vijay Reddy,2026-08-08 19:34,97,Trichy-West,
C03459,9243292127,Anand Reddy,9952694958,Ravi Gupta,2026-08-09 17:59,181,Chennai-Central,
C03460,9243292127,Anand Reddy,9455022961,Prakash Pillai,2026-08-10 17:51,379,Salem-South,
C03461,9243292127,Anand Reddy,9952694958,Ravi Gupta,2026-08-11 12:56,141,Madurai-East,
C03462,9243292127,Anand Reddy,9047868633,Arun Ramaswamy,2026-08-11 07:59,459,Erode-Hub,
C03463,9243292127,Anand Reddy,9047868633,Arun Ramaswamy,2026-08-11 17:08,171,Salem-South,
C03464,9243292127,Anand Reddy,9455022961,Prakash Pillai,2026-08-12 16:33,212,Erode-Hub,
C03465,9243292127,Anand Reddy,9952694958,Ravi Gupta,2026-08-12 07:25,320,Coimbatore-North,
C03466,9243292127,Anand Reddy,9321046963,Dinesh Subramaniam,2026-08-12 12:32,499,Trichy-West,
C03467,9243292127,Anand Reddy,9952694958,Ravi Gupta,2026-08-13 10:01,244,Coimbatore-North,
C03468,9243292127,Anand Reddy,9952694958,Ravi Gupta,2026-08-13 19:43,51,Trichy-West,
C03469,9243292127,Anand Reddy,9323705895,Vijay Reddy,2026-08-13 17:12,213,Trichy-West,
C03470,9243292127,Anand Reddy,9101666870,Madhavan Venkatesh,2026-08-14 13:26,364,Salem-South,
C03471,9243292127,Anand Reddy,9047868633,Arun Ramaswamy,2026-08-14 20:43,20,Chennai-Central,
C03472,9243292127,Anand Reddy,9079096690,Unknown,2026-08-13 12:58,51,Coimbatore-North,SUSPICIOUS_BURST
C03473,9243292127,Anand Reddy,9079096690,Unknown,2026-08-13 05:52,26,Coimbatore-North,SUSPICIOUS_BURST
C03474,9243292127,Anand Reddy,9079096690,Unknown,2026-08-13 05:31,57,Coimbatore-North,SUSPICIOUS_BURST
C03475,9243292127,Anand Reddy,9079096690,Unknown,2026-08-13 04:40,9,Chennai-Central,SUSPICIOUS_BURST
C03476,9243292127,Anand Reddy,9079096690,Unknown,2026-08-13 18:28,7,Chennai-Central,SUSPICIOUS_BURST
C03477,9243292127,Anand Reddy,9079096690,Unknown,2026-08-13 04:03,56,Chennai-Central,SUSPICIOUS_BURST
C03478,9243292127,Anand Reddy,9079096690,Unknown,2026-08-13 12:50,15,Chennai-Central,SUSPICIOUS_BURST
C03479,9243292127,Anand Reddy,9079096690,Unknown,2026-08-13 19:51,17,Chennai-Central,SUSPICIOUS_BURST
C03480,9243292127,Anand Reddy,9079096690,Unknown,2026-08-13 21:44,50,Coimbatore-North,SUSPICIOUS_BURST
C03481,9243292127,Anand Reddy,9079096690,Unknown,2026-08-13 05:48,24,Coimbatore-North,SUSPICIOUS_BURST
C03482,9243292127,Anand Reddy,9079096690,Unknown,2026-08-13 15:39,29,Chennai-Central,SUSPICIOUS_BURST
C03483,9243292127,Anand Reddy,9079096690,Unknown,2026-08-13 14:14,11,Chennai-Central,SUSPICIOUS_BURST
C03484,9243292127,Anand Reddy,9079096690,Unknown,2026-08-13 08:33,28,Coimbatore-North,SUSPICIOUS_BURST
C03485,9243292127,Anand Reddy,9079096690,Unknown,2026-08-13 14:31,21,Coimbatore-North,SUSPICIOUS_BURST
C03486,9243292127,Anand Reddy,9079096690,Unknown,2026-08-13 10:53,59,Coimbatore-North,SUSPICIOUS_BURST
C03487,9243292127,Anand Reddy,9079096690,Unknown,2026-08-13 17:48,43,Coimbatore-North,SUSPICIOUS_BURST
C03488,9243292127,Anand Reddy,9079096690,Unknown,2026-08-13 05:12,34,Coimbatore-North,SUSPICIOUS_BURST
C03489,9243292127,Anand Reddy,9079096690,Unknown,2026-08-13 05:47,10,Coimbatore-North,SUSPICIOUS_BURST
C03490,9243292127,Anand Reddy,9079096690,Unknown,2026-08-13 17:10,17,Chennai-Central,SUSPICIOUS_BURST
C03491,9243292127,Anand Reddy,9079096690,Unknown,2026-08-13 04:42,42,Coimbatore-North,SUSPICIOUS_BURST
C03492,9243292127,Anand Reddy,9079096690,Unknown,2026-08-13 13:07,24,Coimbatore-North,SUSPICIOUS_BURST
C03493,9243292127,Anand Reddy,9079096690,Unknown,2026-08-13 20:11,32,Coimbatore-North,SUSPICIOUS_BURST
C03494,9243292127,Anand Reddy,9079096690,Unknown,2026-08-13 06:41,60,Coimbatore-North,SUSPICIOUS_BURST
C03495,9243292127,Anand Reddy,9079096690,Unknown,2026-08-13 22:13,33,Chennai-Central,SUSPICIOUS_BURST
C03496,9243292127,Anand Reddy,9079096690,Unknown,2026-08-13 04:56,21,Coimbatore-North,SUSPICIOUS_BURST
C03497,9243292127,Anand Reddy,9079096690,Unknown,2026-08-13 16:16,39,Chennai-Central,SUSPICIOUS_BURST
C03498,9243292127,Anand Reddy,9079096690,Unknown,2026-08-13 09:55,59,Chennai-Central,SUSPICIOUS_BURST
C03499,9243292127,Anand Reddy,9079096690,Unknown,2026-08-13 19:08,24,Chennai-Central,SUSPICIOUS_BURST
C03500,9243292127,Anand Reddy,9079096690,Unknown,2026-08-13 04:04,25,Coimbatore-North,SUSPICIOUS_BURST
C03501,9243292127,Anand Reddy,9079096690,Unknown,2026-08-13 09:58,35,Chennai-Central,SUSPICIOUS_BURST
C03502,9243292127,Anand Reddy,9079096690,Unknown,2026-08-13 04:35,32,Chennai-Central,SUSPICIOUS_BURST
C03503,9243292127,Anand Reddy,9079096690,Unknown,2026-08-13 15:38,39,Chennai-Central,SUSPICIOUS_BURST
C03504,9243292127,Anand Reddy,9079096690,Unknown,2026-08-13 12:29,23,Coimbatore-North,SUSPICIOUS_BURST
C03505,9243292127,Anand Reddy,9079096690,Unknown,2026-08-13 19:35,32,Coimbatore-North,SUSPICIOUS_BURST
C03506,9243292127,Anand Reddy,9079096690,Unknown,2026-08-13 22:24,14,Chennai-Central,SUSPICIOUS_BURST
C03507,9243292127,Anand Reddy,9079096690,Unknown,2026-08-13 02:35,26,Coimbatore-North,SUSPICIOUS_BURST
C03508,9271774490,Jagan Gupta,9780913431,Jagan Natarajan,2026-08-01 22:47,589,Madurai-East,
C03509,9271774490,Jagan Gupta,9780913431,Jagan Natarajan,2026-08-02 07:13,94,Erode-Hub,
C03510,9271774490,Jagan Gupta,9400499154,Prakash Achari,2026-08-02 22:15,504,Madurai-East,
C03511,9271774490,Jagan Gupta,9780913431,Jagan Natarajan,2026-08-02 15:30,309,Erode-Hub,
C03512,9271774490,Jagan Gupta,9780913431,Jagan Natarajan,2026-08-03 09:39,244,Salem-South,
C03513,9271774490,Jagan Gupta,9987769453,Kishore Pillai,2026-08-04 16:22,149,Madurai-East,
C03514,9271774490,Jagan Gupta,9527722170,Gopal Chandran,2026-08-04 13:47,82,Trichy-West,
C03515,9271774490,Jagan Gupta,9780913431,Jagan Natarajan,2026-08-05 16:06,172,Coimbatore-North,
C03516,9271774490,Jagan Gupta,9780913431,Jagan Natarajan,2026-08-05 11:18,585,Trichy-West,
C03517,9271774490,Jagan Gupta,9527722170,Gopal Chandran,2026-08-06 21:09,296,Coimbatore-North,
C03518,9271774490,Jagan Gupta,9527722170,Gopal Chandran,2026-08-06 17:28,151,Coimbatore-North,
C03519,9271774490,Jagan Gupta,9400499154,Prakash Achari,2026-08-07 13:10,87,Erode-Hub,
C03520,9271774490,Jagan Gupta,9780913431,Jagan Natarajan,2026-08-07 09:44,552,Coimbatore-North,
C03521,9271774490,Jagan Gupta,9780913431,Jagan Natarajan,2026-08-07 12:41,592,Coimbatore-North,
C03522,9271774490,Jagan Gupta,9527722170,Gopal Chandran,2026-08-08 22:18,189,Chennai-Central,
C03523,9271774490,Jagan Gupta,9400499154,Prakash Achari,2026-08-08 20:48,299,Madurai-East,
C03524,9271774490,Jagan Gupta,9400499154,Prakash Achari,2026-08-08 11:51,68,Chennai-Central,
C03525,9271774490,Jagan Gupta,9780913431,Jagan Natarajan,2026-08-09 22:47,254,Coimbatore-North,
C03526,9271774490,Jagan Gupta,9780913431,Jagan Natarajan,2026-08-10 21:24,235,Trichy-West,
C03527,9271774490,Jagan Gupta,9780913431,Jagan Natarajan,2026-08-10 15:33,59,Erode-Hub,
C03528,9271774490,Jagan Gupta,9987769453,Kishore Pillai,2026-08-11 21:27,411,Trichy-West,
C03529,9271774490,Jagan Gupta,9527722170,Gopal Chandran,2026-08-12 09:17,386,Trichy-West,
C03530,9271774490,Jagan Gupta,9987769453,Kishore Pillai,2026-08-13 09:00,600,Trichy-West,
C03531,9271774490,Jagan Gupta,9780913431,Jagan Natarajan,2026-08-13 09:18,70,Madurai-East,
C03532,9271774490,Jagan Gupta,9527722170,Gopal Chandran,2026-08-14 08:41,169,Trichy-West,
C03533,9271774490,Jagan Gupta,9527722170,Gopal Chandran,2026-08-14 14:47,597,Coimbatore-North,
C03534,9271774490,Jagan Gupta,9780913431,Jagan Natarajan,2026-08-14 12:19,210,Salem-South,
C03535,9271774490,Jagan Gupta,9972979262,Unknown,2026-08-12 01:08,58,Chennai-Central,SUSPICIOUS_BURST
C03536,9271774490,Jagan Gupta,9972979262,Unknown,2026-08-12 17:34,5,Coimbatore-North,SUSPICIOUS_BURST
C03537,9271774490,Jagan Gupta,9972979262,Unknown,2026-08-12 12:40,42,Coimbatore-North,SUSPICIOUS_BURST
C03538,9271774490,Jagan Gupta,9972979262,Unknown,2026-08-12 17:56,28,Chennai-Central,SUSPICIOUS_BURST
C03539,9271774490,Jagan Gupta,9972979262,Unknown,2026-08-12 14:04,20,Coimbatore-North,SUSPICIOUS_BURST
C03540,9271774490,Jagan Gupta,9972979262,Unknown,2026-08-12 22:10,29,Coimbatore-North,SUSPICIOUS_BURST
C03541,9271774490,Jagan Gupta,9972979262,Unknown,2026-08-12 05:35,60,Chennai-Central,SUSPICIOUS_BURST
C03542,9271774490,Jagan Gupta,9972979262,Unknown,2026-08-12 03:38,42,Coimbatore-North,SUSPICIOUS_BURST
C03543,9271774490,Jagan Gupta,9972979262,Unknown,2026-08-12 20:48,12,Coimbatore-North,SUSPICIOUS_BURST
C03544,9271774490,Jagan Gupta,9972979262,Unknown,2026-08-12 06:39,9,Chennai-Central,SUSPICIOUS_BURST
C03545,9271774490,Jagan Gupta,9972979262,Unknown,2026-08-12 00:07,16,Chennai-Central,SUSPICIOUS_BURST
C03546,9271774490,Jagan Gupta,9972979262,Unknown,2026-08-12 08:37,9,Chennai-Central,SUSPICIOUS_BURST
C03547,9271774490,Jagan Gupta,9972979262,Unknown,2026-08-12 23:10,33,Coimbatore-North,SUSPICIOUS_BURST
C03548,9271774490,Jagan Gupta,9972979262,Unknown,2026-08-12 20:21,25,Coimbatore-North,SUSPICIOUS_BURST
C03549,9271774490,Jagan Gupta,9972979262,Unknown,2026-08-12 05:01,53,Coimbatore-North,SUSPICIOUS_BURST
C03550,9271774490,Jagan Gupta,9972979262,Unknown,2026-08-12 00:08,23,Chennai-Central,SUSPICIOUS_BURST
C03551,9271774490,Jagan Gupta,9972979262,Unknown,2026-08-12 02:17,15,Coimbatore-North,SUSPICIOUS_BURST
C03552,9271774490,Jagan Gupta,9972979262,Unknown,2026-08-12 17:18,36,Chennai-Central,SUSPICIOUS_BURST
C03553,9271774490,Jagan Gupta,9972979262,Unknown,2026-08-12 00:41,16,Chennai-Central,SUSPICIOUS_BURST
C03554,9271774490,Jagan Gupta,9972979262,Unknown,2026-08-12 22:15,25,Coimbatore-North,SUSPICIOUS_BURST
C03555,9271774490,Jagan Gupta,9972979262,Unknown,2026-08-12 21:39,23,Chennai-Central,SUSPICIOUS_BURST
C03556,9271774490,Jagan Gupta,9972979262,Unknown,2026-08-12 08:47,42,Chennai-Central,SUSPICIOUS_BURST
C03557,9005411998,Kannan Subramaniam,9740344713,Nithin Bose,2026-08-01 15:24,271,Erode-Hub,
C03558,9005411998,Kannan Subramaniam,9013990490,Harish Pillai,2026-08-02 11:24,334,Madurai-East,
C03559,9005411998,Kannan Subramaniam,9084700766,Vijay Bose,2026-08-03 16:44,135,Salem-South,
C03560,9005411998,Kannan Subramaniam,9839335290,Karthik Venkatesh,2026-08-03 15:29,298,Chennai-Central,
C03561,9005411998,Kannan Subramaniam,9848018451,Harish Subramaniam,2026-08-04 08:11,541,Madurai-East,
C03562,9005411998,Kannan Subramaniam,9824771093,Mahesh Pillai,2026-08-05 08:09,547,Chennai-Central,
C03563,9005411998,Kannan Subramaniam,9848018451,Harish Subramaniam,2026-08-05 10:21,166,Salem-South,
C03564,9005411998,Kannan Subramaniam,9839335290,Karthik Venkatesh,2026-08-05 13:37,459,Erode-Hub,
C03565,9005411998,Kannan Subramaniam,9839335290,Karthik Venkatesh,2026-08-06 07:42,29,Coimbatore-North,
C03566,9005411998,Kannan Subramaniam,9240824008,Vijay Singh,2026-08-06 10:15,489,Erode-Hub,
C03567,9005411998,Kannan Subramaniam,9013990490,Harish Pillai,2026-08-07 13:29,488,Salem-South,
C03568,9005411998,Kannan Subramaniam,9839335290,Karthik Venkatesh,2026-08-08 10:10,360,Erode-Hub,
C03569,9005411998,Kannan Subramaniam,9740344713,Nithin Bose,2026-08-08 11:33,200,Trichy-West,
C03570,9005411998,Kannan Subramaniam,9013990490,Harish Pillai,2026-08-09 20:52,99,Salem-South,
C03571,9005411998,Kannan Subramaniam,9824771093,Mahesh Pillai,2026-08-09 09:19,236,Chennai-Central,
C03572,9005411998,Kannan Subramaniam,9839335290,Karthik Venkatesh,2026-08-10 22:55,452,Coimbatore-North,
C03573,9005411998,Kannan Subramaniam,9824771093,Mahesh Pillai,2026-08-10 14:30,267,Salem-South,
C03574,9005411998,Kannan Subramaniam,9084700766,Vijay Bose,2026-08-11 17:17,116,Trichy-West,
C03575,9005411998,Kannan Subramaniam,9848018451,Harish Subramaniam,2026-08-11 21:24,365,Coimbatore-North,
C03576,9005411998,Kannan Subramaniam,9740344713,Nithin Bose,2026-08-11 12:17,411,Erode-Hub,
C03577,9005411998,Kannan Subramaniam,9824771093,Mahesh Pillai,2026-08-12 22:47,470,Erode-Hub,
C03578,9005411998,Kannan Subramaniam,9848018451,Harish Subramaniam,2026-08-12 12:50,479,Trichy-West,
C03579,9005411998,Kannan Subramaniam,9240824008,Vijay Singh,2026-08-12 09:26,537,Salem-South,
C03580,9005411998,Kannan Subramaniam,9240824008,Vijay Singh,2026-08-13 07:11,226,Salem-South,
C03581,9005411998,Kannan Subramaniam,9824771093,Mahesh Pillai,2026-08-13 15:00,76,Trichy-West,
C03582,9005411998,Kannan Subramaniam,9084700766,Vijay Bose,2026-08-13 20:13,381,Trichy-West,
C03583,9005411998,Kannan Subramaniam,9013990490,Harish Pillai,2026-08-14 08:15,510,Erode-Hub,
C03584,9005411998,Kannan Subramaniam,9824771093,Mahesh Pillai,2026-08-14 18:04,269,Trichy-West,
C03585,9005411998,Kannan Subramaniam,9848018451,Harish Subramaniam,2026-08-14 11:28,212,Trichy-West,
C03586,9935978207,Siva Achari,9034131647,Omkar Iyer,2026-08-01 21:51,148,Trichy-West,
C03587,9935978207,Siva Achari,9163287083,Sabari Gowda,2026-08-02 07:14,220,Trichy-West,
C03588,9935978207,Siva Achari,9210205395,Devan Pillai,2026-08-02 10:00,76,Salem-South,
C03589,9935978207,Siva Achari,9210205395,Devan Pillai,2026-08-02 11:46,69,Salem-South,
C03590,9935978207,Siva Achari,9683885160,Prakash Patel,2026-08-03 20:24,407,Madurai-East,
C03591,9935978207,Siva Achari,9429671756,Kishore Subramaniam,2026-08-03 19:45,166,Trichy-West,
C03592,9935978207,Siva Achari,9683885160,Prakash Patel,2026-08-03 20:22,134,Salem-South,
C03593,9935978207,Siva Achari,9163287083,Sabari Gowda,2026-08-04 22:51,456,Coimbatore-North,
C03594,9935978207,Siva Achari,9429671756,Kishore Subramaniam,2026-08-05 13:30,554,Trichy-West,
C03595,9935978207,Siva Achari,9210205395,Devan Pillai,2026-08-05 16:53,353,Salem-South,
C03596,9935978207,Siva Achari,9034131647,Omkar Iyer,2026-08-06 18:19,303,Coimbatore-North,
C03597,9935978207,Siva Achari,9210205395,Devan Pillai,2026-08-06 17:08,239,Erode-Hub,
C03598,9935978207,Siva Achari,9163287083,Sabari Gowda,2026-08-06 09:11,310,Coimbatore-North,
C03599,9935978207,Siva Achari,9429671756,Kishore Subramaniam,2026-08-07 09:00,403,Erode-Hub,
C03600,9935978207,Siva Achari,9683885160,Prakash Patel,2026-08-07 22:02,442,Salem-South,
C03601,9935978207,Siva Achari,9210205395,Devan Pillai,2026-08-07 21:05,113,Erode-Hub,
C03602,9935978207,Siva Achari,9683885160,Prakash Patel,2026-08-08 14:54,245,Salem-South,
C03603,9935978207,Siva Achari,9683885160,Prakash Patel,2026-08-08 12:35,203,Erode-Hub,
C03604,9935978207,Siva Achari,9210205395,Devan Pillai,2026-08-09 19:50,38,Coimbatore-North,
C03605,9935978207,Siva Achari,9683885160,Prakash Patel,2026-08-09 17:31,295,Erode-Hub,
C03606,9935978207,Siva Achari,9683885160,Prakash Patel,2026-08-09 18:48,374,Chennai-Central,
C03607,9935978207,Siva Achari,9163287083,Sabari Gowda,2026-08-10 19:22,521,Madurai-East,
C03608,9935978207,Siva Achari,9034131647,Omkar Iyer,2026-08-10 13:47,162,Trichy-West,
C03609,9935978207,Siva Achari,9210205395,Devan Pillai,2026-08-10 16:03,470,Madurai-East,
C03610,9935978207,Siva Achari,9429671756,Kishore Subramaniam,2026-08-11 19:22,356,Erode-Hub,
C03611,9935978207,Siva Achari,9163287083,Sabari Gowda,2026-08-11 18:32,564,Madurai-East,
C03612,9935978207,Siva Achari,9034131647,Omkar Iyer,2026-08-11 11:48,399,Salem-South,
C03613,9935978207,Siva Achari,9683885160,Prakash Patel,2026-08-12 11:47,229,Chennai-Central,
C03614,9935978207,Siva Achari,9163287083,Sabari Gowda,2026-08-12 08:56,495,Madurai-East,
C03615,9935978207,Siva Achari,9210205395,Devan Pillai,2026-08-12 12:11,434,Chennai-Central,
C03616,9935978207,Siva Achari,9429671756,Kishore Subramaniam,2026-08-13 18:23,255,Salem-South,
C03617,9935978207,Siva Achari,9429671756,Kishore Subramaniam,2026-08-14 20:31,331,Salem-South,
C03618,9935978207,Siva Achari,9683885160,Prakash Patel,2026-08-14 09:18,475,Trichy-West,
C03619,9935978207,Siva Achari,9163287083,Sabari Gowda,2026-08-14 12:55,91,Trichy-West,
C03620,9377889255,Prakash Sharma,9314919058,Karthik Das,2026-08-01 22:44,293,Salem-South,
C03621,9377889255,Prakash Sharma,9433036541,Kannan Singh,2026-08-01 21:55,243,Salem-South,
C03622,9377889255,Prakash Sharma,9640909743,Rahul Venkatesh,2026-08-01 19:33,456,Madurai-East,
C03623,9377889255,Prakash Sharma,9433036541,Kannan Singh,2026-08-02 19:32,100,Erode-Hub,
C03624,9377889255,Prakash Sharma,9770143634,Nithin Raj,2026-08-02 07:00,534,Erode-Hub,
C03625,9377889255,Prakash Sharma,9210205395,Devan Pillai,2026-08-02 08:31,489,Madurai-East,
C03626,9377889255,Prakash Sharma,9770143634,Nithin Raj,2026-08-03 22:51,354,Trichy-West,
C03627,9377889255,Prakash Sharma,9770143634,Nithin Raj,2026-08-04 16:15,286,Erode-Hub,
C03628,9377889255,Prakash Sharma,9433036541,Kannan Singh,2026-08-04 09:51,171,Chennai-Central,
C03629,9377889255,Prakash Sharma,9517123685,Rajesh Gowda,2026-08-04 14:30,103,Chennai-Central,
C03630,9377889255,Prakash Sharma,9517123685,Rajesh Gowda,2026-08-05 13:18,545,Madurai-East,
C03631,9377889255,Prakash Sharma,9210205395,Devan Pillai,2026-08-06 13:59,320,Salem-South,
C03632,9377889255,Prakash Sharma,9640909743,Rahul Venkatesh,2026-08-06 12:11,251,Salem-South,
C03633,9377889255,Prakash Sharma,9433036541,Kannan Singh,2026-08-07 12:32,164,Erode-Hub,
C03634,9377889255,Prakash Sharma,9314919058,Karthik Das,2026-08-08 09:34,498,Coimbatore-North,
C03635,9377889255,Prakash Sharma,9210205395,Devan Pillai,2026-08-09 11:52,269,Erode-Hub,
C03636,9377889255,Prakash Sharma,9640909743,Rahul Venkatesh,2026-08-09 20:16,403,Chennai-Central,
C03637,9377889255,Prakash Sharma,9640909743,Rahul Venkatesh,2026-08-10 13:41,167,Chennai-Central,
C03638,9377889255,Prakash Sharma,9210205395,Devan Pillai,2026-08-10 09:03,387,Salem-South,
C03639,9377889255,Prakash Sharma,9314919058,Karthik Das,2026-08-10 22:06,370,Trichy-West,
C03640,9377889255,Prakash Sharma,9314919058,Karthik Das,2026-08-11 19:20,140,Chennai-Central,
C03641,9377889255,Prakash Sharma,9210205395,Devan Pillai,2026-08-11 21:43,151,Trichy-West,
C03642,9377889255,Prakash Sharma,9210205395,Devan Pillai,2026-08-11 08:15,69,Madurai-East,
C03643,9377889255,Prakash Sharma,9314919058,Karthik Das,2026-08-12 15:24,87,Salem-South,
C03644,9377889255,Prakash Sharma,9210205395,Devan Pillai,2026-08-12 12:00,115,Erode-Hub,
C03645,9377889255,Prakash Sharma,9640909743,Rahul Venkatesh,2026-08-12 15:48,571,Chennai-Central,
C03646,9377889255,Prakash Sharma,9770143634,Nithin Raj,2026-08-13 09:46,555,Erode-Hub,
C03647,9377889255,Prakash Sharma,9433036541,Kannan Singh,2026-08-14 16:14,538,Salem-South,
C03648,9377889255,Prakash Sharma,9640909743,Rahul Venkatesh,2026-08-14 22:50,307,Salem-South,
C03649,9905151864,Thiru Gupta,9678669125,Karthik Verma,2026-08-01 15:43,407,Salem-South,
C03650,9905151864,Thiru Gupta,9222196937,Selvam Das,2026-08-01 13:29,518,Coimbatore-North,
C03651,9905151864,Thiru Gupta,9678669125,Karthik Verma,2026-08-02 18:04,329,Coimbatore-North,
C03652,9905151864,Thiru Gupta,9222196937,Selvam Das,2026-08-02 19:49,45,Chennai-Central,
C03653,9905151864,Thiru Gupta,9917693676,Anand Raj,2026-08-02 18:52,278,Madurai-East,
C03654,9905151864,Thiru Gupta,9681177589,Suresh Patel,2026-08-03 12:27,540,Erode-Hub,
C03655,9905151864,Thiru Gupta,9429671756,Kishore Subramaniam,2026-08-03 18:41,219,Salem-South,
C03656,9905151864,Thiru Gupta,9740748217,Jagan Pillai,2026-08-04 07:13,233,Erode-Hub,
C03657,9905151864,Thiru Gupta,9917693676,Anand Raj,2026-08-04 10:10,544,Erode-Hub,
C03658,9905151864,Thiru Gupta,9222196937,Selvam Das,2026-08-04 19:55,481,Chennai-Central,
C03659,9905151864,Thiru Gupta,9222196937,Selvam Das,2026-08-05 08:32,446,Salem-South,
C03660,9905151864,Thiru Gupta,9681177589,Suresh Patel,2026-08-05 12:42,577,Salem-South,
C03661,9905151864,Thiru Gupta,9429671756,Kishore Subramaniam,2026-08-06 15:08,267,Salem-South,
C03662,9905151864,Thiru Gupta,9681177589,Suresh Patel,2026-08-06 14:08,487,Madurai-East,
C03663,9905151864,Thiru Gupta,9429671756,Kishore Subramaniam,2026-08-06 21:45,575,Chennai-Central,
C03664,9905151864,Thiru Gupta,9740748217,Jagan Pillai,2026-08-07 20:09,353,Erode-Hub,
C03665,9905151864,Thiru Gupta,9917693676,Anand Raj,2026-08-08 12:50,553,Erode-Hub,
C03666,9905151864,Thiru Gupta,9429671756,Kishore Subramaniam,2026-08-08 17:41,380,Erode-Hub,
C03667,9905151864,Thiru Gupta,9681177589,Suresh Patel,2026-08-09 22:17,495,Erode-Hub,
C03668,9905151864,Thiru Gupta,9681177589,Suresh Patel,2026-08-10 09:23,430,Chennai-Central,
C03669,9905151864,Thiru Gupta,9277901043,Arjun Natarajan,2026-08-11 13:51,475,Chennai-Central,
C03670,9905151864,Thiru Gupta,9740344713,Nithin Bose,2026-08-11 20:47,382,Chennai-Central,
C03671,9905151864,Thiru Gupta,9740748217,Jagan Pillai,2026-08-11 10:43,567,Coimbatore-North,
C03672,9905151864,Thiru Gupta,9277901043,Arjun Natarajan,2026-08-12 07:54,198,Chennai-Central,
C03673,9905151864,Thiru Gupta,9740748217,Jagan Pillai,2026-08-13 17:33,179,Madurai-East,
C03674,9905151864,Thiru Gupta,9740344713,Nithin Bose,2026-08-13 13:21,318,Erode-Hub,
C03675,9905151864,Thiru Gupta,9678669125,Karthik Verma,2026-08-13 08:20,201,Erode-Hub,
C03676,9905151864,Thiru Gupta,9740748217,Jagan Pillai,2026-08-14 16:47,167,Trichy-West,
C03677,9905151864,Thiru Gupta,9277901043,Arjun Natarajan,2026-08-14 17:52,83,Coimbatore-North,
C03678,9254629148,Deepak Das,9139718707,Chandran Subramaniam,2026-08-01 10:32,536,Trichy-West,
C03679,9254629148,Deepak Das,9233749894,Rajesh Chandran,2026-08-01 10:44,236,Trichy-West,
C03680,9254629148,Deepak Das,9233749894,Rajesh Chandran,2026-08-02 20:00,471,Erode-Hub,
C03681,9254629148,Deepak Das,9840862118,Pandi Pillai,2026-08-02 20:32,290,Salem-South,
C03682,9254629148,Deepak Das,9139718707,Chandran Subramaniam,2026-08-03 12:23,325,Chennai-Central,
C03683,9254629148,Deepak Das,9139718707,Chandran Subramaniam,2026-08-03 19:13,164,Erode-Hub,
C03684,9254629148,Deepak Das,9182992299,Ilango Chandran,2026-08-03 14:47,468,Erode-Hub,
C03685,9254629148,Deepak Das,9182992299,Ilango Chandran,2026-08-04 20:23,117,Madurai-East,
C03686,9254629148,Deepak Das,9233749894,Rajesh Chandran,2026-08-04 09:03,492,Trichy-West,
C03687,9254629148,Deepak Das,9840862118,Pandi Pillai,2026-08-04 22:56,480,Salem-South,
C03688,9254629148,Deepak Das,9191088398,Omkar Singh,2026-08-05 07:30,578,Erode-Hub,
C03689,9254629148,Deepak Das,9139718707,Chandran Subramaniam,2026-08-05 09:23,469,Salem-South,
C03690,9254629148,Deepak Das,9182992299,Ilango Chandran,2026-08-06 08:35,345,Erode-Hub,
C03691,9254629148,Deepak Das,9139718707,Chandran Subramaniam,2026-08-06 11:08,267,Trichy-West,
C03692,9254629148,Deepak Das,9139718707,Chandran Subramaniam,2026-08-07 10:11,392,Salem-South,
C03693,9254629148,Deepak Das,9191088398,Omkar Singh,2026-08-08 15:28,269,Coimbatore-North,
C03694,9254629148,Deepak Das,9233749894,Rajesh Chandran,2026-08-09 10:00,346,Coimbatore-North,
C03695,9254629148,Deepak Das,9668893734,Senthil Ramaswamy,2026-08-10 14:07,363,Madurai-East,
C03696,9254629148,Deepak Das,9191088398,Omkar Singh,2026-08-10 14:35,228,Trichy-West,
C03697,9254629148,Deepak Das,9668893734,Senthil Ramaswamy,2026-08-10 07:52,93,Coimbatore-North,
C03698,9254629148,Deepak Das,9466183982,Elango Kumar,2026-08-11 10:06,68,Chennai-Central,
C03699,9254629148,Deepak Das,9191088398,Omkar Singh,2026-08-11 11:29,193,Chennai-Central,
C03700,9254629148,Deepak Das,9466183982,Elango Kumar,2026-08-11 09:28,270,Chennai-Central,
C03701,9254629148,Deepak Das,9668893734,Senthil Ramaswamy,2026-08-12 19:00,478,Salem-South,
C03702,9254629148,Deepak Das,9182992299,Ilango Chandran,2026-08-12 12:32,109,Erode-Hub,
C03703,9254629148,Deepak Das,9191088398,Omkar Singh,2026-08-12 19:10,559,Coimbatore-North,
C03704,9254629148,Deepak Das,9191088398,Omkar Singh,2026-08-13 18:47,335,Coimbatore-North,
C03705,9254629148,Deepak Das,9840862118,Pandi Pillai,2026-08-14 16:53,55,Chennai-Central,
C03706,9254629148,Deepak Das,9233749894,Rajesh Chandran,2026-08-14 07:10,550,Chennai-Central,
C03707,9254629148,Deepak Das,9466183982,Elango Kumar,2026-08-14 14:11,432,Coimbatore-North,
C03708,9816850542,Lokesh Natarajan,9292706537,Ashok Nair,2026-08-01 09:41,499,Coimbatore-North,
C03709,9816850542,Lokesh Natarajan,9240824008,Vijay Singh,2026-08-01 20:00,51,Chennai-Central,
C03710,9816850542,Lokesh Natarajan,9240824008,Vijay Singh,2026-08-01 09:40,130,Erode-Hub,
C03711,9816850542,Lokesh Natarajan,9149368998,Eswar Singh,2026-08-02 19:54,172,Madurai-East,
C03712,9816850542,Lokesh Natarajan,9240824008,Vijay Singh,2026-08-02 13:10,161,Erode-Hub,
C03713,9816850542,Lokesh Natarajan,9292706537,Ashok Nair,2026-08-02 19:47,490,Chennai-Central,
C03714,9816850542,Lokesh Natarajan,9292706537,Ashok Nair,2026-08-03 20:27,193,Madurai-East,
C03715,9816850542,Lokesh Natarajan,9292706537,Ashok Nair,2026-08-04 07:21,162,Salem-South,
C03716,9816850542,Lokesh Natarajan,9801006231,Kishore Sharma,2026-08-04 17:05,573,Trichy-West,
C03717,9816850542,Lokesh Natarajan,9233749894,Rajesh Chandran,2026-08-04 07:02,462,Coimbatore-North,
C03718,9816850542,Lokesh Natarajan,9240824008,Vijay Singh,2026-08-05 18:05,339,Chennai-Central,
C03719,9816850542,Lokesh Natarajan,9149368998,Eswar Singh,2026-08-05 15:39,251,Salem-South,
C03720,9816850542,Lokesh Natarajan,9240824008,Vijay Singh,2026-08-06 19:46,255,Erode-Hub,
C03721,9816850542,Lokesh Natarajan,9233749894,Rajesh Chandran,2026-08-07 22:06,80,Erode-Hub,
C03722,9816850542,Lokesh Natarajan,9292706537,Ashok Nair,2026-08-07 14:23,433,Erode-Hub,
C03723,9816850542,Lokesh Natarajan,9149368998,Eswar Singh,2026-08-07 21:28,239,Madurai-East,
C03724,9816850542,Lokesh Natarajan,9270866882,Vijay Verma,2026-08-08 20:49,452,Trichy-West,
C03725,9816850542,Lokesh Natarajan,9801006231,Kishore Sharma,2026-08-08 10:50,290,Madurai-East,
C03726,9816850542,Lokesh Natarajan,9149368998,Eswar Singh,2026-08-08 16:13,158,Coimbatore-North,
C03727,9816850542,Lokesh Natarajan,9801006231,Kishore Sharma,2026-08-09 17:06,71,Coimbatore-North,
C03728,9816850542,Lokesh Natarajan,9240824008,Vijay Singh,2026-08-10 17:39,189,Salem-South,
C03729,9816850542,Lokesh Natarajan,9801006231,Kishore Sharma,2026-08-10 07:42,248,Chennai-Central,
C03730,9816850542,Lokesh Natarajan,9292706537,Ashok Nair,2026-08-11 21:44,560,Chennai-Central,
C03731,9816850542,Lokesh Natarajan,9233749894,Rajesh Chandran,2026-08-11 17:10,119,Coimbatore-North,
C03732,9816850542,Lokesh Natarajan,9233749894,Rajesh Chandran,2026-08-12 21:55,598,Madurai-East,
C03733,9816850542,Lokesh Natarajan,9292706537,Ashok Nair,2026-08-13 16:10,453,Trichy-West,
C03734,9816850542,Lokesh Natarajan,9233749894,Rajesh Chandran,2026-08-13 17:01,242,Trichy-West,
C03735,9816850542,Lokesh Natarajan,9149368998,Eswar Singh,2026-08-14 19:36,304,Madurai-East,
C03736,9816850542,Lokesh Natarajan,9240824008,Vijay Singh,2026-08-14 20:11,438,Coimbatore-North,
C03737,9816850542,Lokesh Natarajan,9152758929,Unknown,2026-08-10 04:39,34,Coimbatore-North,SUSPICIOUS_BURST
C03738,9816850542,Lokesh Natarajan,9152758929,Unknown,2026-08-10 04:01,13,Chennai-Central,SUSPICIOUS_BURST
C03739,9816850542,Lokesh Natarajan,9152758929,Unknown,2026-08-10 07:53,49,Coimbatore-North,SUSPICIOUS_BURST
C03740,9816850542,Lokesh Natarajan,9152758929,Unknown,2026-08-10 12:51,53,Coimbatore-North,SUSPICIOUS_BURST
C03741,9816850542,Lokesh Natarajan,9152758929,Unknown,2026-08-10 19:47,29,Chennai-Central,SUSPICIOUS_BURST
C03742,9816850542,Lokesh Natarajan,9152758929,Unknown,2026-08-10 11:18,45,Chennai-Central,SUSPICIOUS_BURST
C03743,9816850542,Lokesh Natarajan,9152758929,Unknown,2026-08-10 01:29,31,Coimbatore-North,SUSPICIOUS_BURST
C03744,9816850542,Lokesh Natarajan,9152758929,Unknown,2026-08-10 03:41,20,Chennai-Central,SUSPICIOUS_BURST
C03745,9816850542,Lokesh Natarajan,9152758929,Unknown,2026-08-10 20:32,21,Coimbatore-North,SUSPICIOUS_BURST
C03746,9816850542,Lokesh Natarajan,9152758929,Unknown,2026-08-10 12:39,31,Chennai-Central,SUSPICIOUS_BURST
C03747,9816850542,Lokesh Natarajan,9152758929,Unknown,2026-08-10 08:43,13,Chennai-Central,SUSPICIOUS_BURST
C03748,9816850542,Lokesh Natarajan,9152758929,Unknown,2026-08-10 19:22,59,Coimbatore-North,SUSPICIOUS_BURST
C03749,9816850542,Lokesh Natarajan,9152758929,Unknown,2026-08-10 21:27,48,Coimbatore-North,SUSPICIOUS_BURST
C03750,9816850542,Lokesh Natarajan,9152758929,Unknown,2026-08-10 21:12,41,Coimbatore-North,SUSPICIOUS_BURST
C03751,9816850542,Lokesh Natarajan,9152758929,Unknown,2026-08-10 14:27,33,Chennai-Central,SUSPICIOUS_BURST
C03752,9816850542,Lokesh Natarajan,9152758929,Unknown,2026-08-10 22:16,60,Coimbatore-North,SUSPICIOUS_BURST
C03753,9816850542,Lokesh Natarajan,9152758929,Unknown,2026-08-10 05:07,58,Chennai-Central,SUSPICIOUS_BURST
C03754,9816850542,Lokesh Natarajan,9152758929,Unknown,2026-08-10 00:20,10,Coimbatore-North,SUSPICIOUS_BURST
C03755,9816850542,Lokesh Natarajan,9152758929,Unknown,2026-08-10 12:05,8,Coimbatore-North,SUSPICIOUS_BURST
C03756,9816850542,Lokesh Natarajan,9152758929,Unknown,2026-08-10 03:35,28,Coimbatore-North,SUSPICIOUS_BURST
C03757,9816850542,Lokesh Natarajan,9152758929,Unknown,2026-08-10 10:10,42,Coimbatore-North,SUSPICIOUS_BURST
C03758,9816850542,Lokesh Natarajan,9152758929,Unknown,2026-08-10 15:29,59,Coimbatore-North,SUSPICIOUS_BURST
C03759,9816850542,Lokesh Natarajan,9152758929,Unknown,2026-08-10 23:56,14,Chennai-Central,SUSPICIOUS_BURST
C03760,9816850542,Lokesh Natarajan,9152758929,Unknown,2026-08-10 00:37,46,Coimbatore-North,SUSPICIOUS_BURST
C03761,9816850542,Lokesh Natarajan,9152758929,Unknown,2026-08-10 10:04,29,Chennai-Central,SUSPICIOUS_BURST
C03762,9816850542,Lokesh Natarajan,9152758929,Unknown,2026-08-10 01:47,5,Chennai-Central,SUSPICIOUS_BURST
C03763,9816850542,Lokesh Natarajan,9152758929,Unknown,2026-08-10 16:45,54,Coimbatore-North,SUSPICIOUS_BURST
C03764,9816850542,Lokesh Natarajan,9152758929,Unknown,2026-08-10 23:25,47,Coimbatore-North,SUSPICIOUS_BURST
C03765,9816850542,Lokesh Natarajan,9152758929,Unknown,2026-08-10 04:47,60,Chennai-Central,SUSPICIOUS_BURST
C03766,9816850542,Lokesh Natarajan,9152758929,Unknown,2026-08-10 11:42,27,Coimbatore-North,SUSPICIOUS_BURST
C03767,9816850542,Lokesh Natarajan,9152758929,Unknown,2026-08-10 16:04,24,Coimbatore-North,SUSPICIOUS_BURST
C03768,9816850542,Lokesh Natarajan,9152758929,Unknown,2026-08-10 11:37,29,Coimbatore-North,SUSPICIOUS_BURST
C03769,9816850542,Lokesh Natarajan,9152758929,Unknown,2026-08-10 23:07,23,Chennai-Central,SUSPICIOUS_BURST
C03770,9816850542,Lokesh Natarajan,9152758929,Unknown,2026-08-10 07:36,60,Coimbatore-North,SUSPICIOUS_BURST
C03771,9221418880,Ganesh Menon,9026542351,Gowtham Pillai,2026-08-01 09:21,344,Coimbatore-North,
C03772,9221418880,Ganesh Menon,9912419049,Naveen Bose,2026-08-01 21:03,196,Trichy-West,
C03773,9221418880,Ganesh Menon,9472126464,Dinesh Verma,2026-08-01 13:22,343,Madurai-East,
C03774,9221418880,Ganesh Menon,9938677496,Harish Bose,2026-08-02 21:47,389,Erode-Hub,
C03775,9221418880,Ganesh Menon,9152742054,Dinesh Rao,2026-08-03 19:19,163,Salem-South,
C03776,9221418880,Ganesh Menon,9527722170,Gopal Chandran,2026-08-03 13:16,484,Chennai-Central,
C03777,9221418880,Ganesh Menon,9026542351,Gowtham Pillai,2026-08-03 15:08,131,Erode-Hub,
C03778,9221418880,Ganesh Menon,9152742054,Dinesh Rao,2026-08-04 16:10,61,Madurai-East,
C03779,9221418880,Ganesh Menon,9824493534,Manoj Balakrishnan,2026-08-04 09:23,486,Madurai-East,
C03780,9221418880,Ganesh Menon,9527722170,Gopal Chandran,2026-08-05 18:14,521,Erode-Hub,
C03781,9221418880,Ganesh Menon,9912419049,Naveen Bose,2026-08-05 13:41,503,Madurai-East,
C03782,9221418880,Ganesh Menon,9494519832,Pandi Sharma,2026-08-06 08:24,558,Madurai-East,
C03783,9221418880,Ganesh Menon,9494519832,Pandi Sharma,2026-08-07 11:10,264,Madurai-East,
C03784,9221418880,Ganesh Menon,9152742054,Dinesh Rao,2026-08-07 10:13,101,Madurai-East,
C03785,9221418880,Ganesh Menon,9026542351,Gowtham Pillai,2026-08-07 09:58,484,Madurai-East,
C03786,9221418880,Ganesh Menon,9824493534,Manoj Balakrishnan,2026-08-08 19:30,52,Coimbatore-North,
C03787,9221418880,Ganesh Menon,9912419049,Naveen Bose,2026-08-09 10:12,244,Madurai-East,
C03788,9221418880,Ganesh Menon,9494519832,Pandi Sharma,2026-08-10 22:05,362,Chennai-Central,
C03789,9221418880,Ganesh Menon,9824493534,Manoj Balakrishnan,2026-08-10 18:25,357,Coimbatore-North,
C03790,9221418880,Ganesh Menon,9026542351,Gowtham Pillai,2026-08-11 20:31,399,Coimbatore-North,
C03791,9221418880,Ganesh Menon,9494519832,Pandi Sharma,2026-08-11 08:45,316,Salem-South,
C03792,9221418880,Ganesh Menon,9912419049,Naveen Bose,2026-08-12 07:52,245,Chennai-Central,
C03793,9221418880,Ganesh Menon,9152742054,Dinesh Rao,2026-08-13 18:39,298,Chennai-Central,
C03794,9221418880,Ganesh Menon,9527722170,Gopal Chandran,2026-08-13 09:16,133,Chennai-Central,
C03795,9221418880,Ganesh Menon,9152742054,Dinesh Rao,2026-08-14 17:17,426,Salem-South,
C03796,9221418880,Ganesh Menon,9152742054,Dinesh Rao,2026-08-14 22:10,415,Coimbatore-North,
C03797,9221418880,Ganesh Menon,9527722170,Gopal Chandran,2026-08-14 20:35,21,Trichy-West,
C03798,9292706537,Ashok Nair,9921249985,Deepak Gupta,2026-08-01 07:56,207,Madurai-East,
C03799,9292706537,Ashok Nair,9987769453,Kishore Pillai,2026-08-02 21:46,217,Chennai-Central,
C03800,9292706537,Ashok Nair,9640052427,Deepak Pandian,2026-08-02 15:45,442,Erode-Hub,
C03801,9292706537,Ashok Nair,9921249985,Deepak Gupta,2026-08-03 09:41,425,Coimbatore-North,
C03802,9292706537,Ashok Nair,9921249985,Deepak Gupta,2026-08-03 07:50,542,Chennai-Central,
C03803,9292706537,Ashok Nair,9921249985,Deepak Gupta,2026-08-03 17:52,579,Trichy-West,
C03804,9292706537,Ashok Nair,9659180339,Aravind Gowda,2026-08-04 21:06,600,Chennai-Central,
C03805,9292706537,Ashok Nair,9921249985,Deepak Gupta,2026-08-04 11:40,542,Erode-Hub,
C03806,9292706537,Ashok Nair,9547772522,Eswar Pandian,2026-08-04 13:48,210,Chennai-Central,
C03807,9292706537,Ashok Nair,9659180339,Aravind Gowda,2026-08-05 12:16,345,Coimbatore-North,
C03808,9292706537,Ashok Nair,9375758441,Ramesh Natarajan,2026-08-05 10:22,373,Trichy-West,
C03809,9292706537,Ashok Nair,9921249985,Deepak Gupta,2026-08-06 09:52,234,Coimbatore-North,
C03810,9292706537,Ashok Nair,9659180339,Aravind Gowda,2026-08-06 10:12,468,Coimbatore-North,
C03811,9292706537,Ashok Nair,9547772522,Eswar Pandian,2026-08-07 16:45,95,Trichy-West,
C03812,9292706537,Ashok Nair,9375758441,Ramesh Natarajan,2026-08-08 11:30,316,Madurai-East,
C03813,9292706537,Ashok Nair,9547772522,Eswar Pandian,2026-08-08 09:49,386,Chennai-Central,
C03814,9292706537,Ashok Nair,9921249985,Deepak Gupta,2026-08-09 08:54,270,Coimbatore-North,
C03815,9292706537,Ashok Nair,9232858842,Rajesh Krishnan,2026-08-09 17:11,250,Chennai-Central,
C03816,9292706537,Ashok Nair,9640052427,Deepak Pandian,2026-08-10 22:06,273,Chennai-Central,
C03817,9292706537,Ashok Nair,9232858842,Rajesh Krishnan,2026-08-10 18:49,467,Chennai-Central,
C03818,9292706537,Ashok Nair,9640052427,Deepak Pandian,2026-08-10 18:54,251,Chennai-Central,
C03819,9292706537,Ashok Nair,9987769453,Kishore Pillai,2026-08-11 19:44,556,Salem-South,
C03820,9292706537,Ashok Nair,9375758441,Ramesh Natarajan,2026-08-11 21:43,204,Salem-South,
C03821,9292706537,Ashok Nair,9659180339,Aravind Gowda,2026-08-11 08:22,369,Salem-South,
C03822,9292706537,Ashok Nair,9232858842,Rajesh Krishnan,2026-08-12 22:03,571,Madurai-East,
C03823,9292706537,Ashok Nair,9659180339,Aravind Gowda,2026-08-13 13:25,135,Trichy-West,
C03824,9292706537,Ashok Nair,9375758441,Ramesh Natarajan,2026-08-14 17:12,295,Chennai-Central,
C03825,9292706537,Ashok Nair,9547772522,Eswar Pandian,2026-08-14 17:53,169,Erode-Hub,
C03826,9292706537,Ashok Nair,9640052427,Deepak Pandian,2026-08-14 19:08,427,Erode-Hub,
C03827,9473597746,Devan Menon,9842199330,Dinesh Achari,2026-08-01 12:34,209,Coimbatore-North,
C03828,9473597746,Devan Menon,9341036971,Thiru Verma,2026-08-01 11:21,519,Chennai-Central,
C03829,9473597746,Devan Menon,9556258815,Kumar Gowda,2026-08-02 15:34,290,Trichy-West,
C03830,9473597746,Devan Menon,9556258815,Kumar Gowda,2026-08-02 14:38,582,Madurai-East,
C03831,9473597746,Devan Menon,9842199330,Dinesh Achari,2026-08-02 09:58,228,Madurai-East,
C03832,9473597746,Devan Menon,9556258815,Kumar Gowda,2026-08-03 15:00,433,Trichy-West,
C03833,9473597746,Devan Menon,9842199330,Dinesh Achari,2026-08-03 10:04,485,Chennai-Central,
C03834,9473597746,Devan Menon,9341036971,Thiru Verma,2026-08-04 07:10,194,Chennai-Central,
C03835,9473597746,Devan Menon,9222196937,Selvam Das,2026-08-04 15:43,78,Erode-Hub,
C03836,9473597746,Devan Menon,9341036971,Thiru Verma,2026-08-04 08:00,226,Salem-South,
C03837,9473597746,Devan Menon,9341036971,Thiru Verma,2026-08-05 20:16,347,Chennai-Central,
C03838,9473597746,Devan Menon,9556258815,Kumar Gowda,2026-08-05 14:46,313,Erode-Hub,
C03839,9473597746,Devan Menon,9842199330,Dinesh Achari,2026-08-06 21:43,107,Salem-South,
C03840,9473597746,Devan Menon,9556258815,Kumar Gowda,2026-08-07 18:20,33,Coimbatore-North,
C03841,9473597746,Devan Menon,9842199330,Dinesh Achari,2026-08-08 19:26,538,Coimbatore-North,
C03842,9473597746,Devan Menon,9556258815,Kumar Gowda,2026-08-09 11:37,111,Coimbatore-North,
C03843,9473597746,Devan Menon,9222196937,Selvam Das,2026-08-10 18:14,108,Salem-South,
C03844,9473597746,Devan Menon,9842199330,Dinesh Achari,2026-08-10 18:23,407,Erode-Hub,
C03845,9473597746,Devan Menon,9842199330,Dinesh Achari,2026-08-11 21:01,267,Madurai-East,
C03846,9473597746,Devan Menon,9556258815,Kumar Gowda,2026-08-12 10:45,332,Coimbatore-North,
C03847,9473597746,Devan Menon,9222196937,Selvam Das,2026-08-12 20:43,420,Chennai-Central,
C03848,9473597746,Devan Menon,9556258815,Kumar Gowda,2026-08-13 20:25,470,Coimbatore-North,
C03849,9473597746,Devan Menon,9556258815,Kumar Gowda,2026-08-13 11:07,540,Chennai-Central,
C03850,9473597746,Devan Menon,9842199330,Dinesh Achari,2026-08-13 20:20,326,Coimbatore-North,
C03851,9473597746,Devan Menon,9556258815,Kumar Gowda,2026-08-14 12:57,43,Chennai-Central,
C03852,9473597746,Devan Menon,9556258815,Kumar Gowda,2026-08-14 11:18,343,Trichy-West,
C03853,9473597746,Devan Menon,9842199330,Dinesh Achari,2026-08-14 15:53,336,Madurai-East,
C03854,9407581814,Harish Patel,9139718707,Chandran Subramaniam,2026-08-01 20:52,530,Erode-Hub,
C03855,9407581814,Harish Patel,9770143634,Nithin Raj,2026-08-01 07:57,585,Trichy-West,
C03856,9407581814,Harish Patel,9280598262,Karthik Shetty,2026-08-02 09:40,567,Salem-South,
C03857,9407581814,Harish Patel,9474687234,Arun Mohan,2026-08-02 14:37,233,Salem-South,
C03858,9407581814,Harish Patel,9280598262,Karthik Shetty,2026-08-02 11:06,278,Trichy-West,
C03859,9407581814,Harish Patel,9770143634,Nithin Raj,2026-08-03 18:48,524,Trichy-West,
C03860,9407581814,Harish Patel,9280598262,Karthik Shetty,2026-08-04 14:39,317,Salem-South,
C03861,9407581814,Harish Patel,9683885160,Prakash Patel,2026-08-05 08:09,261,Madurai-East,
C03862,9407581814,Harish Patel,9770143634,Nithin Raj,2026-08-05 12:11,480,Madurai-East,
C03863,9407581814,Harish Patel,9770143634,Nithin Raj,2026-08-06 16:47,474,Coimbatore-North,
C03864,9407581814,Harish Patel,9603669096,Devan Subramaniam,2026-08-07 20:40,202,Salem-South,
C03865,9407581814,Harish Patel,9901476797,Naveen Ramaswamy,2026-08-07 11:25,263,Erode-Hub,
C03866,9407581814,Harish Patel,9770143634,Nithin Raj,2026-08-08 09:22,426,Trichy-West,
C03867,9407581814,Harish Patel,9603669096,Devan Subramaniam,2026-08-08 14:35,144,Trichy-West,
C03868,9407581814,Harish Patel,9770143634,Nithin Raj,2026-08-08 11:06,296,Salem-South,
C03869,9407581814,Harish Patel,9901476797,Naveen Ramaswamy,2026-08-09 08:39,333,Coimbatore-North,
C03870,9407581814,Harish Patel,9901476797,Naveen Ramaswamy,2026-08-09 15:20,247,Coimbatore-North,
C03871,9407581814,Harish Patel,9603669096,Devan Subramaniam,2026-08-09 10:04,404,Coimbatore-North,
C03872,9407581814,Harish Patel,9139718707,Chandran Subramaniam,2026-08-10 09:20,102,Erode-Hub,
C03873,9407581814,Harish Patel,9770143634,Nithin Raj,2026-08-10 13:48,144,Coimbatore-North,
C03874,9407581814,Harish Patel,9603669096,Devan Subramaniam,2026-08-10 19:21,34,Trichy-West,
C03875,9407581814,Harish Patel,9280598262,Karthik Shetty,2026-08-11 07:22,185,Chennai-Central,
C03876,9407581814,Harish Patel,9901476797,Naveen Ramaswamy,2026-08-11 09:09,413,Coimbatore-North,
C03877,9407581814,Harish Patel,9474687234,Arun Mohan,2026-08-11 08:50,433,Erode-Hub,
C03878,9407581814,Harish Patel,9280598262,Karthik Shetty,2026-08-12 22:39,580,Salem-South,
C03879,9407581814,Harish Patel,9770143634,Nithin Raj,2026-08-13 09:50,67,Salem-South,
C03880,9407581814,Harish Patel,9474687234,Arun Mohan,2026-08-13 18:12,320,Chennai-Central,
C03881,9407581814,Harish Patel,9770143634,Nithin Raj,2026-08-14 19:46,259,Madurai-East,
C03882,9407581814,Harish Patel,9603669096,Devan Subramaniam,2026-08-14 20:01,112,Erode-Hub,
C03883,9407581814,Harish Patel,9474687234,Arun Mohan,2026-08-14 09:25,474,Chennai-Central,
C03884,9826137506,Siva Shetty,9500978820,Suresh Balakrishnan,2026-08-01 08:10,594,Madurai-East,
C03885,9826137506,Siva Shetty,9163287083,Sabari Gowda,2026-08-01 20:31,250,Coimbatore-North,
C03886,9826137506,Siva Shetty,9163287083,Sabari Gowda,2026-08-01 11:43,429,Trichy-West,
C03887,9826137506,Siva Shetty,9500978820,Suresh Balakrishnan,2026-08-02 09:37,411,Erode-Hub,
C03888,9826137506,Siva Shetty,9013990490,Harish Pillai,2026-08-02 20:54,197,Coimbatore-North,
C03889,9826137506,Siva Shetty,9867533963,Eswar Ramaswamy,2026-08-03 19:53,406,Salem-South,
C03890,9826137506,Siva Shetty,9013990490,Harish Pillai,2026-08-03 12:53,557,Trichy-West,
C03891,9826137506,Siva Shetty,9500978820,Suresh Balakrishnan,2026-08-04 18:43,520,Salem-South,
C03892,9826137506,Siva Shetty,9296194311,Elango Krishnan,2026-08-04 18:01,296,Trichy-West,
C03893,9826137506,Siva Shetty,9013990490,Harish Pillai,2026-08-05 10:50,148,Salem-South,
C03894,9826137506,Siva Shetty,9271774490,Jagan Gupta,2026-08-05 19:54,170,Madurai-East,
C03895,9826137506,Siva Shetty,9867533963,Eswar Ramaswamy,2026-08-06 09:19,40,Chennai-Central,
C03896,9826137506,Siva Shetty,9163287083,Sabari Gowda,2026-08-06 22:38,250,Chennai-Central,
C03897,9826137506,Siva Shetty,9500978820,Suresh Balakrishnan,2026-08-06 20:03,570,Madurai-East,
C03898,9826137506,Siva Shetty,9271774490,Jagan Gupta,2026-08-07 07:32,497,Coimbatore-North,
C03899,9826137506,Siva Shetty,9271774490,Jagan Gupta,2026-08-07 21:59,134,Coimbatore-North,
C03900,9826137506,Siva Shetty,9296194311,Elango Krishnan,2026-08-07 22:49,559,Salem-South,
C03901,9826137506,Siva Shetty,9740748217,Jagan Pillai,2026-08-08 07:04,227,Madurai-East,
C03902,9826137506,Siva Shetty,9163287083,Sabari Gowda,2026-08-09 13:23,379,Erode-Hub,
C03903,9826137506,Siva Shetty,9163287083,Sabari Gowda,2026-08-09 21:49,111,Erode-Hub,
C03904,9826137506,Siva Shetty,9867533963,Eswar Ramaswamy,2026-08-10 14:47,561,Salem-South,
C03905,9826137506,Siva Shetty,9541566765,Thiru Sharma,2026-08-11 12:07,21,Erode-Hub,
C03906,9826137506,Siva Shetty,9271774490,Jagan Gupta,2026-08-11 11:06,84,Madurai-East,
C03907,9826137506,Siva Shetty,9867533963,Eswar Ramaswamy,2026-08-11 22:58,195,Madurai-East,
C03908,9826137506,Siva Shetty,9296194311,Elango Krishnan,2026-08-12 22:44,323,Trichy-West,
C03909,9826137506,Siva Shetty,9740748217,Jagan Pillai,2026-08-12 19:23,510,Coimbatore-North,
C03910,9826137506,Siva Shetty,9296194311,Elango Krishnan,2026-08-12 15:53,80,Chennai-Central,
C03911,9826137506,Siva Shetty,9867533963,Eswar Ramaswamy,2026-08-13 14:06,348,Salem-South,
C03912,9826137506,Siva Shetty,9271774490,Jagan Gupta,2026-08-13 13:56,25,Madurai-East,
C03913,9826137506,Siva Shetty,9296194311,Elango Krishnan,2026-08-13 12:51,476,Chennai-Central,
C03914,9826137506,Siva Shetty,9500978820,Suresh Balakrishnan,2026-08-14 19:56,412,Chennai-Central,
C03915,9615305152,Hari Menon,9793564651,Rajesh Natarajan,2026-08-01 11:30,401,Salem-South,
C03916,9615305152,Hari Menon,9952694958,Ravi Gupta,2026-08-01 17:11,212,Erode-Hub,
C03917,9615305152,Hari Menon,9801006231,Kishore Sharma,2026-08-02 10:58,573,Trichy-West,
C03918,9615305152,Hari Menon,9101666870,Madhavan Venkatesh,2026-08-03 19:19,443,Salem-South,
C03919,9615305152,Hari Menon,9265511047,Omkar Sundaram,2026-08-04 21:32,544,Trichy-West,
C03920,9615305152,Hari Menon,9952694958,Ravi Gupta,2026-08-04 19:49,99,Madurai-East,
C03921,9615305152,Hari Menon,9793564651,Rajesh Natarajan,2026-08-05 16:51,574,Erode-Hub,
C03922,9615305152,Hari Menon,9801006231,Kishore Sharma,2026-08-05 16:41,34,Chennai-Central,
C03923,9615305152,Hari Menon,9101666870,Madhavan Venkatesh,2026-08-06 12:33,128,Madurai-East,
C03924,9615305152,Hari Menon,9952694958,Ravi Gupta,2026-08-06 18:45,336,Coimbatore-North,
C03925,9615305152,Hari Menon,9793564651,Rajesh Natarajan,2026-08-07 13:17,211,Trichy-West,
C03926,9615305152,Hari Menon,9101666870,Madhavan Venkatesh,2026-08-07 12:39,283,Coimbatore-North,
C03927,9615305152,Hari Menon,9952694958,Ravi Gupta,2026-08-07 10:15,298,Trichy-West,
C03928,9615305152,Hari Menon,9265511047,Omkar Sundaram,2026-08-08 07:14,147,Trichy-West,
C03929,9615305152,Hari Menon,9101666870,Madhavan Venkatesh,2026-08-09 16:54,136,Erode-Hub,
C03930,9615305152,Hari Menon,9952694958,Ravi Gupta,2026-08-09 16:28,102,Trichy-West,
C03931,9615305152,Hari Menon,9801006231,Kishore Sharma,2026-08-10 07:19,78,Madurai-East,
C03932,9615305152,Hari Menon,9801006231,Kishore Sharma,2026-08-10 12:44,76,Coimbatore-North,
C03933,9615305152,Hari Menon,9793564651,Rajesh Natarajan,2026-08-10 08:22,331,Coimbatore-North,
C03934,9615305152,Hari Menon,9793564651,Rajesh Natarajan,2026-08-11 08:15,465,Chennai-Central,
C03935,9615305152,Hari Menon,9793564651,Rajesh Natarajan,2026-08-12 17:31,178,Erode-Hub,
C03936,9615305152,Hari Menon,9265511047,Omkar Sundaram,2026-08-12 16:31,327,Salem-South,
C03937,9615305152,Hari Menon,9793564651,Rajesh Natarajan,2026-08-12 22:49,370,Coimbatore-North,
C03938,9615305152,Hari Menon,9265511047,Omkar Sundaram,2026-08-13 17:50,434,Salem-South,
C03939,9615305152,Hari Menon,9101666870,Madhavan Venkatesh,2026-08-13 16:29,139,Madurai-East,
C03940,9615305152,Hari Menon,9793564651,Rajesh Natarajan,2026-08-14 15:36,262,Coimbatore-North,
C03941,9615305152,Hari Menon,9265511047,Omkar Sundaram,2026-08-14 16:40,221,Coimbatore-North,
C03942,9277901043,Arjun Natarajan,9683885160,Prakash Patel,2026-08-01 13:54,434,Salem-South,
C03943,9277901043,Arjun Natarajan,9674680715,Naveen Gupta,2026-08-01 15:23,485,Madurai-East,
C03944,9277901043,Arjun Natarajan,9952694958,Ravi Gupta,2026-08-01 16:57,600,Coimbatore-North,
C03945,9277901043,Arjun Natarajan,9952694958,Ravi Gupta,2026-08-02 19:58,324,Trichy-West,
C03946,9277901043,Arjun Natarajan,9400499154,Prakash Achari,2026-08-02 19:22,337,Coimbatore-North,
C03947,9277901043,Arjun Natarajan,9405377351,Ilango Krishnan,2026-08-03 19:52,153,Erode-Hub,
C03948,9277901043,Arjun Natarajan,9674680715,Naveen Gupta,2026-08-03 13:32,498,Erode-Hub,
C03949,9277901043,Arjun Natarajan,9674680715,Naveen Gupta,2026-08-03 15:54,452,Erode-Hub,
C03950,9277901043,Arjun Natarajan,9455022961,Prakash Pillai,2026-08-04 21:35,569,Trichy-West,
C03951,9277901043,Arjun Natarajan,9674680715,Naveen Gupta,2026-08-04 18:06,539,Trichy-West,
C03952,9277901043,Arjun Natarajan,9455022961,Prakash Pillai,2026-08-04 11:15,538,Coimbatore-North,
C03953,9277901043,Arjun Natarajan,9674680715,Naveen Gupta,2026-08-05 14:25,187,Trichy-West,
C03954,9277901043,Arjun Natarajan,9527722170,Gopal Chandran,2026-08-05 09:48,434,Trichy-West,
C03955,9277901043,Arjun Natarajan,9527722170,Gopal Chandran,2026-08-06 13:52,367,Madurai-East,
C03956,9277901043,Arjun Natarajan,9527722170,Gopal Chandran,2026-08-06 17:52,21,Coimbatore-North,
C03957,9277901043,Arjun Natarajan,9405377351,Ilango Krishnan,2026-08-07 15:30,107,Coimbatore-North,
C03958,9277901043,Arjun Natarajan,9683885160,Prakash Patel,2026-08-07 12:21,530,Erode-Hub,
C03959,9277901043,Arjun Natarajan,9400499154,Prakash Achari,2026-08-07 19:26,568,Madurai-East,
C03960,9277901043,Arjun Natarajan,9674680715,Naveen Gupta,2026-08-08 22:04,458,Erode-Hub,
C03961,9277901043,Arjun Natarajan,9850142940,Murugan Velu,2026-08-08 08:45,438,Chennai-Central,
C03962,9277901043,Arjun Natarajan,9455022961,Prakash Pillai,2026-08-09 13:17,269,Coimbatore-North,
C03963,9277901043,Arjun Natarajan,9683885160,Prakash Patel,2026-08-10 18:02,248,Erode-Hub,
C03964,9277901043,Arjun Natarajan,9400499154,Prakash Achari,2026-08-10 19:42,537,Chennai-Central,
C03965,9277901043,Arjun Natarajan,9405377351,Ilango Krishnan,2026-08-10 19:59,553,Erode-Hub,
C03966,9277901043,Arjun Natarajan,9400499154,Prakash Achari,2026-08-11 20:32,86,Erode-Hub,
C03967,9277901043,Arjun Natarajan,9683885160,Prakash Patel,2026-08-12 09:29,500,Chennai-Central,
C03968,9277901043,Arjun Natarajan,9674680715,Naveen Gupta,2026-08-13 17:35,376,Salem-South,
C03969,9277901043,Arjun Natarajan,9952694958,Ravi Gupta,2026-08-14 14:28,201,Chennai-Central,
C03970,9277901043,Arjun Natarajan,9400499154,Prakash Achari,2026-08-14 10:22,384,Salem-South,
C03971,9341036971,Thiru Verma,9850142940,Murugan Velu,2026-08-01 11:54,50,Chennai-Central,
C03972,9341036971,Thiru Verma,9841616928,Hari Achari,2026-08-01 16:43,454,Coimbatore-North,
C03973,9341036971,Thiru Verma,9556258815,Kumar Gowda,2026-08-01 21:07,173,Coimbatore-North,
C03974,9341036971,Thiru Verma,9267888610,Ravi Iyer,2026-08-02 18:21,285,Erode-Hub,
C03975,9341036971,Thiru Verma,9849912165,Bharath Subramaniam,2026-08-02 15:56,300,Chennai-Central,
C03976,9341036971,Thiru Verma,9556258815,Kumar Gowda,2026-08-03 11:50,255,Trichy-West,
C03977,9341036971,Thiru Verma,9850142940,Murugan Velu,2026-08-04 16:03,35,Coimbatore-North,
C03978,9341036971,Thiru Verma,9850142940,Murugan Velu,2026-08-04 10:25,577,Erode-Hub,
C03979,9341036971,Thiru Verma,9850142940,Murugan Velu,2026-08-04 11:54,55,Chennai-Central,
C03980,9341036971,Thiru Verma,9849912165,Bharath Subramaniam,2026-08-05 13:16,23,Madurai-East,
C03981,9341036971,Thiru Verma,9849912165,Bharath Subramaniam,2026-08-06 19:29,361,Coimbatore-North,
C03982,9341036971,Thiru Verma,9849912165,Bharath Subramaniam,2026-08-07 10:22,566,Erode-Hub,
C03983,9341036971,Thiru Verma,9849912165,Bharath Subramaniam,2026-08-08 16:25,288,Chennai-Central,
C03984,9341036971,Thiru Verma,9850142940,Murugan Velu,2026-08-08 16:15,123,Chennai-Central,
C03985,9341036971,Thiru Verma,9556258815,Kumar Gowda,2026-08-09 22:28,552,Trichy-West,
C03986,9341036971,Thiru Verma,9849912165,Bharath Subramaniam,2026-08-10 17:39,506,Coimbatore-North,
C03987,9341036971,Thiru Verma,9556258815,Kumar Gowda,2026-08-10 15:27,467,Erode-Hub,
C03988,9341036971,Thiru Verma,9556258815,Kumar Gowda,2026-08-11 20:59,282,Chennai-Central,
C03989,9341036971,Thiru Verma,9267888610,Ravi Iyer,2026-08-12 07:26,518,Coimbatore-North,
C03990,9341036971,Thiru Verma,9267888610,Ravi Iyer,2026-08-13 18:50,237,Trichy-West,
C03991,9341036971,Thiru Verma,9849912165,Bharath Subramaniam,2026-08-13 21:11,553,Erode-Hub,
C03992,9341036971,Thiru Verma,9556258815,Kumar Gowda,2026-08-13 13:02,100,Chennai-Central,
C03993,9341036971,Thiru Verma,9850142940,Murugan Velu,2026-08-14 12:17,317,Salem-South,
C03994,9341036971,Thiru Verma,9556258815,Kumar Gowda,2026-08-14 09:56,209,Erode-Hub,
C03995,9341036971,Thiru Verma,9267888610,Ravi Iyer,2026-08-14 07:13,595,Erode-Hub,
C03996,9893246095,Rahul Pandian,9464887719,Kannan Natarajan,2026-08-01 18:26,388,Chennai-Central,
C03997,9893246095,Rahul Pandian,9479627570,Lokesh Verma,2026-08-01 17:00,375,Chennai-Central,
C03998,9893246095,Rahul Pandian,9489513433,Lokesh Iyer,2026-08-01 08:29,67,Erode-Hub,
C03999,9893246095,Rahul Pandian,9270866882,Vijay Verma,2026-08-02 18:17,456,Madurai-East,
C04000,9893246095,Rahul Pandian,9233749894,Rajesh Chandran,2026-08-02 16:24,156,Salem-South,
C04001,9893246095,Rahul Pandian,9479627570,Lokesh Verma,2026-08-03 12:02,427,Coimbatore-North,
C04002,9893246095,Rahul Pandian,9464887719,Kannan Natarajan,2026-08-04 21:43,144,Coimbatore-North,
C04003,9893246095,Rahul Pandian,9233749894,Rajesh Chandran,2026-08-05 13:11,304,Chennai-Central,
C04004,9893246095,Rahul Pandian,9740344713,Nithin Bose,2026-08-05 09:49,403,Coimbatore-North,
C04005,9893246095,Rahul Pandian,9464887719,Kannan Natarajan,2026-08-05 08:47,443,Salem-South,
C04006,9893246095,Rahul Pandian,9489513433,Lokesh Iyer,2026-08-06 21:47,338,Salem-South,
C04007,9893246095,Rahul Pandian,9740344713,Nithin Bose,2026-08-06 10:58,438,Madurai-East,
C04008,9893246095,Rahul Pandian,9740344713,Nithin Bose,2026-08-07 17:01,36,Madurai-East,
C04009,9893246095,Rahul Pandian,9233749894,Rajesh Chandran,2026-08-07 15:02,287,Madurai-East,
C04010,9893246095,Rahul Pandian,9855744431,Gopal Krishnan,2026-08-07 15:36,121,Coimbatore-North,
C04011,9893246095,Rahul Pandian,9740344713,Nithin Bose,2026-08-08 14:38,49,Salem-South,
C04012,9893246095,Rahul Pandian,9464887719,Kannan Natarajan,2026-08-08 19:56,158,Trichy-West,
C04013,9893246095,Rahul Pandian,9270866882,Vijay Verma,2026-08-08 21:57,169,Trichy-West,
C04014,9893246095,Rahul Pandian,9464887719,Kannan Natarajan,2026-08-09 21:58,194,Erode-Hub,
C04015,9893246095,Rahul Pandian,9479627570,Lokesh Verma,2026-08-09 17:01,128,Salem-South,
C04016,9893246095,Rahul Pandian,9233749894,Rajesh Chandran,2026-08-10 18:42,504,Salem-South,
C04017,9893246095,Rahul Pandian,9740344713,Nithin Bose,2026-08-11 11:01,100,Erode-Hub,
C04018,9893246095,Rahul Pandian,9740344713,Nithin Bose,2026-08-11 07:46,422,Trichy-West,
C04019,9893246095,Rahul Pandian,9233749894,Rajesh Chandran,2026-08-11 22:01,169,Madurai-East,
C04020,9893246095,Rahul Pandian,9464887719,Kannan Natarajan,2026-08-12 18:46,246,Chennai-Central,
C04021,9893246095,Rahul Pandian,9855744431,Gopal Krishnan,2026-08-12 14:14,492,Erode-Hub,
C04022,9893246095,Rahul Pandian,9855744431,Gopal Krishnan,2026-08-12 20:12,180,Chennai-Central,
C04023,9893246095,Rahul Pandian,9855744431,Gopal Krishnan,2026-08-13 21:18,235,Trichy-West,
C04024,9893246095,Rahul Pandian,9855744431,Gopal Krishnan,2026-08-13 08:04,175,Trichy-West,
C04025,9893246095,Rahul Pandian,9855744431,Gopal Krishnan,2026-08-14 21:36,185,Chennai-Central,
C04026,9893246095,Rahul Pandian,9855744431,Gopal Krishnan,2026-08-14 19:07,195,Salem-South,
C04027,9185188888,Lokesh Velu,9233749894,Rajesh Chandran,2026-08-01 16:22,359,Trichy-West,
C04028,9185188888,Lokesh Velu,9222196937,Selvam Das,2026-08-02 10:16,523,Madurai-East,
C04029,9185188888,Lokesh Velu,9799650752,Anand Ramaswamy,2026-08-02 17:36,274,Chennai-Central,
C04030,9185188888,Lokesh Velu,9175496513,Sathish Chandran,2026-08-02 20:18,240,Trichy-West,
C04031,9185188888,Lokesh Velu,9233749894,Rajesh Chandran,2026-08-03 11:25,101,Chennai-Central,
C04032,9185188888,Lokesh Velu,9175496513,Sathish Chandran,2026-08-03 18:11,204,Erode-Hub,
C04033,9185188888,Lokesh Velu,9222196937,Selvam Das,2026-08-03 10:43,91,Coimbatore-North,
C04034,9185188888,Lokesh Velu,9528922680,Madhavan Murthy,2026-08-04 14:10,258,Erode-Hub,
C04035,9185188888,Lokesh Velu,9528922680,Madhavan Murthy,2026-08-04 20:09,189,Madurai-East,
C04036,9185188888,Lokesh Velu,9323705895,Vijay Reddy,2026-08-05 18:40,67,Salem-South,
C04037,9185188888,Lokesh Velu,9233749894,Rajesh Chandran,2026-08-05 13:31,25,Coimbatore-North,
C04038,9185188888,Lokesh Velu,9799650752,Anand Ramaswamy,2026-08-06 12:45,493,Trichy-West,
C04039,9185188888,Lokesh Velu,9233749894,Rajesh Chandran,2026-08-07 19:30,150,Madurai-East,
C04040,9185188888,Lokesh Velu,9323705895,Vijay Reddy,2026-08-08 11:18,174,Trichy-West,
C04041,9185188888,Lokesh Velu,9528922680,Madhavan Murthy,2026-08-08 16:49,425,Salem-South,
C04042,9185188888,Lokesh Velu,9222196937,Selvam Das,2026-08-09 12:11,219,Chennai-Central,
C04043,9185188888,Lokesh Velu,9175496513,Sathish Chandran,2026-08-09 10:50,597,Erode-Hub,
C04044,9185188888,Lokesh Velu,9175496513,Sathish Chandran,2026-08-09 18:22,517,Erode-Hub,
C04045,9185188888,Lokesh Velu,9323705895,Vijay Reddy,2026-08-10 16:38,502,Chennai-Central,
C04046,9185188888,Lokesh Velu,9323705895,Vijay Reddy,2026-08-10 08:17,476,Salem-South,
C04047,9185188888,Lokesh Velu,9323705895,Vijay Reddy,2026-08-10 08:14,440,Trichy-West,
C04048,9185188888,Lokesh Velu,9799650752,Anand Ramaswamy,2026-08-11 08:01,92,Madurai-East,
C04049,9185188888,Lokesh Velu,9799650752,Anand Ramaswamy,2026-08-11 09:05,112,Madurai-East,
C04050,9185188888,Lokesh Velu,9175496513,Sathish Chandran,2026-08-11 12:15,303,Erode-Hub,
C04051,9185188888,Lokesh Velu,9222196937,Selvam Das,2026-08-12 22:38,540,Salem-South,
C04052,9185188888,Lokesh Velu,9233749894,Rajesh Chandran,2026-08-12 18:44,374,Erode-Hub,
C04053,9185188888,Lokesh Velu,9323705895,Vijay Reddy,2026-08-13 09:23,336,Chennai-Central,
C04054,9185188888,Lokesh Velu,9799650752,Anand Ramaswamy,2026-08-13 20:24,287,Madurai-East,
C04055,9185188888,Lokesh Velu,9175496513,Sathish Chandran,2026-08-13 13:38,204,Madurai-East,
C04056,9185188888,Lokesh Velu,9323705895,Vijay Reddy,2026-08-14 17:45,103,Chennai-Central,
C04057,9185188888,Lokesh Velu,9233749894,Rajesh Chandran,2026-08-14 09:09,119,Erode-Hub,
C04058,9654051531,Vikram Pandian,9874064039,Farook Sharma,2026-08-01 15:02,462,Trichy-West,
C04059,9654051531,Vikram Pandian,9455022961,Prakash Pillai,2026-08-01 21:17,226,Coimbatore-North,
C04060,9654051531,Vikram Pandian,9911838425,Kannan Bose,2026-08-02 20:11,198,Chennai-Central,
C04061,9654051531,Vikram Pandian,9067383028,Anand Balakrishnan,2026-08-02 10:20,292,Trichy-West,
C04062,9654051531,Vikram Pandian,9455022961,Prakash Pillai,2026-08-02 19:48,559,Chennai-Central,
C04063,9654051531,Vikram Pandian,9455022961,Prakash Pillai,2026-08-03 17:34,257,Trichy-West,
C04064,9654051531,Vikram Pandian,9911838425,Kannan Bose,2026-08-03 21:47,44,Erode-Hub,
C04065,9654051531,Vikram Pandian,9455022961,Prakash Pillai,2026-08-04 20:48,495,Salem-South,
C04066,9654051531,Vikram Pandian,9067383028,Anand Balakrishnan,2026-08-04 18:08,560,Salem-South,
C04067,9654051531,Vikram Pandian,9067383028,Anand Balakrishnan,2026-08-05 15:55,214,Madurai-East,
C04068,9654051531,Vikram Pandian,9874064039,Farook Sharma,2026-08-06 20:52,204,Chennai-Central,
C04069,9654051531,Vikram Pandian,9874064039,Farook Sharma,2026-08-07 17:29,84,Trichy-West,
C04070,9654051531,Vikram Pandian,9911838425,Kannan Bose,2026-08-08 14:22,304,Salem-South,
C04071,9654051531,Vikram Pandian,9067383028,Anand Balakrishnan,2026-08-09 16:40,481,Coimbatore-North,
C04072,9654051531,Vikram Pandian,9067383028,Anand Balakrishnan,2026-08-09 14:00,496,Madurai-East,
C04073,9654051531,Vikram Pandian,9874064039,Farook Sharma,2026-08-09 22:27,327,Salem-South,
C04074,9654051531,Vikram Pandian,9911838425,Kannan Bose,2026-08-10 15:35,279,Coimbatore-North,
C04075,9654051531,Vikram Pandian,9067383028,Anand Balakrishnan,2026-08-10 08:40,425,Madurai-East,
C04076,9654051531,Vikram Pandian,9067383028,Anand Balakrishnan,2026-08-10 15:24,227,Chennai-Central,
C04077,9654051531,Vikram Pandian,9067383028,Anand Balakrishnan,2026-08-11 07:18,336,Trichy-West,
C04078,9654051531,Vikram Pandian,9911838425,Kannan Bose,2026-08-11 10:16,109,Salem-South,
C04079,9654051531,Vikram Pandian,9067383028,Anand Balakrishnan,2026-08-12 22:57,427,Trichy-West,
C04080,9654051531,Vikram Pandian,9874064039,Farook Sharma,2026-08-12 21:28,434,Trichy-West,
C04081,9654051531,Vikram Pandian,9067383028,Anand Balakrishnan,2026-08-13 16:42,548,Coimbatore-North,
C04082,9654051531,Vikram Pandian,9455022961,Prakash Pillai,2026-08-13 07:05,465,Trichy-West,
C04083,9654051531,Vikram Pandian,9911838425,Kannan Bose,2026-08-14 17:26,318,Erode-Hub,
C04084,9654051531,Vikram Pandian,9874064039,Farook Sharma,2026-08-14 08:08,338,Chennai-Central,
C04085,9654051531,Vikram Pandian,9874064039,Farook Sharma,2026-08-14 11:12,118,Trichy-West,
C04086,9527722170,Gopal Chandran,9210470952,Ilango Pillai,2026-08-01 22:31,477,Salem-South,
C04087,9527722170,Gopal Chandran,9799650752,Anand Ramaswamy,2026-08-02 13:26,242,Salem-South,
C04088,9527722170,Gopal Chandran,9210470952,Ilango Pillai,2026-08-02 13:25,431,Coimbatore-North,
C04089,9527722170,Gopal Chandran,9952694958,Ravi Gupta,2026-08-02 16:51,464,Chennai-Central,
C04090,9527722170,Gopal Chandran,9210470952,Ilango Pillai,2026-08-03 08:23,297,Madurai-East,
C04091,9527722170,Gopal Chandran,9659180339,Aravind Gowda,2026-08-03 20:49,202,Erode-Hub,
C04092,9527722170,Gopal Chandran,9952694958,Ravi Gupta,2026-08-03 15:53,32,Erode-Hub,
C04093,9527722170,Gopal Chandran,9799650752,Anand Ramaswamy,2026-08-04 07:06,267,Madurai-East,
C04094,9527722170,Gopal Chandran,9210470952,Ilango Pillai,2026-08-04 19:00,240,Madurai-East,
C04095,9527722170,Gopal Chandran,9659180339,Aravind Gowda,2026-08-05 10:56,175,Madurai-East,
C04096,9527722170,Gopal Chandran,9210470952,Ilango Pillai,2026-08-06 11:51,100,Chennai-Central,
C04097,9527722170,Gopal Chandran,9799650752,Anand Ramaswamy,2026-08-07 15:18,352,Salem-South,
C04098,9527722170,Gopal Chandran,9659180339,Aravind Gowda,2026-08-07 17:14,513,Erode-Hub,
C04099,9527722170,Gopal Chandran,9799650752,Anand Ramaswamy,2026-08-08 07:04,592,Erode-Hub,
C04100,9527722170,Gopal Chandran,9952694958,Ravi Gupta,2026-08-09 19:36,75,Erode-Hub,
C04101,9527722170,Gopal Chandran,9799650752,Anand Ramaswamy,2026-08-10 15:19,200,Chennai-Central,
C04102,9527722170,Gopal Chandran,9799650752,Anand Ramaswamy,2026-08-10 19:14,298,Chennai-Central,
C04103,9527722170,Gopal Chandran,9659180339,Aravind Gowda,2026-08-10 09:52,491,Salem-South,
C04104,9527722170,Gopal Chandran,9210470952,Ilango Pillai,2026-08-11 17:39,304,Erode-Hub,
C04105,9527722170,Gopal Chandran,9659180339,Aravind Gowda,2026-08-11 10:29,164,Salem-South,
C04106,9527722170,Gopal Chandran,9799650752,Anand Ramaswamy,2026-08-12 21:20,376,Trichy-West,
C04107,9527722170,Gopal Chandran,9743671369,Nithin Pillai,2026-08-13 18:20,213,Chennai-Central,
C04108,9527722170,Gopal Chandran,9210470952,Ilango Pillai,2026-08-13 22:43,343,Salem-South,
C04109,9527722170,Gopal Chandran,9210470952,Ilango Pillai,2026-08-14 10:57,253,Salem-South,
C04110,9527722170,Gopal Chandran,9743671369,Nithin Pillai,2026-08-14 08:24,250,Erode-Hub,
C04111,9527722170,Gopal Chandran,9210470952,Ilango Pillai,2026-08-14 21:37,121,Salem-South,
C04112,9054868740,Ganesh Shetty,9240415747,Thiru Sundaram,2026-08-01 14:07,268,Erode-Hub,
C04113,9054868740,Ganesh Shetty,9240415747,Thiru Sundaram,2026-08-02 20:25,232,Coimbatore-North,
C04114,9054868740,Ganesh Shetty,9935978207,Siva Achari,2026-08-02 07:14,349,Chennai-Central,
C04115,9054868740,Ganesh Shetty,9240415747,Thiru Sundaram,2026-08-03 07:10,334,Salem-South,
C04116,9054868740,Ganesh Shetty,9528098851,Raja Reddy,2026-08-03 12:12,361,Trichy-West,
C04117,9054868740,Ganesh Shetty,9935978207,Siva Achari,2026-08-03 16:49,405,Coimbatore-North,
C04118,9054868740,Ganesh Shetty,9528098851,Raja Reddy,2026-08-04 14:33,341,Coimbatore-North,
C04119,9054868740,Ganesh Shetty,9280598262,Karthik Shetty,2026-08-04 18:53,591,Madurai-East,
C04120,9054868740,Ganesh Shetty,9935978207,Siva Achari,2026-08-05 07:21,24,Madurai-East,
C04121,9054868740,Ganesh Shetty,9240415747,Thiru Sundaram,2026-08-05 12:18,140,Chennai-Central,
C04122,9054868740,Ganesh Shetty,9516940974,Rahul Singh,2026-08-05 10:31,504,Salem-South,
C04123,9054868740,Ganesh Shetty,9528098851,Raja Reddy,2026-08-06 10:11,139,Erode-Hub,
C04124,9054868740,Ganesh Shetty,9528098851,Raja Reddy,2026-08-06 15:57,127,Trichy-West,
C04125,9054868740,Ganesh Shetty,9240415747,Thiru Sundaram,2026-08-07 21:12,332,Salem-South,
C04126,9054868740,Ganesh Shetty,9280598262,Karthik Shetty,2026-08-08 17:46,33,Coimbatore-North,
C04127,9054868740,Ganesh Shetty,9240415747,Thiru Sundaram,2026-08-08 11:19,431,Coimbatore-North,
C04128,9054868740,Ganesh Shetty,9528098851,Raja Reddy,2026-08-09 20:49,42,Madurai-East,
C04129,9054868740,Ganesh Shetty,9528098851,Raja Reddy,2026-08-09 22:56,39,Madurai-East,
C04130,9054868740,Ganesh Shetty,9516940974,Rahul Singh,2026-08-10 21:24,227,Salem-South,
C04131,9054868740,Ganesh Shetty,9240415747,Thiru Sundaram,2026-08-10 21:53,482,Madurai-East,
C04132,9054868740,Ganesh Shetty,9516940974,Rahul Singh,2026-08-10 11:49,356,Madurai-East,
C04133,9054868740,Ganesh Shetty,9240415747,Thiru Sundaram,2026-08-11 20:37,119,Salem-South,
C04134,9054868740,Ganesh Shetty,9280598262,Karthik Shetty,2026-08-11 08:16,189,Chennai-Central,
C04135,9054868740,Ganesh Shetty,9240415747,Thiru Sundaram,2026-08-12 08:54,410,Erode-Hub,
C04136,9054868740,Ganesh Shetty,9528098851,Raja Reddy,2026-08-12 08:37,169,Trichy-West,
C04137,9054868740,Ganesh Shetty,9280598262,Karthik Shetty,2026-08-13 13:43,567,Chennai-Central,
C04138,9054868740,Ganesh Shetty,9528098851,Raja Reddy,2026-08-13 08:27,393,Coimbatore-North,
C04139,9054868740,Ganesh Shetty,9240415747,Thiru Sundaram,2026-08-13 10:22,475,Coimbatore-North,
C04140,9054868740,Ganesh Shetty,9280598262,Karthik Shetty,2026-08-14 14:08,231,Chennai-Central,
C04141,9541566765,Thiru Sharma,9159996504,Vijay Venkatesh,2026-08-01 14:16,349,Coimbatore-North,
C04142,9541566765,Thiru Sharma,9874064039,Farook Sharma,2026-08-01 08:59,247,Coimbatore-North,
C04143,9541566765,Thiru Sharma,9159996504,Vijay Venkatesh,2026-08-02 09:50,438,Madurai-East,
C04144,9541566765,Thiru Sharma,9056856624,Eswar Raj,2026-08-02 12:35,299,Salem-South,
C04145,9541566765,Thiru Sharma,9874064039,Farook Sharma,2026-08-02 20:51,168,Salem-South,
C04146,9541566765,Thiru Sharma,9569816934,Pandi Sundaram,2026-08-03 11:58,298,Coimbatore-North,
C04147,9541566765,Thiru Sharma,9159996504,Vijay Venkatesh,2026-08-04 22:19,499,Coimbatore-North,
C04148,9541566765,Thiru Sharma,9719022941,Karthik Mohan,2026-08-05 10:36,467,Trichy-West,
C04149,9541566765,Thiru Sharma,9569816934,Pandi Sundaram,2026-08-05 20:45,77,Salem-South,
C04150,9541566765,Thiru Sharma,9056856624,Eswar Raj,2026-08-06 12:58,534,Madurai-East,
C04151,9541566765,Thiru Sharma,9569816934,Pandi Sundaram,2026-08-06 14:28,562,Coimbatore-North,
C04152,9541566765,Thiru Sharma,9159996504,Vijay Venkatesh,2026-08-06 21:23,384,Erode-Hub,
C04153,9541566765,Thiru Sharma,9175183046,Mahesh Gupta,2026-08-07 16:54,55,Erode-Hub,
C04154,9541566765,Thiru Sharma,9175183046,Mahesh Gupta,2026-08-07 07:43,541,Trichy-West,
C04155,9541566765,Thiru Sharma,9056856624,Eswar Raj,2026-08-07 19:26,275,Coimbatore-North,
C04156,9541566765,Thiru Sharma,9569816934,Pandi Sundaram,2026-08-08 14:19,110,Trichy-West,
C04157,9541566765,Thiru Sharma,9175183046,Mahesh Gupta,2026-08-08 14:44,42,Erode-Hub,
C04158,9541566765,Thiru Sharma,9159996504,Vijay Venkatesh,2026-08-08 13:30,97,Salem-South,
C04159,9541566765,Thiru Sharma,9782639821,Arjun Menon,2026-08-09 22:55,516,Chennai-Central,
C04160,9541566765,Thiru Sharma,9874064039,Farook Sharma,2026-08-09 13:55,143,Chennai-Central,
C04161,9541566765,Thiru Sharma,9874064039,Farook Sharma,2026-08-09 19:31,192,Erode-Hub,
C04162,9541566765,Thiru Sharma,9874064039,Farook Sharma,2026-08-10 22:32,355,Madurai-East,
C04163,9541566765,Thiru Sharma,9159996504,Vijay Venkatesh,2026-08-10 12:19,476,Coimbatore-North,
C04164,9541566765,Thiru Sharma,9159996504,Vijay Venkatesh,2026-08-11 19:52,228,Madurai-East,
C04165,9541566765,Thiru Sharma,9159996504,Vijay Venkatesh,2026-08-11 20:27,241,Madurai-East,
C04166,9541566765,Thiru Sharma,9874064039,Farook Sharma,2026-08-12 18:01,367,Coimbatore-North,
C04167,9541566765,Thiru Sharma,9175183046,Mahesh Gupta,2026-08-12 16:54,544,Coimbatore-North,
C04168,9541566765,Thiru Sharma,9175183046,Mahesh Gupta,2026-08-12 07:58,178,Coimbatore-North,
C04169,9541566765,Thiru Sharma,9159996504,Vijay Venkatesh,2026-08-13 11:04,28,Erode-Hub,
C04170,9541566765,Thiru Sharma,9569816934,Pandi Sundaram,2026-08-13 09:03,397,Madurai-East,
C04171,9541566765,Thiru Sharma,9719022941,Karthik Mohan,2026-08-14 18:38,391,Madurai-East,
C04172,9841616928,Hari Achari,9621745961,Pandi Patel,2026-08-01 18:51,27,Erode-Hub,
C04173,9841616928,Hari Achari,9641708053,Sabari Venkatesh,2026-08-01 09:15,23,Erode-Hub,
C04174,9841616928,Hari Achari,9155188442,Omkar Subramaniam,2026-08-02 17:36,447,Coimbatore-North,
C04175,9841616928,Hari Achari,9850142940,Murugan Velu,2026-08-03 16:45,417,Chennai-Central,
C04176,9841616928,Hari Achari,9850142940,Murugan Velu,2026-08-03 12:04,227,Chennai-Central,
C04177,9841616928,Hari Achari,9528098851,Raja Reddy,2026-08-03 11:50,481,Coimbatore-North,
C04178,9841616928,Hari Achari,9850142940,Murugan Velu,2026-08-04 07:04,207,Coimbatore-North,
C04179,9841616928,Hari Achari,9621745961,Pandi Patel,2026-08-04 07:51,180,Erode-Hub,
C04180,9841616928,Hari Achari,9641708053,Sabari Venkatesh,2026-08-05 20:17,28,Chennai-Central,
C04181,9841616928,Hari Achari,9621745961,Pandi Patel,2026-08-06 09:54,83,Salem-South,
C04182,9841616928,Hari Achari,9571208267,Manoj Krishnan,2026-08-07 18:09,468,Trichy-West,
C04183,9841616928,Hari Achari,9528098851,Raja Reddy,2026-08-07 12:41,536,Trichy-West,
C04184,9841616928,Hari Achari,9571208267,Manoj Krishnan,2026-08-08 13:11,301,Chennai-Central,
C04185,9841616928,Hari Achari,9155188442,Omkar Subramaniam,2026-08-08 18:39,538,Trichy-West,
C04186,9841616928,Hari Achari,9571208267,Manoj Krishnan,2026-08-09 11:47,443,Chennai-Central,
C04187,9841616928,Hari Achari,9571208267,Manoj Krishnan,2026-08-10 18:26,193,Trichy-West,
C04188,9841616928,Hari Achari,9528098851,Raja Reddy,2026-08-10 08:45,355,Madurai-East,
C04189,9841616928,Hari Achari,9155188442,Omkar Subramaniam,2026-08-10 19:05,189,Trichy-West,
C04190,9841616928,Hari Achari,9621745961,Pandi Patel,2026-08-11 10:18,82,Trichy-West,
C04191,9841616928,Hari Achari,9528098851,Raja Reddy,2026-08-11 16:17,589,Erode-Hub,
C04192,9841616928,Hari Achari,9528098851,Raja Reddy,2026-08-12 22:33,164,Erode-Hub,
C04193,9841616928,Hari Achari,9621745961,Pandi Patel,2026-08-13 18:54,205,Chennai-Central,
C04194,9841616928,Hari Achari,9571208267,Manoj Krishnan,2026-08-13 17:08,566,Chennai-Central,
C04195,9841616928,Hari Achari,9641708053,Sabari Venkatesh,2026-08-14 14:55,426,Erode-Hub,
C04196,9841616928,Hari Achari,9641708053,Sabari Venkatesh,2026-08-14 16:02,367,Coimbatore-North,
C04197,9841616928,Hari Achari,9641708053,Sabari Venkatesh,2026-08-14 08:25,120,Erode-Hub,
C04198,9841616928,Hari Achari,9100330766,Unknown,2026-08-09 15:47,19,Chennai-Central,SUSPICIOUS_BURST
C04199,9841616928,Hari Achari,9100330766,Unknown,2026-08-09 17:23,7,Coimbatore-North,SUSPICIOUS_BURST
C04200,9841616928,Hari Achari,9100330766,Unknown,2026-08-09 09:09,20,Chennai-Central,SUSPICIOUS_BURST
C04201,9841616928,Hari Achari,9100330766,Unknown,2026-08-09 00:57,41,Chennai-Central,SUSPICIOUS_BURST
C04202,9841616928,Hari Achari,9100330766,Unknown,2026-08-09 01:13,37,Coimbatore-North,SUSPICIOUS_BURST
C04203,9841616928,Hari Achari,9100330766,Unknown,2026-08-09 11:33,9,Chennai-Central,SUSPICIOUS_BURST
C04204,9841616928,Hari Achari,9100330766,Unknown,2026-08-09 02:42,16,Chennai-Central,SUSPICIOUS_BURST
C04205,9841616928,Hari Achari,9100330766,Unknown,2026-08-09 05:55,41,Coimbatore-North,SUSPICIOUS_BURST
C04206,9841616928,Hari Achari,9100330766,Unknown,2026-08-09 04:34,29,Coimbatore-North,SUSPICIOUS_BURST
C04207,9841616928,Hari Achari,9100330766,Unknown,2026-08-09 12:31,46,Chennai-Central,SUSPICIOUS_BURST
C04208,9841616928,Hari Achari,9100330766,Unknown,2026-08-09 01:10,31,Coimbatore-North,SUSPICIOUS_BURST
C04209,9841616928,Hari Achari,9100330766,Unknown,2026-08-09 11:46,48,Coimbatore-North,SUSPICIOUS_BURST
C04210,9841616928,Hari Achari,9100330766,Unknown,2026-08-09 07:52,29,Chennai-Central,SUSPICIOUS_BURST
C04211,9841616928,Hari Achari,9100330766,Unknown,2026-08-09 18:42,34,Coimbatore-North,SUSPICIOUS_BURST
C04212,9841616928,Hari Achari,9100330766,Unknown,2026-08-09 21:19,10,Coimbatore-North,SUSPICIOUS_BURST
C04213,9841616928,Hari Achari,9100330766,Unknown,2026-08-09 08:06,54,Coimbatore-North,SUSPICIOUS_BURST
C04214,9841616928,Hari Achari,9100330766,Unknown,2026-08-09 16:44,19,Chennai-Central,SUSPICIOUS_BURST
C04215,9841616928,Hari Achari,9100330766,Unknown,2026-08-09 05:39,36,Chennai-Central,SUSPICIOUS_BURST
C04216,9841616928,Hari Achari,9100330766,Unknown,2026-08-09 23:25,22,Chennai-Central,SUSPICIOUS_BURST
C04217,9841616928,Hari Achari,9100330766,Unknown,2026-08-09 21:40,36,Chennai-Central,SUSPICIOUS_BURST
C04218,9841616928,Hari Achari,9100330766,Unknown,2026-08-09 15:21,21,Chennai-Central,SUSPICIOUS_BURST
C04219,9841616928,Hari Achari,9100330766,Unknown,2026-08-09 02:02,51,Coimbatore-North,SUSPICIOUS_BURST
C04220,9841616928,Hari Achari,9100330766,Unknown,2026-08-09 21:36,42,Coimbatore-North,SUSPICIOUS_BURST
C04221,9841616928,Hari Achari,9100330766,Unknown,2026-08-09 20:56,7,Chennai-Central,SUSPICIOUS_BURST
C04222,9841616928,Hari Achari,9100330766,Unknown,2026-08-09 20:53,51,Chennai-Central,SUSPICIOUS_BURST
C04223,9841616928,Hari Achari,9100330766,Unknown,2026-08-09 06:53,53,Chennai-Central,SUSPICIOUS_BURST
C04224,9841616928,Hari Achari,9100330766,Unknown,2026-08-09 01:59,14,Coimbatore-North,SUSPICIOUS_BURST
C04225,9841616928,Hari Achari,9100330766,Unknown,2026-08-09 15:36,35,Coimbatore-North,SUSPICIOUS_BURST
C04226,9841616928,Hari Achari,9100330766,Unknown,2026-08-09 08:05,56,Chennai-Central,SUSPICIOUS_BURST
C04227,9841616928,Hari Achari,9100330766,Unknown,2026-08-09 21:15,12,Chennai-Central,SUSPICIOUS_BURST
C04228,9841616928,Hari Achari,9100330766,Unknown,2026-08-09 14:16,13,Chennai-Central,SUSPICIOUS_BURST
C04229,9841616928,Hari Achari,9100330766,Unknown,2026-08-09 08:27,47,Chennai-Central,SUSPICIOUS_BURST
C04230,9841616928,Hari Achari,9100330766,Unknown,2026-08-09 06:30,51,Coimbatore-North,SUSPICIOUS_BURST
C04231,9841616928,Hari Achari,9100330766,Unknown,2026-08-09 21:13,14,Chennai-Central,SUSPICIOUS_BURST
C04232,9479627570,Lokesh Verma,9156149784,Sabari Murthy,2026-08-01 12:48,132,Madurai-East,
C04233,9479627570,Lokesh Verma,9254629148,Deepak Das,2026-08-01 13:03,538,Trichy-West,
C04234,9479627570,Lokesh Verma,9556909275,Karthik Menon,2026-08-01 17:38,394,Madurai-East,
C04235,9479627570,Lokesh Verma,9175496513,Sathish Chandran,2026-08-02 21:48,597,Salem-South,
C04236,9479627570,Lokesh Verma,9527722170,Gopal Chandran,2026-08-02 07:45,268,Erode-Hub,
C04237,9479627570,Lokesh Verma,9556909275,Karthik Menon,2026-08-03 09:00,279,Erode-Hub,
C04238,9479627570,Lokesh Verma,9556909275,Karthik Menon,2026-08-04 13:18,131,Chennai-Central,
C04239,9479627570,Lokesh Verma,9527722170,Gopal Chandran,2026-08-05 11:56,409,Trichy-West,
C04240,9479627570,Lokesh Verma,9527722170,Gopal Chandran,2026-08-06 16:32,231,Coimbatore-North,
C04241,9479627570,Lokesh Verma,9175496513,Sathish Chandran,2026-08-07 20:54,392,Erode-Hub,
C04242,9479627570,Lokesh Verma,9175496513,Sathish Chandran,2026-08-08 17:07,499,Coimbatore-North,
C04243,9479627570,Lokesh Verma,9175496513,Sathish Chandran,2026-08-09 09:35,167,Coimbatore-North,
C04244,9479627570,Lokesh Verma,9156149784,Sabari Murthy,2026-08-09 18:10,139,Salem-South,
C04245,9479627570,Lokesh Verma,9254629148,Deepak Das,2026-08-09 16:25,31,Erode-Hub,
C04246,9479627570,Lokesh Verma,9254629148,Deepak Das,2026-08-10 10:40,525,Trichy-West,
C04247,9479627570,Lokesh Verma,9527722170,Gopal Chandran,2026-08-10 22:20,583,Salem-South,
C04248,9479627570,Lokesh Verma,9175496513,Sathish Chandran,2026-08-11 17:28,482,Trichy-West,
C04249,9479627570,Lokesh Verma,9254629148,Deepak Das,2026-08-11 18:52,548,Salem-South,
C04250,9479627570,Lokesh Verma,9156149784,Sabari Murthy,2026-08-11 20:39,394,Chennai-Central,
C04251,9479627570,Lokesh Verma,9175496513,Sathish Chandran,2026-08-12 22:43,320,Coimbatore-North,
C04252,9479627570,Lokesh Verma,9254629148,Deepak Das,2026-08-13 12:59,588,Coimbatore-North,
C04253,9479627570,Lokesh Verma,9527722170,Gopal Chandran,2026-08-13 16:26,524,Chennai-Central,
C04254,9479627570,Lokesh Verma,9254629148,Deepak Das,2026-08-14 18:12,319,Trichy-West,
C04255,9479627570,Lokesh Verma,9175496513,Sathish Chandran,2026-08-14 09:17,294,Erode-Hub,
C04256,9016582029,Jagan Sundaram,9464887719,Kannan Natarajan,2026-08-01 22:13,533,Salem-South,
C04257,9016582029,Jagan Sundaram,9464887719,Kannan Natarajan,2026-08-01 20:50,205,Madurai-East,
C04258,9016582029,Jagan Sundaram,9455022961,Prakash Pillai,2026-08-02 21:39,259,Coimbatore-North,
C04259,9016582029,Jagan Sundaram,9377889255,Prakash Sharma,2026-08-02 17:34,36,Erode-Hub,
C04260,9016582029,Jagan Sundaram,9210470952,Ilango Pillai,2026-08-03 16:04,64,Erode-Hub,
C04261,9016582029,Jagan Sundaram,9455022961,Prakash Pillai,2026-08-04 08:34,225,Erode-Hub,
C04262,9016582029,Jagan Sundaram,9464887719,Kannan Natarajan,2026-08-04 11:29,477,Coimbatore-North,
C04263,9016582029,Jagan Sundaram,9899642353,Rahul Pillai,2026-08-05 13:18,38,Madurai-East,
C04264,9016582029,Jagan Sundaram,9473829973,Bharath Menon,2026-08-05 09:40,407,Coimbatore-North,
C04265,9016582029,Jagan Sundaram,9464887719,Kannan Natarajan,2026-08-06 09:40,375,Coimbatore-North,
C04266,9016582029,Jagan Sundaram,9464887719,Kannan Natarajan,2026-08-06 10:36,196,Chennai-Central,
C04267,9016582029,Jagan Sundaram,9455022961,Prakash Pillai,2026-08-06 08:50,285,Coimbatore-North,
C04268,9016582029,Jagan Sundaram,9856543102,Farook Patel,2026-08-07 17:53,533,Madurai-East,
C04269,9016582029,Jagan Sundaram,9210470952,Ilango Pillai,2026-08-07 14:52,532,Erode-Hub,
C04270,9016582029,Jagan Sundaram,9464887719,Kannan Natarajan,2026-08-08 22:16,83,Salem-South,
C04271,9016582029,Jagan Sundaram,9899642353,Rahul Pillai,2026-08-09 12:27,187,Chennai-Central,
C04272,9016582029,Jagan Sundaram,9899642353,Rahul Pillai,2026-08-09 15:07,545,Erode-Hub,
C04273,9016582029,Jagan Sundaram,9899642353,Rahul Pillai,2026-08-10 08:24,515,Madurai-East,
C04274,9016582029,Jagan Sundaram,9464887719,Kannan Natarajan,2026-08-10 20:05,27,Coimbatore-North,
C04275,9016582029,Jagan Sundaram,9464887719,Kannan Natarajan,2026-08-11 14:31,514,Salem-South,
C04276,9016582029,Jagan Sundaram,9899642353,Rahul Pillai,2026-08-11 14:22,115,Madurai-East,
C04277,9016582029,Jagan Sundaram,9473829973,Bharath Menon,2026-08-11 12:22,120,Madurai-East,
C04278,9016582029,Jagan Sundaram,9377889255,Prakash Sharma,2026-08-12 11:28,521,Salem-South,
C04279,9016582029,Jagan Sundaram,9377889255,Prakash Sharma,2026-08-12 08:31,524,Erode-Hub,
C04280,9016582029,Jagan Sundaram,9377889255,Prakash Sharma,2026-08-13 16:14,71,Salem-South,
C04281,9016582029,Jagan Sundaram,9899642353,Rahul Pillai,2026-08-13 19:24,279,Trichy-West,
C04282,9016582029,Jagan Sundaram,9464887719,Kannan Natarajan,2026-08-14 20:29,186,Coimbatore-North,
C04283,9556909275,Karthik Menon,9516136968,Ilango Subramaniam,2026-08-01 18:07,565,Coimbatore-North,
C04284,9556909275,Karthik Menon,9516136968,Ilango Subramaniam,2026-08-01 22:41,561,Chennai-Central,
C04285,9556909275,Karthik Menon,9375758441,Ramesh Natarajan,2026-08-02 08:53,410,Chennai-Central,
C04286,9556909275,Karthik Menon,9516136968,Ilango Subramaniam,2026-08-03 11:03,29,Erode-Hub,
C04287,9556909275,Karthik Menon,9375758441,Ramesh Natarajan,2026-08-03 13:30,339,Trichy-West,
C04288,9556909275,Karthik Menon,9454615679,Ilango Murthy,2026-08-04 19:07,304,Erode-Hub,
C04289,9556909275,Karthik Menon,9615305152,Hari Menon,2026-08-05 13:20,219,Erode-Hub,
C04290,9556909275,Karthik Menon,9615305152,Hari Menon,2026-08-05 20:52,350,Trichy-West,
C04291,9556909275,Karthik Menon,9740748217,Jagan Pillai,2026-08-06 15:38,344,Chennai-Central,
C04292,9556909275,Karthik Menon,9454615679,Ilango Murthy,2026-08-06 19:07,132,Erode-Hub,
C04293,9556909275,Karthik Menon,9740748217,Jagan Pillai,2026-08-07 19:28,304,Trichy-West,
C04294,9556909275,Karthik Menon,9615305152,Hari Menon,2026-08-07 15:42,146,Chennai-Central,
C04295,9556909275,Karthik Menon,9516136968,Ilango Subramaniam,2026-08-08 07:10,376,Salem-South,
C04296,9556909275,Karthik Menon,9837354033,Sabari Das,2026-08-08 19:58,403,Salem-South,
C04297,9556909275,Karthik Menon,9516136968,Ilango Subramaniam,2026-08-08 14:36,480,Erode-Hub,
C04298,9556909275,Karthik Menon,9740748217,Jagan Pillai,2026-08-09 11:53,357,Salem-South,
C04299,9556909275,Karthik Menon,9740748217,Jagan Pillai,2026-08-09 15:42,41,Coimbatore-North,
C04300,9556909275,Karthik Menon,9615305152,Hari Menon,2026-08-10 10:27,435,Coimbatore-North,
C04301,9556909275,Karthik Menon,9454615679,Ilango Murthy,2026-08-10 18:58,506,Madurai-East,
C04302,9556909275,Karthik Menon,9740748217,Jagan Pillai,2026-08-11 18:45,565,Chennai-Central,
C04303,9556909275,Karthik Menon,9454615679,Ilango Murthy,2026-08-11 07:00,68,Chennai-Central,
C04304,9556909275,Karthik Menon,9740748217,Jagan Pillai,2026-08-12 21:24,230,Erode-Hub,
C04305,9556909275,Karthik Menon,9375758441,Ramesh Natarajan,2026-08-12 07:29,440,Chennai-Central,
C04306,9556909275,Karthik Menon,9740748217,Jagan Pillai,2026-08-12 08:52,230,Salem-South,
C04307,9556909275,Karthik Menon,9740748217,Jagan Pillai,2026-08-13 09:53,299,Chennai-Central,
C04308,9556909275,Karthik Menon,9454615679,Ilango Murthy,2026-08-13 10:54,32,Chennai-Central,
C04309,9556909275,Karthik Menon,9615305152,Hari Menon,2026-08-14 09:23,233,Chennai-Central,
C04310,9556909275,Karthik Menon,9375758441,Ramesh Natarajan,2026-08-14 15:59,325,Salem-South,
C04311,9856543102,Farook Patel,9377889255,Prakash Sharma,2026-08-01 09:27,196,Erode-Hub,
C04312,9856543102,Farook Patel,9377889255,Prakash Sharma,2026-08-01 20:15,344,Coimbatore-North,
C04313,9856543102,Farook Patel,9556258815,Kumar Gowda,2026-08-01 16:49,90,Madurai-East,
C04314,9856543102,Farook Patel,9377889255,Prakash Sharma,2026-08-02 16:33,501,Coimbatore-North,
C04315,9856543102,Farook Patel,9240824008,Vijay Singh,2026-08-03 20:52,548,Salem-South,
C04316,9856543102,Farook Patel,9240824008,Vijay Singh,2026-08-04 12:53,114,Erode-Hub,
C04317,9856543102,Farook Patel,9232858842,Rajesh Krishnan,2026-08-04 12:48,431,Erode-Hub,
C04318,9856543102,Farook Patel,9377889255,Prakash Sharma,2026-08-05 07:25,438,Trichy-West,
C04319,9856543102,Farook Patel,9232858842,Rajesh Krishnan,2026-08-05 18:13,404,Erode-Hub,
C04320,9856543102,Farook Patel,9377889255,Prakash Sharma,2026-08-06 09:37,23,Coimbatore-North,
C04321,9856543102,Farook Patel,9084700766,Vijay Bose,2026-08-06 08:01,302,Madurai-East,
C04322,9856543102,Farook Patel,9377889255,Prakash Sharma,2026-08-07 18:41,28,Madurai-East,
C04323,9856543102,Farook Patel,9084700766,Vijay Bose,2026-08-07 12:50,305,Chennai-Central,
C04324,9856543102,Farook Patel,9377889255,Prakash Sharma,2026-08-08 09:48,118,Erode-Hub,
C04325,9856543102,Farook Patel,9240824008,Vijay Singh,2026-08-09 13:32,423,Salem-South,
C04326,9856543102,Farook Patel,9084700766,Vijay Bose,2026-08-10 17:49,168,Coimbatore-North,
C04327,9856543102,Farook Patel,9556258815,Kumar Gowda,2026-08-10 14:02,553,Madurai-East,
C04328,9856543102,Farook Patel,9556258815,Kumar Gowda,2026-08-11 20:28,217,Coimbatore-North,
C04329,9856543102,Farook Patel,9084700766,Vijay Bose,2026-08-11 12:36,117,Trichy-West,
C04330,9856543102,Farook Patel,9556258815,Kumar Gowda,2026-08-11 17:16,312,Erode-Hub,
C04331,9856543102,Farook Patel,9084700766,Vijay Bose,2026-08-12 11:51,28,Trichy-West,
C04332,9856543102,Farook Patel,9240824008,Vijay Singh,2026-08-13 10:55,564,Madurai-East,
C04333,9856543102,Farook Patel,9377889255,Prakash Sharma,2026-08-14 12:43,310,Madurai-East,
C04334,9856543102,Farook Patel,9377889255,Prakash Sharma,2026-08-14 11:08,567,Coimbatore-North,
C04335,9473947312,Sathish Ramaswamy,9840862118,Pandi Pillai,2026-08-01 09:44,148,Trichy-West,
C04336,9473947312,Sathish Ramaswamy,9719022941,Karthik Mohan,2026-08-01 08:29,560,Erode-Hub,
C04337,9473947312,Sathish Ramaswamy,9799650752,Anand Ramaswamy,2026-08-02 18:11,389,Madurai-East,
C04338,9473947312,Sathish Ramaswamy,9528098851,Raja Reddy,2026-08-02 21:23,505,Trichy-West,
C04339,9473947312,Sathish Ramaswamy,9799650752,Anand Ramaswamy,2026-08-02 10:44,400,Madurai-East,
C04340,9473947312,Sathish Ramaswamy,9719022941,Karthik Mohan,2026-08-03 09:46,124,Chennai-Central,
C04341,9473947312,Sathish Ramaswamy,9840862118,Pandi Pillai,2026-08-03 14:02,210,Chennai-Central,
C04342,9473947312,Sathish Ramaswamy,9621745961,Pandi Patel,2026-08-03 17:33,229,Salem-South,
C04343,9473947312,Sathish Ramaswamy,9799650752,Anand Ramaswamy,2026-08-04 20:17,111,Chennai-Central,
C04344,9473947312,Sathish Ramaswamy,9784980841,Ramesh Nair,2026-08-04 09:40,469,Coimbatore-North,
C04345,9473947312,Sathish Ramaswamy,9719022941,Karthik Mohan,2026-08-04 22:36,365,Chennai-Central,
C04346,9473947312,Sathish Ramaswamy,9840862118,Pandi Pillai,2026-08-05 17:51,26,Trichy-West,
C04347,9473947312,Sathish Ramaswamy,9528098851,Raja Reddy,2026-08-05 21:49,285,Coimbatore-North,
C04348,9473947312,Sathish Ramaswamy,9799650752,Anand Ramaswamy,2026-08-05 17:20,235,Trichy-West,
C04349,9473947312,Sathish Ramaswamy,9621745961,Pandi Patel,2026-08-06 07:49,375,Trichy-West,
C04350,9473947312,Sathish Ramaswamy,9799650752,Anand Ramaswamy,2026-08-06 18:05,312,Salem-South,
C04351,9473947312,Sathish Ramaswamy,9528098851,Raja Reddy,2026-08-07 19:06,481,Erode-Hub,
C04352,9473947312,Sathish Ramaswamy,9840862118,Pandi Pillai,2026-08-07 18:55,435,Trichy-West,
C04353,9473947312,Sathish Ramaswamy,9621745961,Pandi Patel,2026-08-08 19:05,508,Madurai-East,
C04354,9473947312,Sathish Ramaswamy,9799650752,Anand Ramaswamy,2026-08-09 12:22,564,Coimbatore-North,
C04355,9473947312,Sathish Ramaswamy,9799650752,Anand Ramaswamy,2026-08-10 14:23,293,Coimbatore-North,
C04356,9473947312,Sathish Ramaswamy,9621745961,Pandi Patel,2026-08-10 20:19,402,Coimbatore-North,
C04357,9473947312,Sathish Ramaswamy,9174612004,Ilango Menon,2026-08-11 07:50,68,Coimbatore-North,
C04358,9473947312,Sathish Ramaswamy,9174612004,Ilango Menon,2026-08-11 11:37,274,Erode-Hub,
C04359,9473947312,Sathish Ramaswamy,9840862118,Pandi Pillai,2026-08-12 12:20,425,Erode-Hub,
C04360,9473947312,Sathish Ramaswamy,9840862118,Pandi Pillai,2026-08-12 07:01,365,Chennai-Central,
C04361,9473947312,Sathish Ramaswamy,9784980841,Ramesh Nair,2026-08-12 20:03,316,Salem-South,
C04362,9473947312,Sathish Ramaswamy,9528098851,Raja Reddy,2026-08-13 09:08,187,Coimbatore-North,
C04363,9473947312,Sathish Ramaswamy,9799650752,Anand Ramaswamy,2026-08-13 13:08,86,Salem-South,
C04364,9473947312,Sathish Ramaswamy,9719022941,Karthik Mohan,2026-08-14 11:42,536,Chennai-Central,
C04365,9473947312,Sathish Ramaswamy,9799650752,Anand Ramaswamy,2026-08-14 16:51,413,Salem-South,
C04366,9155188442,Omkar Subramaniam,9997700886,Hari Sharma,2026-08-01 11:44,326,Salem-South,
C04367,9155188442,Omkar Subramaniam,9997700886,Hari Sharma,2026-08-01 16:49,70,Chennai-Central,
C04368,9155188442,Omkar Subramaniam,9784980841,Ramesh Nair,2026-08-02 12:20,299,Salem-South,
C04369,9155188442,Omkar Subramaniam,9997700886,Hari Sharma,2026-08-02 12:51,470,Erode-Hub,
C04370,9155188442,Omkar Subramaniam,9784980841,Ramesh Nair,2026-08-03 17:24,397,Erode-Hub,
C04371,9155188442,Omkar Subramaniam,9348734714,Siva Pillai,2026-08-04 22:26,441,Chennai-Central,
C04372,9155188442,Omkar Subramaniam,9997700886,Hari Sharma,2026-08-05 14:57,24,Chennai-Central,
C04373,9155188442,Omkar Subramaniam,9840862118,Pandi Pillai,2026-08-05 07:21,427,Madurai-East,
C04374,9155188442,Omkar Subramaniam,9784980841,Ramesh Nair,2026-08-06 12:38,477,Coimbatore-North,
C04375,9155188442,Omkar Subramaniam,9840862118,Pandi Pillai,2026-08-06 15:59,123,Trichy-West,
C04376,9155188442,Omkar Subramaniam,9784980841,Ramesh Nair,2026-08-07 19:38,25,Erode-Hub,
C04377,9155188442,Omkar Subramaniam,9784980841,Ramesh Nair,2026-08-07 08:58,97,Madurai-East,
C04378,9155188442,Omkar Subramaniam,9840862118,Pandi Pillai,2026-08-07 08:44,202,Salem-South,
C04379,9155188442,Omkar Subramaniam,9997700886,Hari Sharma,2026-08-08 22:54,288,Salem-South,
C04380,9155188442,Omkar Subramaniam,9997700886,Hari Sharma,2026-08-08 19:41,181,Erode-Hub,
C04381,9155188442,Omkar Subramaniam,9997700886,Hari Sharma,2026-08-09 21:43,394,Salem-South,
C04382,9155188442,Omkar Subramaniam,9840862118,Pandi Pillai,2026-08-09 19:30,569,Trichy-West,
C04383,9155188442,Omkar Subramaniam,9348734714,Siva Pillai,2026-08-10 13:27,551,Chennai-Central,
C04384,9155188442,Omkar Subramaniam,9784980841,Ramesh Nair,2026-08-11 19:23,299,Chennai-Central,
C04385,9155188442,Omkar Subramaniam,9348734714,Siva Pillai,2026-08-11 18:55,287,Coimbatore-North,
C04386,9155188442,Omkar Subramaniam,9348734714,Siva Pillai,2026-08-12 22:19,464,Coimbatore-North,
C04387,9155188442,Omkar Subramaniam,9348734714,Siva Pillai,2026-08-12 18:19,559,Chennai-Central,
C04388,9155188442,Omkar Subramaniam,9784980841,Ramesh Nair,2026-08-12 09:39,243,Trichy-West,
C04389,9155188442,Omkar Subramaniam,9348734714,Siva Pillai,2026-08-13 17:08,64,Salem-South,
C04390,9155188442,Omkar Subramaniam,9997700886,Hari Sharma,2026-08-13 19:09,189,Madurai-East,
C04391,9155188442,Omkar Subramaniam,9840862118,Pandi Pillai,2026-08-14 15:52,189,Trichy-West,
C04392,9155188442,Omkar Subramaniam,9997700886,Hari Sharma,2026-08-14 21:26,528,Erode-Hub,
C04393,9155188442,Omkar Subramaniam,9348734714,Siva Pillai,2026-08-14 09:54,559,Erode-Hub,
C04394,9323705895,Vijay Reddy,9016582029,Jagan Sundaram,2026-08-01 16:38,85,Coimbatore-North,
C04395,9323705895,Vijay Reddy,9139718707,Chandran Subramaniam,2026-08-01 16:31,588,Madurai-East,
C04396,9323705895,Vijay Reddy,9808760385,Thiru Mohan,2026-08-02 14:03,453,Erode-Hub,
C04397,9323705895,Vijay Reddy,9784980841,Ramesh Nair,2026-08-02 18:24,91,Chennai-Central,
C04398,9323705895,Vijay Reddy,9784980841,Ramesh Nair,2026-08-02 10:24,493,Salem-South,
C04399,9323705895,Vijay Reddy,9139718707,Chandran Subramaniam,2026-08-03 09:24,219,Madurai-East,
C04400,9323705895,Vijay Reddy,9182992299,Ilango Chandran,2026-08-03 16:15,41,Trichy-West,
C04401,9323705895,Vijay Reddy,9661825128,Elango Subramaniam,2026-08-03 21:43,586,Salem-South,
C04402,9323705895,Vijay Reddy,9016582029,Jagan Sundaram,2026-08-04 17:41,576,Madurai-East,
C04403,9323705895,Vijay Reddy,9912419049,Naveen Bose,2026-08-05 11:48,224,Erode-Hub,
C04404,9323705895,Vijay Reddy,9016582029,Jagan Sundaram,2026-08-06 18:48,473,Erode-Hub,
C04405,9323705895,Vijay Reddy,9139718707,Chandran Subramaniam,2026-08-07 13:59,553,Trichy-West,
C04406,9323705895,Vijay Reddy,9016582029,Jagan Sundaram,2026-08-07 16:15,275,Madurai-East,
C04407,9323705895,Vijay Reddy,9016582029,Jagan Sundaram,2026-08-08 07:47,497,Madurai-East,
C04408,9323705895,Vijay Reddy,9182992299,Ilango Chandran,2026-08-09 21:03,124,Madurai-East,
C04409,9323705895,Vijay Reddy,9139718707,Chandran Subramaniam,2026-08-10 07:32,326,Madurai-East,
C04410,9323705895,Vijay Reddy,9016582029,Jagan Sundaram,2026-08-11 15:37,325,Chennai-Central,
C04411,9323705895,Vijay Reddy,9808760385,Thiru Mohan,2026-08-11 19:32,511,Trichy-West,
C04412,9323705895,Vijay Reddy,9182992299,Ilango Chandran,2026-08-12 16:52,468,Coimbatore-North,
C04413,9323705895,Vijay Reddy,9182992299,Ilango Chandran,2026-08-13 09:27,487,Chennai-Central,
C04414,9323705895,Vijay Reddy,9912419049,Naveen Bose,2026-08-13 15:27,277,Chennai-Central,
C04415,9323705895,Vijay Reddy,9912419049,Naveen Bose,2026-08-13 08:06,385,Erode-Hub,
C04416,9323705895,Vijay Reddy,9661825128,Elango Subramaniam,2026-08-14 16:51,23,Chennai-Central,
C04417,9678669125,Karthik Verma,9556909275,Karthik Menon,2026-08-01 21:39,292,Salem-South,
C04418,9678669125,Karthik Verma,9556909275,Karthik Menon,2026-08-01 17:21,193,Trichy-West,
C04419,9678669125,Karthik Verma,9556909275,Karthik Menon,2026-08-02 13:40,264,Trichy-West,
C04420,9678669125,Karthik Verma,9175496513,Sathish Chandran,2026-08-02 22:28,257,Salem-South,
C04421,9678669125,Karthik Verma,9556909275,Karthik Menon,2026-08-02 09:42,84,Erode-Hub,
C04422,9678669125,Karthik Verma,9016582029,Jagan Sundaram,2026-08-03 09:09,438,Erode-Hub,
C04423,9678669125,Karthik Verma,9556909275,Karthik Menon,2026-08-04 07:05,338,Erode-Hub,
C04424,9678669125,Karthik Verma,9659180339,Aravind Gowda,2026-08-05 10:26,513,Trichy-West,
C04425,9678669125,Karthik Verma,9054868740,Ganesh Shetty,2026-08-05 09:18,171,Madurai-East,
C04426,9678669125,Karthik Verma,9556909275,Karthik Menon,2026-08-06 16:43,546,Coimbatore-North,
C04427,9678669125,Karthik Verma,9016582029,Jagan Sundaram,2026-08-06 19:28,44,Trichy-West,
C04428,9678669125,Karthik Verma,9054868740,Ganesh Shetty,2026-08-07 13:10,456,Trichy-West,
C04429,9678669125,Karthik Verma,9175496513,Sathish Chandran,2026-08-07 07:34,544,Chennai-Central,
C04430,9678669125,Karthik Verma,9556909275,Karthik Menon,2026-08-07 12:21,203,Trichy-West,
C04431,9678669125,Karthik Verma,9233749894,Rajesh Chandran,2026-08-08 12:29,156,Madurai-East,
C04432,9678669125,Karthik Verma,9556909275,Karthik Menon,2026-08-08 07:43,489,Salem-South,
C04433,9678669125,Karthik Verma,9054868740,Ganesh Shetty,2026-08-08 07:15,324,Chennai-Central,
C04434,9678669125,Karthik Verma,9016582029,Jagan Sundaram,2026-08-09 14:25,28,Salem-South,
C04435,9678669125,Karthik Verma,9233749894,Rajesh Chandran,2026-08-09 18:51,590,Erode-Hub,
C04436,9678669125,Karthik Verma,9233749894,Rajesh Chandran,2026-08-10 20:17,500,Erode-Hub,
C04437,9678669125,Karthik Verma,9054868740,Ganesh Shetty,2026-08-11 18:00,242,Salem-South,
C04438,9678669125,Karthik Verma,9054868740,Ganesh Shetty,2026-08-12 22:44,129,Coimbatore-North,
C04439,9678669125,Karthik Verma,9556909275,Karthik Menon,2026-08-13 18:02,556,Erode-Hub,
C04440,9678669125,Karthik Verma,9816850542,Lokesh Natarajan,2026-08-14 12:36,279,Salem-South,
C04441,9678669125,Karthik Verma,9816850542,Lokesh Natarajan,2026-08-14 22:46,323,Coimbatore-North,
C04442,9678669125,Karthik Verma,9556909275,Karthik Menon,2026-08-14 13:18,470,Chennai-Central,
C04443,9528922680,Madhavan Murthy,9743671369,Nithin Pillai,2026-08-01 14:53,382,Coimbatore-North,
C04444,9528922680,Madhavan Murthy,9770143634,Nithin Raj,2026-08-02 08:38,458,Chennai-Central,
C04445,9528922680,Madhavan Murthy,9482366299,Kumar Mohan,2026-08-03 14:15,83,Erode-Hub,
C04446,9528922680,Madhavan Murthy,9084700766,Vijay Bose,2026-08-03 09:33,358,Coimbatore-North,
C04447,9528922680,Madhavan Murthy,9472126464,Dinesh Verma,2026-08-03 14:29,571,Trichy-West,
C04448,9528922680,Madhavan Murthy,9472126464,Dinesh Verma,2026-08-04 15:35,591,Trichy-West,
C04449,9528922680,Madhavan Murthy,9770143634,Nithin Raj,2026-08-04 12:28,122,Trichy-West,
C04450,9528922680,Madhavan Murthy,9084700766,Vijay Bose,2026-08-04 11:30,206,Coimbatore-North,
C04451,9528922680,Madhavan Murthy,9084700766,Vijay Bose,2026-08-05 21:13,58,Coimbatore-North,
C04452,9528922680,Madhavan Murthy,9464887719,Kannan Natarajan,2026-08-05 18:14,350,Erode-Hub,
C04453,9528922680,Madhavan Murthy,9464887719,Kannan Natarajan,2026-08-05 09:29,274,Madurai-East,
C04454,9528922680,Madhavan Murthy,9084700766,Vijay Bose,2026-08-06 10:39,142,Madurai-East,
C04455,9528922680,Madhavan Murthy,9277901043,Arjun Natarajan,2026-08-06 12:31,52,Erode-Hub,
C04456,9528922680,Madhavan Murthy,9743671369,Nithin Pillai,2026-08-07 16:52,475,Erode-Hub,
C04457,9528922680,Madhavan Murthy,9067383028,Anand Balakrishnan,2026-08-07 22:36,195,Coimbatore-North,
C04458,9528922680,Madhavan Murthy,9067383028,Anand Balakrishnan,2026-08-08 18:16,325,Trichy-West,
C04459,9528922680,Madhavan Murthy,9084700766,Vijay Bose,2026-08-09 14:01,203,Chennai-Central,
C04460,9528922680,Madhavan Murthy,9464887719,Kannan Natarajan,2026-08-09 13:52,460,Trichy-West,
C04461,9528922680,Madhavan Murthy,9277901043,Arjun Natarajan,2026-08-09 13:34,331,Erode-Hub,
C04462,9528922680,Madhavan Murthy,9464887719,Kannan Natarajan,2026-08-10 19:58,182,Chennai-Central,
C04463,9528922680,Madhavan Murthy,9067383028,Anand Balakrishnan,2026-08-11 18:22,61,Erode-Hub,
C04464,9528922680,Madhavan Murthy,9464887719,Kannan Natarajan,2026-08-12 15:49,261,Coimbatore-North,
C04465,9528922680,Madhavan Murthy,9277901043,Arjun Natarajan,2026-08-12 10:40,266,Madurai-East,
C04466,9528922680,Madhavan Murthy,9743671369,Nithin Pillai,2026-08-12 13:59,71,Madurai-East,
C04467,9528922680,Madhavan Murthy,9770143634,Nithin Raj,2026-08-13 07:22,82,Madurai-East,
C04468,9528922680,Madhavan Murthy,9482366299,Kumar Mohan,2026-08-14 14:22,24,Salem-South,
C04469,9528922680,Madhavan Murthy,9067383028,Anand Balakrishnan,2026-08-14 15:25,216,Chennai-Central,
C04470,9535841438,Naveen Nair,9296194311,Elango Krishnan,2026-08-01 15:11,70,Coimbatore-North,
C04471,9535841438,Naveen Nair,9611836736,Bharath Bose,2026-08-01 18:19,363,Trichy-West,
C04472,9535841438,Naveen Nair,9611836736,Bharath Bose,2026-08-02 07:20,109,Chennai-Central,
C04473,9535841438,Naveen Nair,9720465375,Ravi Gowda,2026-08-03 14:57,304,Chennai-Central,
C04474,9535841438,Naveen Nair,9720465375,Ravi Gowda,2026-08-03 12:06,309,Erode-Hub,
C04475,9535841438,Naveen Nair,9611836736,Bharath Bose,2026-08-03 07:33,137,Salem-South,
C04476,9535841438,Naveen Nair,9720465375,Ravi Gowda,2026-08-04 18:59,360,Erode-Hub,
C04477,9535841438,Naveen Nair,9296194311,Elango Krishnan,2026-08-04 07:45,299,Chennai-Central,
C04478,9535841438,Naveen Nair,9296194311,Elango Krishnan,2026-08-05 18:07,454,Madurai-East,
C04479,9535841438,Naveen Nair,9770143634,Nithin Raj,2026-08-05 16:15,192,Trichy-West,
C04480,9535841438,Naveen Nair,9296194311,Elango Krishnan,2026-08-05 17:44,288,Madurai-East,
C04481,9535841438,Naveen Nair,9720465375,Ravi Gowda,2026-08-06 08:29,556,Coimbatore-North,
C04482,9535841438,Naveen Nair,9611836736,Bharath Bose,2026-08-06 16:48,409,Madurai-East,
C04483,9535841438,Naveen Nair,9770143634,Nithin Raj,2026-08-06 13:43,240,Coimbatore-North,
C04484,9535841438,Naveen Nair,9770143634,Nithin Raj,2026-08-07 12:07,275,Trichy-West,
C04485,9535841438,Naveen Nair,9296194311,Elango Krishnan,2026-08-07 12:50,591,Madurai-East,
C04486,9535841438,Naveen Nair,9296194311,Elango Krishnan,2026-08-08 22:47,234,Chennai-Central,
C04487,9535841438,Naveen Nair,9611836736,Bharath Bose,2026-08-09 10:40,105,Trichy-West,
C04488,9535841438,Naveen Nair,9611836736,Bharath Bose,2026-08-10 16:27,107,Chennai-Central,
C04489,9535841438,Naveen Nair,9296194311,Elango Krishnan,2026-08-10 20:36,198,Erode-Hub,
C04490,9535841438,Naveen Nair,9296194311,Elango Krishnan,2026-08-11 12:57,268,Chennai-Central,
C04491,9535841438,Naveen Nair,9720465375,Ravi Gowda,2026-08-11 22:52,44,Salem-South,
C04492,9535841438,Naveen Nair,9611836736,Bharath Bose,2026-08-12 14:16,310,Coimbatore-North,
C04493,9535841438,Naveen Nair,9611836736,Bharath Bose,2026-08-13 14:05,525,Erode-Hub,
C04494,9535841438,Naveen Nair,9770143634,Nithin Raj,2026-08-13 07:21,159,Trichy-West,
C04495,9535841438,Naveen Nair,9720465375,Ravi Gowda,2026-08-13 17:22,323,Trichy-West,
C04496,9535841438,Naveen Nair,9770143634,Nithin Raj,2026-08-14 17:16,411,Madurai-East,
C04497,9535841438,Naveen Nair,9502551716,Unknown,2026-08-12 05:50,27,Coimbatore-North,SUSPICIOUS_BURST
C04498,9535841438,Naveen Nair,9502551716,Unknown,2026-08-12 03:22,26,Chennai-Central,SUSPICIOUS_BURST
C04499,9535841438,Naveen Nair,9502551716,Unknown,2026-08-12 05:42,5,Coimbatore-North,SUSPICIOUS_BURST
C04500,9535841438,Naveen Nair,9502551716,Unknown,2026-08-12 17:30,17,Chennai-Central,SUSPICIOUS_BURST
C04501,9535841438,Naveen Nair,9502551716,Unknown,2026-08-12 06:33,16,Chennai-Central,SUSPICIOUS_BURST
C04502,9535841438,Naveen Nair,9502551716,Unknown,2026-08-12 04:24,31,Chennai-Central,SUSPICIOUS_BURST
C04503,9535841438,Naveen Nair,9502551716,Unknown,2026-08-12 18:20,58,Chennai-Central,SUSPICIOUS_BURST
C04504,9535841438,Naveen Nair,9502551716,Unknown,2026-08-12 17:25,57,Coimbatore-North,SUSPICIOUS_BURST
C04505,9535841438,Naveen Nair,9502551716,Unknown,2026-08-12 15:06,55,Chennai-Central,SUSPICIOUS_BURST
C04506,9535841438,Naveen Nair,9502551716,Unknown,2026-08-12 19:26,30,Coimbatore-North,SUSPICIOUS_BURST
C04507,9535841438,Naveen Nair,9502551716,Unknown,2026-08-12 14:16,10,Coimbatore-North,SUSPICIOUS_BURST
C04508,9535841438,Naveen Nair,9502551716,Unknown,2026-08-12 04:26,48,Coimbatore-North,SUSPICIOUS_BURST
C04509,9535841438,Naveen Nair,9502551716,Unknown,2026-08-12 11:53,16,Chennai-Central,SUSPICIOUS_BURST
C04510,9535841438,Naveen Nair,9502551716,Unknown,2026-08-12 23:05,23,Chennai-Central,SUSPICIOUS_BURST
C04511,9535841438,Naveen Nair,9502551716,Unknown,2026-08-12 16:06,9,Chennai-Central,SUSPICIOUS_BURST
C04512,9535841438,Naveen Nair,9502551716,Unknown,2026-08-12 18:13,44,Coimbatore-North,SUSPICIOUS_BURST
C04513,9535841438,Naveen Nair,9502551716,Unknown,2026-08-12 06:33,44,Chennai-Central,SUSPICIOUS_BURST
C04514,9535841438,Naveen Nair,9502551716,Unknown,2026-08-12 07:46,45,Coimbatore-North,SUSPICIOUS_BURST
C04515,9535841438,Naveen Nair,9502551716,Unknown,2026-08-12 11:34,26,Chennai-Central,SUSPICIOUS_BURST
C04516,9535841438,Naveen Nair,9502551716,Unknown,2026-08-12 08:17,46,Coimbatore-North,SUSPICIOUS_BURST
C04517,9535841438,Naveen Nair,9502551716,Unknown,2026-08-12 09:27,42,Chennai-Central,SUSPICIOUS_BURST
C04518,9535841438,Naveen Nair,9502551716,Unknown,2026-08-12 17:02,56,Coimbatore-North,SUSPICIOUS_BURST
C04519,9535841438,Naveen Nair,9502551716,Unknown,2026-08-12 02:20,29,Chennai-Central,SUSPICIOUS_BURST
C04520,9535841438,Naveen Nair,9502551716,Unknown,2026-08-12 09:26,19,Coimbatore-North,SUSPICIOUS_BURST
C04521,9535841438,Naveen Nair,9502551716,Unknown,2026-08-12 20:34,37,Chennai-Central,SUSPICIOUS_BURST
C04522,9535841438,Naveen Nair,9502551716,Unknown,2026-08-12 12:45,59,Chennai-Central,SUSPICIOUS_BURST
C04523,9535841438,Naveen Nair,9502551716,Unknown,2026-08-12 13:57,49,Coimbatore-North,SUSPICIOUS_BURST
C04524,9535841438,Naveen Nair,9502551716,Unknown,2026-08-12 10:56,14,Coimbatore-North,SUSPICIOUS_BURST
C04525,9535841438,Naveen Nair,9502551716,Unknown,2026-08-12 08:53,6,Coimbatore-North,SUSPICIOUS_BURST
C04526,9535841438,Naveen Nair,9502551716,Unknown,2026-08-12 08:04,31,Chennai-Central,SUSPICIOUS_BURST
C04527,9535841438,Naveen Nair,9502551716,Unknown,2026-08-12 04:53,30,Coimbatore-North,SUSPICIOUS_BURST
C04528,9535841438,Naveen Nair,9502551716,Unknown,2026-08-12 12:47,32,Chennai-Central,SUSPICIOUS_BURST
C04529,9535841438,Naveen Nair,9502551716,Unknown,2026-08-12 13:38,20,Chennai-Central,SUSPICIOUS_BURST
C04530,9535841438,Naveen Nair,9502551716,Unknown,2026-08-12 17:39,60,Coimbatore-North,SUSPICIOUS_BURST
C04531,9535841438,Naveen Nair,9502551716,Unknown,2026-08-12 20:57,56,Chennai-Central,SUSPICIOUS_BURST
C04532,9535841438,Naveen Nair,9502551716,Unknown,2026-08-12 10:04,60,Coimbatore-North,SUSPICIOUS_BURST
C04533,9182992299,Ilango Chandran,9317139005,Murugan Pillai,2026-08-01 17:21,30,Trichy-West,
C04534,9182992299,Ilango Chandran,9654051531,Vikram Pandian,2026-08-02 22:37,530,Erode-Hub,
C04535,9182992299,Ilango Chandran,9084700766,Vijay Bose,2026-08-02 21:23,332,Salem-South,
C04536,9182992299,Ilango Chandran,9084700766,Vijay Bose,2026-08-03 07:51,27,Chennai-Central,
C04537,9182992299,Ilango Chandran,9317139005,Murugan Pillai,2026-08-03 11:49,96,Chennai-Central,
C04538,9182992299,Ilango Chandran,9528922680,Madhavan Murthy,2026-08-03 12:46,439,Erode-Hub,
C04539,9182992299,Ilango Chandran,9094777520,Manoj Gowda,2026-08-04 17:37,484,Erode-Hub,
C04540,9182992299,Ilango Chandran,9517123685,Rajesh Gowda,2026-08-04 14:58,415,Trichy-West,
C04541,9182992299,Ilango Chandran,9454990453,Anand Subramaniam,2026-08-04 22:05,384,Chennai-Central,
C04542,9182992299,Ilango Chandran,9517123685,Rajesh Gowda,2026-08-05 18:50,269,Chennai-Central,
C04543,9182992299,Ilango Chandran,9517123685,Rajesh Gowda,2026-08-05 12:19,206,Coimbatore-North,
C04544,9182992299,Ilango Chandran,9528922680,Madhavan Murthy,2026-08-05 18:34,390,Madurai-East,
C04545,9182992299,Ilango Chandran,9517123685,Rajesh Gowda,2026-08-06 16:43,125,Madurai-East,
C04546,9182992299,Ilango Chandran,9517123685,Rajesh Gowda,2026-08-07 14:33,362,Chennai-Central,
C04547,9182992299,Ilango Chandran,9528922680,Madhavan Murthy,2026-08-07 19:25,104,Salem-South,
C04548,9182992299,Ilango Chandran,9094777520,Manoj Gowda,2026-08-07 19:21,346,Madurai-East,
C04549,9182992299,Ilango Chandran,9084700766,Vijay Bose,2026-08-08 19:12,365,Trichy-West,
C04550,9182992299,Ilango Chandran,9556909275,Karthik Menon,2026-08-09 17:28,35,Erode-Hub,
C04551,9182992299,Ilango Chandran,9317139005,Murugan Pillai,2026-08-09 12:18,21,Coimbatore-North,
C04552,9182992299,Ilango Chandran,9094777520,Manoj Gowda,2026-08-09 16:56,276,Salem-South,
C04553,9182992299,Ilango Chandran,9317139005,Murugan Pillai,2026-08-10 17:34,566,Trichy-West,
C04554,9182992299,Ilango Chandran,9317139005,Murugan Pillai,2026-08-10 19:45,579,Salem-South,
C04555,9182992299,Ilango Chandran,9084700766,Vijay Bose,2026-08-11 17:42,296,Salem-South,
C04556,9182992299,Ilango Chandran,9556909275,Karthik Menon,2026-08-11 15:52,376,Erode-Hub,
C04557,9182992299,Ilango Chandran,9084700766,Vijay Bose,2026-08-11 07:58,554,Trichy-West,
C04558,9182992299,Ilango Chandran,9454990453,Anand Subramaniam,2026-08-12 10:58,471,Trichy-West,
C04559,9182992299,Ilango Chandran,9317139005,Murugan Pillai,2026-08-13 11:46,275,Erode-Hub,
C04560,9182992299,Ilango Chandran,9094777520,Manoj Gowda,2026-08-13 20:09,188,Coimbatore-North,
C04561,9182992299,Ilango Chandran,9094777520,Manoj Gowda,2026-08-13 22:47,410,Madurai-East,
C04562,9182992299,Ilango Chandran,9454990453,Anand Subramaniam,2026-08-14 20:49,318,Salem-South,
C04563,9182992299,Ilango Chandran,9094777520,Manoj Gowda,2026-08-14 15:41,54,Coimbatore-North,
C04564,9943969078,Deepak Sharma,9278774701,Ganesh Ramaswamy,2026-08-01 07:02,544,Salem-South,
C04565,9943969078,Deepak Sharma,9489025039,Karthik Velu,2026-08-01 14:27,113,Salem-South,
C04566,9943969078,Deepak Sharma,9314919058,Karthik Das,2026-08-02 19:58,435,Salem-South,
C04567,9943969078,Deepak Sharma,9278774701,Ganesh Ramaswamy,2026-08-02 20:14,189,Erode-Hub,
C04568,9943969078,Deepak Sharma,9640052427,Deepak Pandian,2026-08-03 21:52,88,Madurai-East,
C04569,9943969078,Deepak Sharma,9850142940,Murugan Velu,2026-08-03 21:46,24,Trichy-West,
C04570,9943969078,Deepak Sharma,9489025039,Karthik Velu,2026-08-04 13:47,96,Chennai-Central,
C04571,9943969078,Deepak Sharma,9094777520,Manoj Gowda,2026-08-04 17:10,148,Erode-Hub,
C04572,9943969078,Deepak Sharma,9473829973,Bharath Menon,2026-08-05 13:31,142,Chennai-Central,
C04573,9943969078,Deepak Sharma,9094777520,Manoj Gowda,2026-08-05 16:14,442,Trichy-West,
C04574,9943969078,Deepak Sharma,9640052427,Deepak Pandian,2026-08-06 12:44,181,Trichy-West,
C04575,9943969078,Deepak Sharma,9094777520,Manoj Gowda,2026-08-06 13:09,221,Chennai-Central,
C04576,9943969078,Deepak Sharma,9839301031,Rahul Das,2026-08-07 10:29,73,Trichy-West,
C04577,9943969078,Deepak Sharma,9489025039,Karthik Velu,2026-08-08 18:48,386,Madurai-East,
C04578,9943969078,Deepak Sharma,9473829973,Bharath Menon,2026-08-09 08:13,132,Erode-Hub,
C04579,9943969078,Deepak Sharma,9489025039,Karthik Velu,2026-08-09 14:54,297,Coimbatore-North,
C04580,9943969078,Deepak Sharma,9314919058,Karthik Das,2026-08-09 22:18,438,Erode-Hub,
C04581,9943969078,Deepak Sharma,9850142940,Murugan Velu,2026-08-10 12:01,215,Madurai-East,
C04582,9943969078,Deepak Sharma,9314919058,Karthik Das,2026-08-10 22:24,39,Chennai-Central,
C04583,9943969078,Deepak Sharma,9489025039,Karthik Velu,2026-08-11 20:06,560,Trichy-West,
C04584,9943969078,Deepak Sharma,9473829973,Bharath Menon,2026-08-11 20:08,82,Coimbatore-North,
C04585,9943969078,Deepak Sharma,9473829973,Bharath Menon,2026-08-11 07:02,25,Chennai-Central,
C04586,9943969078,Deepak Sharma,9314919058,Karthik Das,2026-08-12 20:52,583,Erode-Hub,
C04587,9943969078,Deepak Sharma,9314919058,Karthik Das,2026-08-13 21:22,465,Coimbatore-North,
C04588,9943969078,Deepak Sharma,9640052427,Deepak Pandian,2026-08-13 21:48,144,Chennai-Central,
C04589,9943969078,Deepak Sharma,9640052427,Deepak Pandian,2026-08-13 12:57,136,Madurai-East,
C04590,9943969078,Deepak Sharma,9473829973,Bharath Menon,2026-08-14 14:52,464,Coimbatore-North,
C04591,9943969078,Deepak Sharma,9850142940,Murugan Velu,2026-08-14 22:44,457,Chennai-Central,
C04592,9943969078,Deepak Sharma,9489025039,Karthik Velu,2026-08-14 22:56,213,Salem-South,
C04593,9647102767,Anand Sundaram,9094777520,Manoj Gowda,2026-08-01 15:11,488,Coimbatore-North,
C04594,9647102767,Anand Sundaram,9556909275,Karthik Menon,2026-08-02 20:32,513,Trichy-West,
C04595,9647102767,Anand Sundaram,9547772522,Eswar Pandian,2026-08-02 18:42,444,Trichy-West,
C04596,9647102767,Anand Sundaram,9889579868,Kannan Velu,2026-08-02 14:50,357,Chennai-Central,
C04597,9647102767,Anand Sundaram,9556909275,Karthik Menon,2026-08-03 20:03,137,Coimbatore-North,
C04598,9647102767,Anand Sundaram,9175496513,Sathish Chandran,2026-08-04 21:34,447,Salem-South,
C04599,9647102767,Anand Sundaram,9547772522,Eswar Pandian,2026-08-04 16:49,179,Coimbatore-North,
C04600,9647102767,Anand Sundaram,9556909275,Karthik Menon,2026-08-04 12:21,284,Salem-South,
C04601,9647102767,Anand Sundaram,9094777520,Manoj Gowda,2026-08-05 16:39,374,Madurai-East,
C04602,9647102767,Anand Sundaram,9175496513,Sathish Chandran,2026-08-05 20:43,219,Erode-Hub,
C04603,9647102767,Anand Sundaram,9094777520,Manoj Gowda,2026-08-06 20:17,165,Erode-Hub,
C04604,9647102767,Anand Sundaram,9175496513,Sathish Chandran,2026-08-06 19:46,437,Madurai-East,
C04605,9647102767,Anand Sundaram,9094777520,Manoj Gowda,2026-08-06 15:01,111,Salem-South,
C04606,9647102767,Anand Sundaram,9547772522,Eswar Pandian,2026-08-07 09:51,70,Salem-South,
C04607,9647102767,Anand Sundaram,9547772522,Eswar Pandian,2026-08-07 15:21,294,Chennai-Central,
C04608,9647102767,Anand Sundaram,9603669096,Devan Subramaniam,2026-08-08 08:36,159,Chennai-Central,
C04609,9647102767,Anand Sundaram,9094777520,Manoj Gowda,2026-08-09 22:41,576,Chennai-Central,
C04610,9647102767,Anand Sundaram,9556909275,Karthik Menon,2026-08-09 20:01,387,Chennai-Central,
C04611,9647102767,Anand Sundaram,9175496513,Sathish Chandran,2026-08-09 16:36,306,Trichy-West,
C04612,9647102767,Anand Sundaram,9556909275,Karthik Menon,2026-08-10 12:05,438,Madurai-East,
C04613,9647102767,Anand Sundaram,9547772522,Eswar Pandian,2026-08-11 19:04,526,Erode-Hub,
C04614,9647102767,Anand Sundaram,9556909275,Karthik Menon,2026-08-12 15:04,169,Chennai-Central,
C04615,9647102767,Anand Sundaram,9094777520,Manoj Gowda,2026-08-12 07:10,561,Salem-South,
C04616,9647102767,Anand Sundaram,9547772522,Eswar Pandian,2026-08-12 09:29,481,Erode-Hub,
C04617,9647102767,Anand Sundaram,9094777520,Manoj Gowda,2026-08-13 11:36,487,Coimbatore-North,
C04618,9647102767,Anand Sundaram,9556909275,Karthik Menon,2026-08-13 20:54,86,Coimbatore-North,
C04619,9647102767,Anand Sundaram,9889579868,Kannan Velu,2026-08-13 16:07,395,Trichy-West,
C04620,9647102767,Anand Sundaram,9547772522,Eswar Pandian,2026-08-14 07:01,594,Coimbatore-North,
C04621,9647102767,Anand Sundaram,9094777520,Manoj Gowda,2026-08-14 17:45,497,Coimbatore-North,
C04622,9556258815,Kumar Gowda,9321046963,Dinesh Subramaniam,2026-08-01 19:31,309,Trichy-West,
C04623,9556258815,Kumar Gowda,9321046963,Dinesh Subramaniam,2026-08-01 10:02,160,Chennai-Central,
C04624,9556258815,Kumar Gowda,9659180339,Aravind Gowda,2026-08-01 09:22,154,Madurai-East,
C04625,9556258815,Kumar Gowda,9277901043,Arjun Natarajan,2026-08-02 10:33,554,Salem-South,
C04626,9556258815,Kumar Gowda,9180170462,Gopal Natarajan,2026-08-03 19:39,302,Erode-Hub,
C04627,9556258815,Kumar Gowda,9659180339,Aravind Gowda,2026-08-03 21:03,382,Coimbatore-North,
C04628,9556258815,Kumar Gowda,9473947312,Sathish Ramaswamy,2026-08-04 14:24,108,Chennai-Central,
C04629,9556258815,Kumar Gowda,9016582029,Jagan Sundaram,2026-08-04 13:17,360,Chennai-Central,
C04630,9556258815,Kumar Gowda,9321046963,Dinesh Subramaniam,2026-08-05 14:58,392,Madurai-East,
C04631,9556258815,Kumar Gowda,9016582029,Jagan Sundaram,2026-08-06 15:25,217,Chennai-Central,
C04632,9556258815,Kumar Gowda,9659180339,Aravind Gowda,2026-08-06 17:24,298,Chennai-Central,
C04633,9556258815,Kumar Gowda,9659180339,Aravind Gowda,2026-08-07 15:19,324,Coimbatore-North,
C04634,9556258815,Kumar Gowda,9659180339,Aravind Gowda,2026-08-07 17:54,502,Salem-South,
C04635,9556258815,Kumar Gowda,9180170462,Gopal Natarajan,2026-08-08 22:44,100,Coimbatore-North,
C04636,9556258815,Kumar Gowda,9341232812,Sabari Rao,2026-08-08 08:46,549,Madurai-East,
C04637,9556258815,Kumar Gowda,9321046963,Dinesh Subramaniam,2026-08-08 08:48,476,Chennai-Central,
C04638,9556258815,Kumar Gowda,9277901043,Arjun Natarajan,2026-08-09 08:57,59,Madurai-East,
C04639,9556258815,Kumar Gowda,9180170462,Gopal Natarajan,2026-08-09 21:36,479,Salem-South,
C04640,9556258815,Kumar Gowda,9016582029,Jagan Sundaram,2026-08-10 11:52,414,Trichy-West,
C04641,9556258815,Kumar Gowda,9473947312,Sathish Ramaswamy,2026-08-11 15:02,564,Coimbatore-North,
C04642,9556258815,Kumar Gowda,9277901043,Arjun Natarajan,2026-08-12 17:29,141,Chennai-Central,
C04643,9556258815,Kumar Gowda,9277901043,Arjun Natarajan,2026-08-12 20:46,499,Madurai-East,
C04644,9556258815,Kumar Gowda,9277901043,Arjun Natarajan,2026-08-13 07:15,60,Chennai-Central,
C04645,9556258815,Kumar Gowda,9793564651,Rajesh Natarajan,2026-08-13 15:55,304,Trichy-West,
C04646,9556258815,Kumar Gowda,9321046963,Dinesh Subramaniam,2026-08-14 11:19,307,Trichy-West,
C04647,9556258815,Kumar Gowda,9746814538,Unknown,2026-08-12 18:55,19,Coimbatore-North,SUSPICIOUS_BURST
C04648,9556258815,Kumar Gowda,9746814538,Unknown,2026-08-12 16:43,55,Chennai-Central,SUSPICIOUS_BURST
C04649,9556258815,Kumar Gowda,9746814538,Unknown,2026-08-12 07:40,59,Chennai-Central,SUSPICIOUS_BURST
C04650,9556258815,Kumar Gowda,9746814538,Unknown,2026-08-12 06:54,13,Coimbatore-North,SUSPICIOUS_BURST
C04651,9556258815,Kumar Gowda,9746814538,Unknown,2026-08-12 02:57,33,Coimbatore-North,SUSPICIOUS_BURST
C04652,9556258815,Kumar Gowda,9746814538,Unknown,2026-08-12 22:39,26,Chennai-Central,SUSPICIOUS_BURST
C04653,9556258815,Kumar Gowda,9746814538,Unknown,2026-08-12 15:09,34,Chennai-Central,SUSPICIOUS_BURST
C04654,9556258815,Kumar Gowda,9746814538,Unknown,2026-08-12 22:33,36,Chennai-Central,SUSPICIOUS_BURST
C04655,9556258815,Kumar Gowda,9746814538,Unknown,2026-08-12 02:25,36,Coimbatore-North,SUSPICIOUS_BURST
C04656,9556258815,Kumar Gowda,9746814538,Unknown,2026-08-12 00:05,33,Chennai-Central,SUSPICIOUS_BURST
C04657,9556258815,Kumar Gowda,9746814538,Unknown,2026-08-12 21:24,31,Chennai-Central,SUSPICIOUS_BURST
C04658,9556258815,Kumar Gowda,9746814538,Unknown,2026-08-12 04:34,9,Coimbatore-North,SUSPICIOUS_BURST
C04659,9556258815,Kumar Gowda,9746814538,Unknown,2026-08-12 09:50,11,Chennai-Central,SUSPICIOUS_BURST
C04660,9556258815,Kumar Gowda,9746814538,Unknown,2026-08-12 03:01,41,Coimbatore-North,SUSPICIOUS_BURST
C04661,9556258815,Kumar Gowda,9746814538,Unknown,2026-08-12 15:20,9,Coimbatore-North,SUSPICIOUS_BURST
C04662,9556258815,Kumar Gowda,9746814538,Unknown,2026-08-12 09:47,23,Coimbatore-North,SUSPICIOUS_BURST
C04663,9556258815,Kumar Gowda,9746814538,Unknown,2026-08-12 01:47,42,Coimbatore-North,SUSPICIOUS_BURST
C04664,9556258815,Kumar Gowda,9746814538,Unknown,2026-08-12 18:00,40,Coimbatore-North,SUSPICIOUS_BURST
C04665,9556258815,Kumar Gowda,9746814538,Unknown,2026-08-12 12:11,49,Chennai-Central,SUSPICIOUS_BURST
C04666,9556258815,Kumar Gowda,9746814538,Unknown,2026-08-12 04:22,56,Coimbatore-North,SUSPICIOUS_BURST
C04667,9321046963,Dinesh Subramaniam,9222196937,Selvam Das,2026-08-01 22:57,375,Erode-Hub,
C04668,9321046963,Dinesh Subramaniam,9874064039,Farook Sharma,2026-08-01 13:45,479,Coimbatore-North,
C04669,9321046963,Dinesh Subramaniam,9662702895,Rajesh Raj,2026-08-01 20:12,289,Coimbatore-North,
C04670,9321046963,Dinesh Subramaniam,9131712748,Eswar Krishnan,2026-08-02 19:16,458,Erode-Hub,
C04671,9321046963,Dinesh Subramaniam,9464887719,Kannan Natarajan,2026-08-02 11:59,227,Trichy-West,
C04672,9321046963,Dinesh Subramaniam,9222196937,Selvam Das,2026-08-03 10:28,248,Salem-South,
C04673,9321046963,Dinesh Subramaniam,9874064039,Farook Sharma,2026-08-03 15:46,543,Erode-Hub,
C04674,9321046963,Dinesh Subramaniam,9131712748,Eswar Krishnan,2026-08-04 14:27,487,Salem-South,
C04675,9321046963,Dinesh Subramaniam,9662702895,Rajesh Raj,2026-08-05 07:12,475,Coimbatore-North,
C04676,9321046963,Dinesh Subramaniam,9222196937,Selvam Das,2026-08-06 20:04,263,Chennai-Central,
C04677,9321046963,Dinesh Subramaniam,9464887719,Kannan Natarajan,2026-08-07 11:14,162,Salem-South,
C04678,9321046963,Dinesh Subramaniam,9874064039,Farook Sharma,2026-08-07 15:40,443,Chennai-Central,
C04679,9321046963,Dinesh Subramaniam,9662702895,Rajesh Raj,2026-08-08 10:32,87,Salem-South,
C04680,9321046963,Dinesh Subramaniam,9662702895,Rajesh Raj,2026-08-09 10:15,242,Trichy-West,
C04681,9321046963,Dinesh Subramaniam,9131712748,Eswar Krishnan,2026-08-10 21:59,405,Trichy-West,
C04682,9321046963,Dinesh Subramaniam,9131712748,Eswar Krishnan,2026-08-11 19:44,203,Chennai-Central,
C04683,9321046963,Dinesh Subramaniam,9222196937,Selvam Das,2026-08-11 16:30,431,Chennai-Central,
C04684,9321046963,Dinesh Subramaniam,9131712748,Eswar Krishnan,2026-08-12 11:51,331,Erode-Hub,
C04685,9321046963,Dinesh Subramaniam,9662702895,Rajesh Raj,2026-08-13 14:33,545,Coimbatore-North,
C04686,9321046963,Dinesh Subramaniam,9662702895,Rajesh Raj,2026-08-13 22:55,365,Salem-South,
C04687,9321046963,Dinesh Subramaniam,9222196937,Selvam Das,2026-08-14 08:29,76,Chennai-Central,
C04688,9321046963,Dinesh Subramaniam,9874064039,Farook Sharma,2026-08-14 08:51,373,Coimbatore-North,
C04689,9321046963,Dinesh Subramaniam,9222196937,Selvam Das,2026-08-14 10:58,41,Chennai-Central,
C04690,9278774701,Ganesh Ramaswamy,9684145933,Senthil Nair,2026-08-01 11:44,355,Coimbatore-North,
C04691,9278774701,Ganesh Ramaswamy,9812236231,Kumar Shetty,2026-08-01 09:02,255,Coimbatore-North,
C04692,9278774701,Ganesh Ramaswamy,9641708053,Sabari Venkatesh,2026-08-02 12:35,144,Coimbatore-North,
C04693,9278774701,Ganesh Ramaswamy,9684145933,Senthil Nair,2026-08-03 12:36,477,Trichy-West,
C04694,9278774701,Ganesh Ramaswamy,9171822782,Farook Iyer,2026-08-04 17:48,470,Erode-Hub,
C04695,9278774701,Ganesh Ramaswamy,9812236231,Kumar Shetty,2026-08-04 19:55,158,Madurai-East,
C04696,9278774701,Ganesh Ramaswamy,9812236231,Kumar Shetty,2026-08-05 13:50,130,Salem-South,
C04697,9278774701,Ganesh Ramaswamy,9171822782,Farook Iyer,2026-08-05 18:28,243,Madurai-East,
C04698,9278774701,Ganesh Ramaswamy,9627298069,Elango Gupta,2026-08-05 19:31,362,Coimbatore-North,
C04699,9278774701,Ganesh Ramaswamy,9641708053,Sabari Venkatesh,2026-08-06 13:34,183,Erode-Hub,
C04700,9278774701,Ganesh Ramaswamy,9812236231,Kumar Shetty,2026-08-06 12:45,264,Salem-South,
C04701,9278774701,Ganesh Ramaswamy,9627298069,Elango Gupta,2026-08-07 19:33,382,Coimbatore-North,
C04702,9278774701,Ganesh Ramaswamy,9171822782,Farook Iyer,2026-08-07 14:52,199,Salem-South,
C04703,9278774701,Ganesh Ramaswamy,9627298069,Elango Gupta,2026-08-07 13:09,491,Salem-South,
C04704,9278774701,Ganesh Ramaswamy,9627298069,Elango Gupta,2026-08-08 18:01,31,Salem-South,
C04705,9278774701,Ganesh Ramaswamy,9684145933,Senthil Nair,2026-08-08 17:37,59,Salem-South,
C04706,9278774701,Ganesh Ramaswamy,9627298069,Elango Gupta,2026-08-09 11:24,339,Madurai-East,
C04707,9278774701,Ganesh Ramaswamy,9641708053,Sabari Venkatesh,2026-08-10 11:49,136,Trichy-West,
C04708,9278774701,Ganesh Ramaswamy,9627298069,Elango Gupta,2026-08-11 12:23,102,Erode-Hub,
C04709,9278774701,Ganesh Ramaswamy,9684145933,Senthil Nair,2026-08-11 15:30,170,Erode-Hub,
C04710,9278774701,Ganesh Ramaswamy,9641708053,Sabari Venkatesh,2026-08-11 16:25,579,Salem-South,
C04711,9278774701,Ganesh Ramaswamy,9641708053,Sabari Venkatesh,2026-08-12 15:09,382,Salem-South,
C04712,9278774701,Ganesh Ramaswamy,9171822782,Farook Iyer,2026-08-12 08:16,549,Madurai-East,
C04713,9278774701,Ganesh Ramaswamy,9641708053,Sabari Venkatesh,2026-08-12 07:16,340,Chennai-Central,
C04714,9278774701,Ganesh Ramaswamy,9812236231,Kumar Shetty,2026-08-13 22:38,237,Chennai-Central,
C04715,9278774701,Ganesh Ramaswamy,9627298069,Elango Gupta,2026-08-13 17:20,558,Salem-South,
C04716,9278774701,Ganesh Ramaswamy,9641708053,Sabari Venkatesh,2026-08-13 16:08,548,Madurai-East,
C04717,9278774701,Ganesh Ramaswamy,9171822782,Farook Iyer,2026-08-14 16:46,393,Madurai-East,
C04718,9500479748,Mahesh Das,9674680715,Naveen Gupta,2026-08-01 19:52,468,Chennai-Central,
C04719,9500479748,Mahesh Das,9435346247,Kumar Achari,2026-08-01 15:44,474,Erode-Hub,
C04720,9500479748,Mahesh Das,9674680715,Naveen Gupta,2026-08-01 20:16,438,Erode-Hub,
C04721,9500479748,Mahesh Das,9534283644,Farook Bose,2026-08-02 10:20,427,Trichy-West,
C04722,9500479748,Mahesh Das,9534283644,Farook Bose,2026-08-02 09:18,234,Trichy-West,
C04723,9500479748,Mahesh Das,9210205395,Devan Pillai,2026-08-03 16:45,104,Erode-Hub,
C04724,9500479748,Mahesh Das,9435346247,Kumar Achari,2026-08-03 20:08,488,Chennai-Central,
C04725,9500479748,Mahesh Das,9156149784,Sabari Murthy,2026-08-03 17:23,25,Chennai-Central,
C04726,9500479748,Mahesh Das,9674680715,Naveen Gupta,2026-08-04 14:55,337,Chennai-Central,
C04727,9500479748,Mahesh Das,9156149784,Sabari Murthy,2026-08-05 20:47,186,Coimbatore-North,
C04728,9500479748,Mahesh Das,9534283644,Farook Bose,2026-08-05 15:13,415,Salem-South,
C04729,9500479748,Mahesh Das,9534283644,Farook Bose,2026-08-05 15:29,70,Madurai-East,
C04730,9500479748,Mahesh Das,9435346247,Kumar Achari,2026-08-06 15:38,307,Madurai-East,
C04731,9500479748,Mahesh Das,9674680715,Naveen Gupta,2026-08-06 15:59,176,Salem-South,
C04732,9500479748,Mahesh Das,9435346247,Kumar Achari,2026-08-07 15:13,210,Chennai-Central,
C04733,9500479748,Mahesh Das,9674680715,Naveen Gupta,2026-08-08 14:46,592,Chennai-Central,
C04734,9500479748,Mahesh Das,9156149784,Sabari Murthy,2026-08-08 20:48,234,Trichy-West,
C04735,9500479748,Mahesh Das,9210205395,Devan Pillai,2026-08-09 13:58,463,Erode-Hub,
C04736,9500479748,Mahesh Das,9674680715,Naveen Gupta,2026-08-09 16:22,600,Madurai-East,
C04737,9500479748,Mahesh Das,9156149784,Sabari Murthy,2026-08-09 17:14,500,Coimbatore-North,
C04738,9500479748,Mahesh Das,9210205395,Devan Pillai,2026-08-10 20:30,295,Coimbatore-North,
C04739,9500479748,Mahesh Das,9674680715,Naveen Gupta,2026-08-10 22:14,500,Erode-Hub,
C04740,9500479748,Mahesh Das,9435346247,Kumar Achari,2026-08-11 08:04,111,Salem-South,
C04741,9500479748,Mahesh Das,9534283644,Farook Bose,2026-08-11 18:44,231,Trichy-West,
C04742,9500479748,Mahesh Das,9534283644,Farook Bose,2026-08-12 17:18,353,Chennai-Central,
C04743,9500479748,Mahesh Das,9534283644,Farook Bose,2026-08-12 18:10,265,Coimbatore-North,
C04744,9500479748,Mahesh Das,9435346247,Kumar Achari,2026-08-12 17:08,109,Chennai-Central,
C04745,9500479748,Mahesh Das,9534283644,Farook Bose,2026-08-13 08:58,35,Madurai-East,
C04746,9500479748,Mahesh Das,9534283644,Farook Bose,2026-08-14 07:12,291,Trichy-West,
C04747,9500479748,Mahesh Das,9156149784,Sabari Murthy,2026-08-14 09:09,280,Trichy-West,
C04748,9456506098,Ravi Shetty,9799371240,Sathish Menon,2026-08-01 12:44,512,Chennai-Central,
C04749,9456506098,Ravi Shetty,9044997278,Bharath Pillai,2026-08-02 11:54,409,Madurai-East,
C04750,9456506098,Ravi Shetty,9243292127,Anand Reddy,2026-08-03 11:43,55,Chennai-Central,
C04751,9456506098,Ravi Shetty,9801006231,Kishore Sharma,2026-08-03 08:37,275,Chennai-Central,
C04752,9456506098,Ravi Shetty,9044997278,Bharath Pillai,2026-08-04 19:00,563,Chennai-Central,
C04753,9456506098,Ravi Shetty,9826137506,Siva Shetty,2026-08-04 18:56,285,Trichy-West,
C04754,9456506098,Ravi Shetty,9243292127,Anand Reddy,2026-08-05 12:59,328,Madurai-East,
C04755,9456506098,Ravi Shetty,9044997278,Bharath Pillai,2026-08-05 21:23,250,Salem-South,
C04756,9456506098,Ravi Shetty,9569816934,Pandi Sundaram,2026-08-05 16:33,208,Coimbatore-North,
C04757,9456506098,Ravi Shetty,9569816934,Pandi Sundaram,2026-08-06 07:56,309,Salem-South,
C04758,9456506098,Ravi Shetty,9799371240,Sathish Menon,2026-08-07 14:31,252,Coimbatore-North,
C04759,9456506098,Ravi Shetty,9801006231,Kishore Sharma,2026-08-07 16:21,274,Erode-Hub,
C04760,9456506098,Ravi Shetty,9799371240,Sathish Menon,2026-08-07 15:28,520,Madurai-East,
C04761,9456506098,Ravi Shetty,9243292127,Anand Reddy,2026-08-08 15:25,487,Trichy-West,
C04762,9456506098,Ravi Shetty,9905151864,Thiru Gupta,2026-08-09 09:11,55,Coimbatore-North,
C04763,9456506098,Ravi Shetty,9799371240,Sathish Menon,2026-08-10 20:10,549,Salem-South,
C04764,9456506098,Ravi Shetty,9044997278,Bharath Pillai,2026-08-11 16:59,487,Erode-Hub,
C04765,9456506098,Ravi Shetty,9799371240,Sathish Menon,2026-08-12 18:42,87,Trichy-West,
C04766,9456506098,Ravi Shetty,9569816934,Pandi Sundaram,2026-08-12 09:40,575,Salem-South,
C04767,9456506098,Ravi Shetty,9826137506,Siva Shetty,2026-08-13 13:21,268,Salem-South,
C04768,9456506098,Ravi Shetty,9801006231,Kishore Sharma,2026-08-13 12:28,457,Madurai-East,
C04769,9456506098,Ravi Shetty,9801006231,Kishore Sharma,2026-08-13 10:55,270,Coimbatore-North,
C04770,9456506098,Ravi Shetty,9801006231,Kishore Sharma,2026-08-14 21:10,523,Salem-South,
C04771,9456506098,Ravi Shetty,9905151864,Thiru Gupta,2026-08-14 21:10,304,Salem-South,
C04772,9849912165,Bharath Subramaniam,9719022941,Karthik Mohan,2026-08-01 10:23,169,Coimbatore-North,
C04773,9849912165,Bharath Subramaniam,9556909275,Karthik Menon,2026-08-02 12:59,30,Erode-Hub,
C04774,9849912165,Bharath Subramaniam,9556909275,Karthik Menon,2026-08-02 15:17,571,Salem-South,
C04775,9849912165,Bharath Subramaniam,9516136968,Ilango Subramaniam,2026-08-02 11:19,534,Madurai-East,
C04776,9849912165,Bharath Subramaniam,9556909275,Karthik Menon,2026-08-03 21:53,29,Chennai-Central,
C04777,9849912165,Bharath Subramaniam,9840862118,Pandi Pillai,2026-08-03 16:30,277,Erode-Hub,
C04778,9849912165,Bharath Subramaniam,9556909275,Karthik Menon,2026-08-03 13:34,67,Trichy-West,
C04779,9849912165,Bharath Subramaniam,9719022941,Karthik Mohan,2026-08-04 07:20,120,Trichy-West,
C04780,9849912165,Bharath Subramaniam,9516136968,Ilango Subramaniam,2026-08-05 19:30,444,Erode-Hub,
C04781,9849912165,Bharath Subramaniam,9615305152,Hari Menon,2026-08-06 21:56,559,Trichy-West,
C04782,9849912165,Bharath Subramaniam,9719022941,Karthik Mohan,2026-08-06 18:44,352,Erode-Hub,
C04783,9849912165,Bharath Subramaniam,9615305152,Hari Menon,2026-08-06 15:02,598,Trichy-West,
C04784,9849912165,Bharath Subramaniam,9719022941,Karthik Mohan,2026-08-07 18:39,600,Coimbatore-North,
C04785,9849912165,Bharath Subramaniam,9615305152,Hari Menon,2026-08-08 07:55,532,Trichy-West,
C04786,9849912165,Bharath Subramaniam,9516136968,Ilango Subramaniam,2026-08-08 07:10,314,Salem-South,
C04787,9849912165,Bharath Subramaniam,9615305152,Hari Menon,2026-08-09 10:31,418,Chennai-Central,
C04788,9849912165,Bharath Subramaniam,9615305152,Hari Menon,2026-08-10 14:14,399,Madurai-East,
C04789,9849912165,Bharath Subramaniam,9516136968,Ilango Subramaniam,2026-08-10 11:12,274,Erode-Hub,
C04790,9849912165,Bharath Subramaniam,9556909275,Karthik Menon,2026-08-10 21:15,195,Erode-Hub,
C04791,9849912165,Bharath Subramaniam,9556909275,Karthik Menon,2026-08-11 11:34,577,Coimbatore-North,
C04792,9849912165,Bharath Subramaniam,9719022941,Karthik Mohan,2026-08-11 11:07,478,Erode-Hub,
C04793,9849912165,Bharath Subramaniam,9719022941,Karthik Mohan,2026-08-12 11:44,194,Madurai-East,
C04794,9849912165,Bharath Subramaniam,9516136968,Ilango Subramaniam,2026-08-12 13:28,286,Chennai-Central,
C04795,9849912165,Bharath Subramaniam,9556909275,Karthik Menon,2026-08-13 19:54,267,Trichy-West,
C04796,9849912165,Bharath Subramaniam,9556909275,Karthik Menon,2026-08-13 15:53,362,Chennai-Central,
C04797,9849912165,Bharath Subramaniam,9615305152,Hari Menon,2026-08-14 08:20,399,Trichy-West,
C04798,9849912165,Bharath Subramaniam,9556909275,Karthik Menon,2026-08-14 20:56,98,Coimbatore-North,
C04799,9868000257,Ganesh Bose,9280598262,Karthik Shetty,2026-08-01 16:47,37,Salem-South,
C04800,9868000257,Ganesh Bose,9361939909,Harish Iyer,2026-08-02 16:50,502,Erode-Hub,
C04801,9868000257,Ganesh Bose,9280598262,Karthik Shetty,2026-08-02 16:12,485,Coimbatore-North,
C04802,9868000257,Ganesh Bose,9938677496,Harish Bose,2026-08-02 10:13,445,Erode-Hub,
C04803,9868000257,Ganesh Bose,9280598262,Karthik Shetty,2026-08-03 16:05,525,Madurai-East,
C04804,9868000257,Ganesh Bose,9256342160,Selvam Kumar,2026-08-04 21:10,553,Coimbatore-North,
C04805,9868000257,Ganesh Bose,9280598262,Karthik Shetty,2026-08-04 14:00,254,Salem-South,
C04806,9868000257,Ganesh Bose,9968562185,Farook Menon,2026-08-04 16:56,208,Trichy-West,
C04807,9868000257,Ganesh Bose,9256342160,Selvam Kumar,2026-08-05 22:05,497,Salem-South,
C04808,9868000257,Ganesh Bose,9962309130,Naveen Murthy,2026-08-05 21:01,407,Coimbatore-North,
C04809,9868000257,Ganesh Bose,9968562185,Farook Menon,2026-08-06 09:49,511,Trichy-West,
C04810,9868000257,Ganesh Bose,9962309130,Naveen Murthy,2026-08-06 09:44,259,Erode-Hub,
C04811,9868000257,Ganesh Bose,9280598262,Karthik Shetty,2026-08-07 18:37,422,Chennai-Central,
C04812,9868000257,Ganesh Bose,9968562185,Farook Menon,2026-08-08 12:02,438,Coimbatore-North,
C04813,9868000257,Ganesh Bose,9938677496,Harish Bose,2026-08-08 17:41,475,Coimbatore-North,
C04814,9868000257,Ganesh Bose,9256342160,Selvam Kumar,2026-08-09 17:30,518,Chennai-Central,
C04815,9868000257,Ganesh Bose,9962309130,Naveen Murthy,2026-08-09 20:21,237,Trichy-West,
C04816,9868000257,Ganesh Bose,9361939909,Harish Iyer,2026-08-10 17:21,579,Madurai-East,
C04817,9868000257,Ganesh Bose,9938677496,Harish Bose,2026-08-10 22:44,275,Madurai-East,
C04818,9868000257,Ganesh Bose,9466183982,Elango Kumar,2026-08-11 07:44,542,Erode-Hub,
C04819,9868000257,Ganesh Bose,9962309130,Naveen Murthy,2026-08-11 15:02,333,Chennai-Central,
C04820,9868000257,Ganesh Bose,9361939909,Harish Iyer,2026-08-12 10:31,254,Salem-South,
C04821,9868000257,Ganesh Bose,9962309130,Naveen Murthy,2026-08-12 10:37,268,Trichy-West,
C04822,9868000257,Ganesh Bose,9968562185,Farook Menon,2026-08-12 12:20,498,Coimbatore-North,
C04823,9868000257,Ganesh Bose,9962309130,Naveen Murthy,2026-08-13 14:18,521,Madurai-East,
C04824,9868000257,Ganesh Bose,9968562185,Farook Menon,2026-08-13 21:07,85,Erode-Hub,
C04825,9868000257,Ganesh Bose,9466183982,Elango Kumar,2026-08-13 10:13,237,Erode-Hub,
C04826,9868000257,Ganesh Bose,9466183982,Elango Kumar,2026-08-14 08:22,347,Madurai-East,
C04827,9868000257,Ganesh Bose,9938677496,Harish Bose,2026-08-14 12:36,433,Madurai-East,
C04828,9868000257,Ganesh Bose,9361939909,Harish Iyer,2026-08-14 14:14,242,Erode-Hub,
C04829,9952694958,Ravi Gupta,9841616928,Hari Achari,2026-08-01 09:11,364,Trichy-West,
C04830,9952694958,Ravi Gupta,9005411998,Kannan Subramaniam,2026-08-01 21:31,153,Chennai-Central,
C04831,9952694958,Ravi Gupta,9377889255,Prakash Sharma,2026-08-02 08:41,188,Salem-South,
C04832,9952694958,Ravi Gupta,9841616928,Hari Achari,2026-08-03 11:47,220,Erode-Hub,
C04833,9952694958,Ravi Gupta,9005411998,Kannan Subramaniam,2026-08-03 12:24,180,Madurai-East,
C04834,9952694958,Ravi Gupta,9419283276,Gopal Rao,2026-08-04 16:08,334,Salem-South,
C04835,9952694958,Ravi Gupta,9419283276,Gopal Rao,2026-08-04 07:35,584,Madurai-East,
C04836,9952694958,Ravi Gupta,9005411998,Kannan Subramaniam,2026-08-04 16:08,451,Erode-Hub,
C04837,9952694958,Ravi Gupta,9841616928,Hari Achari,2026-08-05 10:20,267,Salem-South,
C04838,9952694958,Ravi Gupta,9180170462,Gopal Natarajan,2026-08-05 10:48,324,Chennai-Central,
C04839,9952694958,Ravi Gupta,9419283276,Gopal Rao,2026-08-05 09:20,72,Madurai-East,
C04840,9952694958,Ravi Gupta,9005411998,Kannan Subramaniam,2026-08-06 19:43,66,Trichy-West,
C04841,9952694958,Ravi Gupta,9841616928,Hari Achari,2026-08-06 21:10,491,Chennai-Central,
C04842,9952694958,Ravi Gupta,9419283276,Gopal Rao,2026-08-06 09:03,172,Chennai-Central,
C04843,9952694958,Ravi Gupta,9377889255,Prakash Sharma,2026-08-07 13:10,210,Chennai-Central,
C04844,9952694958,Ravi Gupta,9377889255,Prakash Sharma,2026-08-07 14:13,139,Madurai-East,
C04845,9952694958,Ravi Gupta,9005411998,Kannan Subramaniam,2026-08-08 09:53,358,Madurai-East,
C04846,9952694958,Ravi Gupta,9005411998,Kannan Subramaniam,2026-08-08 16:50,224,Coimbatore-North,
C04847,9952694958,Ravi Gupta,9005411998,Kannan Subramaniam,2026-08-08 18:06,573,Trichy-West,
C04848,9952694958,Ravi Gupta,9377889255,Prakash Sharma,2026-08-09 22:40,506,Chennai-Central,
C04849,9952694958,Ravi Gupta,9377889255,Prakash Sharma,2026-08-10 08:26,555,Erode-Hub,
C04850,9952694958,Ravi Gupta,9419283276,Gopal Rao,2026-08-11 16:18,303,Trichy-West,
C04851,9952694958,Ravi Gupta,9841616928,Hari Achari,2026-08-11 08:09,192,Coimbatore-North,
C04852,9952694958,Ravi Gupta,9005411998,Kannan Subramaniam,2026-08-11 14:39,419,Coimbatore-North,
C04853,9952694958,Ravi Gupta,9005411998,Kannan Subramaniam,2026-08-12 16:43,539,Coimbatore-North,
C04854,9952694958,Ravi Gupta,9377889255,Prakash Sharma,2026-08-13 10:39,476,Chennai-Central,
C04855,9952694958,Ravi Gupta,9377889255,Prakash Sharma,2026-08-13 12:46,262,Trichy-West,
C04856,9952694958,Ravi Gupta,9841616928,Hari Achari,2026-08-14 10:55,337,Trichy-West,
C04857,9952694958,Ravi Gupta,9377889255,Prakash Sharma,2026-08-14 19:45,281,Salem-South,
C04858,9516940974,Rahul Singh,9901476797,Naveen Ramaswamy,2026-08-01 10:18,376,Salem-South,
C04859,9516940974,Rahul Singh,9433036541,Kannan Singh,2026-08-01 07:27,447,Salem-South,
C04860,9516940974,Rahul Singh,9433036541,Kannan Singh,2026-08-01 07:05,72,Madurai-East,
C04861,9516940974,Rahul Singh,9433036541,Kannan Singh,2026-08-02 21:10,281,Chennai-Central,
C04862,9516940974,Rahul Singh,9901476797,Naveen Ramaswamy,2026-08-02 17:10,556,Erode-Hub,
C04863,9516940974,Rahul Singh,9433036541,Kannan Singh,2026-08-03 19:35,267,Salem-South,
C04864,9516940974,Rahul Singh,9433036541,Kannan Singh,2026-08-04 20:03,505,Trichy-West,
C04865,9516940974,Rahul Singh,9267888610,Ravi Iyer,2026-08-04 16:29,423,Erode-Hub,
C04866,9516940974,Rahul Singh,9433036541,Kannan Singh,2026-08-05 21:35,597,Coimbatore-North,
C04867,9516940974,Rahul Singh,9871012269,Vijay Patel,2026-08-06 09:20,445,Trichy-West,
C04868,9516940974,Rahul Singh,9871012269,Vijay Patel,2026-08-07 20:10,544,Erode-Hub,
C04869,9516940974,Rahul Singh,9871012269,Vijay Patel,2026-08-07 13:50,331,Coimbatore-North,
C04870,9516940974,Rahul Singh,9901476797,Naveen Ramaswamy,2026-08-07 12:14,229,Coimbatore-North,
C04871,9516940974,Rahul Singh,9812236231,Kumar Shetty,2026-08-08 16:07,162,Coimbatore-North,
C04872,9516940974,Rahul Singh,9901476797,Naveen Ramaswamy,2026-08-09 12:09,117,Coimbatore-North,
C04873,9516940974,Rahul Singh,9812236231,Kumar Shetty,2026-08-09 07:08,376,Coimbatore-North,
C04874,9516940974,Rahul Singh,9871012269,Vijay Patel,2026-08-09 16:29,214,Erode-Hub,
C04875,9516940974,Rahul Singh,9901476797,Naveen Ramaswamy,2026-08-10 12:31,598,Trichy-West,
C04876,9516940974,Rahul Singh,9433036541,Kannan Singh,2026-08-10 14:27,332,Erode-Hub,
C04877,9516940974,Rahul Singh,9433036541,Kannan Singh,2026-08-10 22:46,395,Chennai-Central,
C04878,9516940974,Rahul Singh,9901476797,Naveen Ramaswamy,2026-08-11 10:23,53,Chennai-Central,
C04879,9516940974,Rahul Singh,9812236231,Kumar Shetty,2026-08-12 09:37,563,Trichy-West,
C04880,9516940974,Rahul Singh,9267888610,Ravi Iyer,2026-08-13 07:41,152,Trichy-West,
C04881,9516940974,Rahul Singh,9901476797,Naveen Ramaswamy,2026-08-13 15:01,410,Erode-Hub,
C04882,9516940974,Rahul Singh,9267888610,Ravi Iyer,2026-08-13 10:59,334,Madurai-East,
C04883,9516940974,Rahul Singh,9871012269,Vijay Patel,2026-08-14 21:47,284,Madurai-East,
C04884,9516940974,Rahul Singh,9901476797,Naveen Ramaswamy,2026-08-14 11:10,564,Coimbatore-North,
C04885,9516940974,Rahul Singh,9152758929,Unknown,2026-08-12 20:48,60,Coimbatore-North,SUSPICIOUS_BURST
C04886,9516940974,Rahul Singh,9152758929,Unknown,2026-08-12 05:00,7,Coimbatore-North,SUSPICIOUS_BURST
C04887,9516940974,Rahul Singh,9152758929,Unknown,2026-08-12 04:42,25,Coimbatore-North,SUSPICIOUS_BURST
C04888,9516940974,Rahul Singh,9152758929,Unknown,2026-08-12 09:55,8,Coimbatore-North,SUSPICIOUS_BURST
C04889,9516940974,Rahul Singh,9152758929,Unknown,2026-08-12 00:58,26,Coimbatore-North,SUSPICIOUS_BURST
C04890,9516940974,Rahul Singh,9152758929,Unknown,2026-08-12 16:24,26,Chennai-Central,SUSPICIOUS_BURST
C04891,9516940974,Rahul Singh,9152758929,Unknown,2026-08-12 18:28,35,Coimbatore-North,SUSPICIOUS_BURST
C04892,9516940974,Rahul Singh,9152758929,Unknown,2026-08-12 11:47,16,Coimbatore-North,SUSPICIOUS_BURST
C04893,9516940974,Rahul Singh,9152758929,Unknown,2026-08-12 23:51,20,Coimbatore-North,SUSPICIOUS_BURST
C04894,9516940974,Rahul Singh,9152758929,Unknown,2026-08-12 13:54,27,Chennai-Central,SUSPICIOUS_BURST
C04895,9516940974,Rahul Singh,9152758929,Unknown,2026-08-12 14:55,51,Chennai-Central,SUSPICIOUS_BURST
C04896,9516940974,Rahul Singh,9152758929,Unknown,2026-08-12 14:21,49,Coimbatore-North,SUSPICIOUS_BURST
C04897,9516940974,Rahul Singh,9152758929,Unknown,2026-08-12 10:33,25,Chennai-Central,SUSPICIOUS_BURST
C04898,9516940974,Rahul Singh,9152758929,Unknown,2026-08-12 09:18,10,Coimbatore-North,SUSPICIOUS_BURST
C04899,9516940974,Rahul Singh,9152758929,Unknown,2026-08-12 19:00,13,Coimbatore-North,SUSPICIOUS_BURST
C04900,9516940974,Rahul Singh,9152758929,Unknown,2026-08-12 20:50,29,Coimbatore-North,SUSPICIOUS_BURST
C04901,9516940974,Rahul Singh,9152758929,Unknown,2026-08-12 03:16,25,Coimbatore-North,SUSPICIOUS_BURST
C04902,9516940974,Rahul Singh,9152758929,Unknown,2026-08-12 02:57,26,Coimbatore-North,SUSPICIOUS_BURST
C04903,9516940974,Rahul Singh,9152758929,Unknown,2026-08-12 13:00,39,Chennai-Central,SUSPICIOUS_BURST
C04904,9516940974,Rahul Singh,9152758929,Unknown,2026-08-12 08:14,29,Coimbatore-North,SUSPICIOUS_BURST
C04905,9516940974,Rahul Singh,9152758929,Unknown,2026-08-12 22:52,16,Coimbatore-North,SUSPICIOUS_BURST
C04906,9516940974,Rahul Singh,9152758929,Unknown,2026-08-12 04:02,30,Coimbatore-North,SUSPICIOUS_BURST
C04907,9516940974,Rahul Singh,9152758929,Unknown,2026-08-12 09:20,30,Chennai-Central,SUSPICIOUS_BURST
C04908,9516940974,Rahul Singh,9152758929,Unknown,2026-08-12 04:24,45,Chennai-Central,SUSPICIOUS_BURST
C04909,9516940974,Rahul Singh,9152758929,Unknown,2026-08-12 03:41,28,Coimbatore-North,SUSPICIOUS_BURST
C04910,9516940974,Rahul Singh,9152758929,Unknown,2026-08-12 12:35,53,Coimbatore-North,SUSPICIOUS_BURST
C04911,9516940974,Rahul Singh,9152758929,Unknown,2026-08-12 13:39,45,Coimbatore-North,SUSPICIOUS_BURST
C04912,9516940974,Rahul Singh,9152758929,Unknown,2026-08-12 02:07,47,Coimbatore-North,SUSPICIOUS_BURST
C04913,9516940974,Rahul Singh,9152758929,Unknown,2026-08-12 03:29,45,Coimbatore-North,SUSPICIOUS_BURST
C04914,9516940974,Rahul Singh,9152758929,Unknown,2026-08-12 19:22,20,Coimbatore-North,SUSPICIOUS_BURST
C04915,9516940974,Rahul Singh,9152758929,Unknown,2026-08-12 20:04,21,Chennai-Central,SUSPICIOUS_BURST
C04916,9516940974,Rahul Singh,9152758929,Unknown,2026-08-12 03:04,30,Chennai-Central,SUSPICIOUS_BURST
C04917,9516940974,Rahul Singh,9152758929,Unknown,2026-08-12 09:19,28,Chennai-Central,SUSPICIOUS_BURST
C04918,9516940974,Rahul Singh,9152758929,Unknown,2026-08-12 06:48,19,Coimbatore-North,SUSPICIOUS_BURST
C04919,9516940974,Rahul Singh,9152758929,Unknown,2026-08-12 15:23,59,Chennai-Central,SUSPICIOUS_BURST
C04920,9516940974,Rahul Singh,9152758929,Unknown,2026-08-12 20:47,19,Coimbatore-North,SUSPICIOUS_BURST
C04921,9962309130,Naveen Murthy,9500479748,Mahesh Das,2026-08-01 10:33,375,Chennai-Central,
C04922,9962309130,Naveen Murthy,9848018451,Harish Subramaniam,2026-08-01 13:05,350,Erode-Hub,
C04923,9962309130,Naveen Murthy,9500479748,Mahesh Das,2026-08-02 17:11,58,Chennai-Central,
C04924,9962309130,Naveen Murthy,9323705895,Vijay Reddy,2026-08-03 18:08,251,Coimbatore-North,
C04925,9962309130,Naveen Murthy,9323705895,Vijay Reddy,2026-08-04 16:13,40,Trichy-West,
C04926,9962309130,Naveen Murthy,9433036541,Kannan Singh,2026-08-05 15:25,436,Coimbatore-North,
C04927,9962309130,Naveen Murthy,9500479748,Mahesh Das,2026-08-06 21:28,281,Madurai-East,
C04928,9962309130,Naveen Murthy,9323705895,Vijay Reddy,2026-08-06 09:55,558,Salem-South,
C04929,9962309130,Naveen Murthy,9848018451,Harish Subramaniam,2026-08-06 10:14,52,Chennai-Central,
C04930,9962309130,Naveen Murthy,9323705895,Vijay Reddy,2026-08-07 11:26,171,Chennai-Central,
C04931,9962309130,Naveen Murthy,9720465375,Ravi Gowda,2026-08-07 14:04,82,Chennai-Central,
C04932,9962309130,Naveen Murthy,9848018451,Harish Subramaniam,2026-08-07 16:50,499,Madurai-East,
C04933,9962309130,Naveen Murthy,9323705895,Vijay Reddy,2026-08-08 21:02,47,Coimbatore-North,
C04934,9962309130,Naveen Murthy,9323705895,Vijay Reddy,2026-08-08 21:43,532,Salem-South,
C04935,9962309130,Naveen Murthy,9720465375,Ravi Gowda,2026-08-09 22:44,493,Trichy-West,
C04936,9962309130,Naveen Murthy,9433036541,Kannan Singh,2026-08-09 16:27,430,Chennai-Central,
C04937,9962309130,Naveen Murthy,9433036541,Kannan Singh,2026-08-10 14:45,186,Salem-South,
C04938,9962309130,Naveen Murthy,9323705895,Vijay Reddy,2026-08-11 18:01,292,Madurai-East,
C04939,9962309130,Naveen Murthy,9500479748,Mahesh Das,2026-08-11 20:11,338,Erode-Hub,
C04940,9962309130,Naveen Murthy,9472126464,Dinesh Verma,2026-08-11 16:18,306,Chennai-Central,
C04941,9962309130,Naveen Murthy,9848018451,Harish Subramaniam,2026-08-12 07:20,442,Salem-South,
C04942,9962309130,Naveen Murthy,9323705895,Vijay Reddy,2026-08-13 22:21,563,Madurai-East,
C04943,9962309130,Naveen Murthy,9500479748,Mahesh Das,2026-08-13 16:17,159,Trichy-West,
C04944,9962309130,Naveen Murthy,9848018451,Harish Subramaniam,2026-08-14 21:27,60,Erode-Hub,
C04945,9962309130,Naveen Murthy,9848018451,Harish Subramaniam,2026-08-14 15:21,30,Erode-Hub,
C04946,9368970283,Ashok Krishnan,9533158692,Vikram Shetty,2026-08-01 12:40,82,Trichy-West,
C04947,9368970283,Ashok Krishnan,9210470952,Ilango Pillai,2026-08-01 11:08,385,Chennai-Central,
C04948,9368970283,Ashok Krishnan,9400499154,Prakash Achari,2026-08-02 07:31,520,Chennai-Central,
C04949,9368970283,Ashok Krishnan,9171822782,Farook Iyer,2026-08-02 22:41,454,Trichy-West,
C04950,9368970283,Ashok Krishnan,9400499154,Prakash Achari,2026-08-02 14:43,321,Salem-South,
C04951,9368970283,Ashok Krishnan,9171822782,Farook Iyer,2026-08-03 16:19,98,Trichy-West,
C04952,9368970283,Ashok Krishnan,9867533963,Eswar Ramaswamy,2026-08-04 18:24,488,Trichy-West,
C04953,9368970283,Ashok Krishnan,9400499154,Prakash Achari,2026-08-05 20:31,381,Chennai-Central,
C04954,9368970283,Ashok Krishnan,9210470952,Ilango Pillai,2026-08-05 13:22,463,Madurai-East,
C04955,9368970283,Ashok Krishnan,9867533963,Eswar Ramaswamy,2026-08-05 09:37,522,Erode-Hub,
C04956,9368970283,Ashok Krishnan,9867533963,Eswar Ramaswamy,2026-08-06 11:41,109,Madurai-East,
C04957,9368970283,Ashok Krishnan,9400499154,Prakash Achari,2026-08-06 07:53,172,Coimbatore-North,
C04958,9368970283,Ashok Krishnan,9171822782,Farook Iyer,2026-08-07 10:03,561,Erode-Hub,
C04959,9368970283,Ashok Krishnan,9210470952,Ilango Pillai,2026-08-07 18:48,384,Madurai-East,
C04960,9368970283,Ashok Krishnan,9400499154,Prakash Achari,2026-08-07 19:40,348,Salem-South,
C04961,9368970283,Ashok Krishnan,9867533963,Eswar Ramaswamy,2026-08-08 12:07,140,Coimbatore-North,
C04962,9368970283,Ashok Krishnan,9533158692,Vikram Shetty,2026-08-08 20:47,357,Coimbatore-North,
C04963,9368970283,Ashok Krishnan,9171822782,Farook Iyer,2026-08-08 12:39,30,Chennai-Central,
C04964,9368970283,Ashok Krishnan,9400499154,Prakash Achari,2026-08-09 13:56,343,Trichy-West,
C04965,9368970283,Ashok Krishnan,9867533963,Eswar Ramaswamy,2026-08-10 21:41,562,Erode-Hub,
C04966,9368970283,Ashok Krishnan,9400499154,Prakash Achari,2026-08-10 15:30,428,Salem-South,
C04967,9368970283,Ashok Krishnan,9400499154,Prakash Achari,2026-08-11 11:53,169,Trichy-West,
C04968,9368970283,Ashok Krishnan,9171822782,Farook Iyer,2026-08-11 18:38,220,Madurai-East,
C04969,9368970283,Ashok Krishnan,9171822782,Farook Iyer,2026-08-11 18:47,500,Erode-Hub,
C04970,9368970283,Ashok Krishnan,9400499154,Prakash Achari,2026-08-12 10:57,101,Salem-South,
C04971,9368970283,Ashok Krishnan,9210470952,Ilango Pillai,2026-08-12 16:34,137,Salem-South,
C04972,9368970283,Ashok Krishnan,9867533963,Eswar Ramaswamy,2026-08-12 20:00,216,Chennai-Central,
C04973,9368970283,Ashok Krishnan,9171822782,Farook Iyer,2026-08-13 09:54,330,Coimbatore-North,
C04974,9368970283,Ashok Krishnan,9533158692,Vikram Shetty,2026-08-13 15:29,218,Chennai-Central,
C04975,9368970283,Ashok Krishnan,9533158692,Vikram Shetty,2026-08-14 12:32,338,Coimbatore-North,
C04976,9858549733,Prakash Subramaniam,9139718707,Chandran Subramaniam,2026-08-01 10:47,103,Erode-Hub,
C04977,9858549733,Prakash Subramaniam,9243292127,Anand Reddy,2026-08-01 12:26,347,Madurai-East,
C04978,9858549733,Prakash Subramaniam,9640909743,Rahul Venkatesh,2026-08-02 14:59,435,Salem-South,
C04979,9858549733,Prakash Subramaniam,9654051531,Vikram Pandian,2026-08-03 15:44,528,Salem-South,
C04980,9858549733,Prakash Subramaniam,9243292127,Anand Reddy,2026-08-03 12:21,167,Coimbatore-North,
C04981,9858549733,Prakash Subramaniam,9240415747,Thiru Sundaram,2026-08-04 16:04,282,Erode-Hub,
C04982,9858549733,Prakash Subramaniam,9640909743,Rahul Venkatesh,2026-08-04 21:15,596,Erode-Hub,
C04983,9858549733,Prakash Subramaniam,9240415747,Thiru Sundaram,2026-08-04 10:56,536,Erode-Hub,
C04984,9858549733,Prakash Subramaniam,9139718707,Chandran Subramaniam,2026-08-05 11:54,430,Trichy-West,
C04985,9858549733,Prakash Subramaniam,9654051531,Vikram Pandian,2026-08-06 17:09,25,Salem-South,
C04986,9858549733,Prakash Subramaniam,9500479748,Mahesh Das,2026-08-07 08:38,559,Chennai-Central,
C04987,9858549733,Prakash Subramaniam,9654051531,Vikram Pandian,2026-08-07 09:45,322,Chennai-Central,
C04988,9858549733,Prakash Subramaniam,9500479748,Mahesh Das,2026-08-08 15:54,332,Madurai-East,
C04989,9858549733,Prakash Subramaniam,9654051531,Vikram Pandian,2026-08-08 11:34,216,Coimbatore-North,
C04990,9858549733,Prakash Subramaniam,9139718707,Chandran Subramaniam,2026-08-09 16:57,456,Madurai-East,
C04991,9858549733,Prakash Subramaniam,9500479748,Mahesh Das,2026-08-09 16:46,223,Salem-South,
C04992,9858549733,Prakash Subramaniam,9654051531,Vikram Pandian,2026-08-10 21:40,519,Chennai-Central,
C04993,9858549733,Prakash Subramaniam,9640909743,Rahul Venkatesh,2026-08-10 17:16,139,Chennai-Central,
C04994,9858549733,Prakash Subramaniam,9240415747,Thiru Sundaram,2026-08-10 16:55,173,Coimbatore-North,
C04995,9858549733,Prakash Subramaniam,9243292127,Anand Reddy,2026-08-11 15:27,498,Madurai-East,
C04996,9858549733,Prakash Subramaniam,9240415747,Thiru Sundaram,2026-08-11 08:04,150,Salem-South,
C04997,9858549733,Prakash Subramaniam,9640909743,Rahul Venkatesh,2026-08-12 22:08,46,Salem-South,
C04998,9858549733,Prakash Subramaniam,9654051531,Vikram Pandian,2026-08-13 20:14,249,Coimbatore-North,
C04999,9858549733,Prakash Subramaniam,9640909743,Rahul Venkatesh,2026-08-14 13:22,119,Erode-Hub,
C05000,9858549733,Prakash Subramaniam,9654051531,Vikram Pandian,2026-08-14 16:22,32,Salem-South,
C05001,9858549733,Prakash Subramaniam,9751049049,Unknown,2026-08-06 00:01,28,Coimbatore-North,SUSPICIOUS_BURST
C05002,9858549733,Prakash Subramaniam,9751049049,Unknown,2026-08-06 02:43,33,Chennai-Central,SUSPICIOUS_BURST
C05003,9858549733,Prakash Subramaniam,9751049049,Unknown,2026-08-06 19:06,37,Chennai-Central,SUSPICIOUS_BURST
C05004,9858549733,Prakash Subramaniam,9751049049,Unknown,2026-08-06 04:52,42,Chennai-Central,SUSPICIOUS_BURST
C05005,9858549733,Prakash Subramaniam,9751049049,Unknown,2026-08-06 21:51,36,Coimbatore-North,SUSPICIOUS_BURST
C05006,9858549733,Prakash Subramaniam,9751049049,Unknown,2026-08-06 04:17,15,Chennai-Central,SUSPICIOUS_BURST
C05007,9858549733,Prakash Subramaniam,9751049049,Unknown,2026-08-06 04:46,14,Chennai-Central,SUSPICIOUS_BURST
C05008,9858549733,Prakash Subramaniam,9751049049,Unknown,2026-08-06 19:32,28,Coimbatore-North,SUSPICIOUS_BURST
C05009,9858549733,Prakash Subramaniam,9751049049,Unknown,2026-08-06 09:23,40,Coimbatore-North,SUSPICIOUS_BURST
C05010,9858549733,Prakash Subramaniam,9751049049,Unknown,2026-08-06 17:29,31,Chennai-Central,SUSPICIOUS_BURST
C05011,9858549733,Prakash Subramaniam,9751049049,Unknown,2026-08-06 22:06,27,Coimbatore-North,SUSPICIOUS_BURST
C05012,9858549733,Prakash Subramaniam,9751049049,Unknown,2026-08-06 20:08,19,Chennai-Central,SUSPICIOUS_BURST
C05013,9858549733,Prakash Subramaniam,9751049049,Unknown,2026-08-06 13:00,57,Coimbatore-North,SUSPICIOUS_BURST
C05014,9858549733,Prakash Subramaniam,9751049049,Unknown,2026-08-06 15:00,46,Coimbatore-North,SUSPICIOUS_BURST
C05015,9858549733,Prakash Subramaniam,9751049049,Unknown,2026-08-06 03:59,49,Chennai-Central,SUSPICIOUS_BURST
C05016,9858549733,Prakash Subramaniam,9751049049,Unknown,2026-08-06 19:57,6,Chennai-Central,SUSPICIOUS_BURST
C05017,9858549733,Prakash Subramaniam,9751049049,Unknown,2026-08-06 21:20,48,Chennai-Central,SUSPICIOUS_BURST
C05018,9858549733,Prakash Subramaniam,9751049049,Unknown,2026-08-06 22:22,53,Coimbatore-North,SUSPICIOUS_BURST
C05019,9858549733,Prakash Subramaniam,9751049049,Unknown,2026-08-06 12:57,11,Chennai-Central,SUSPICIOUS_BURST
C05020,9858549733,Prakash Subramaniam,9751049049,Unknown,2026-08-06 09:29,19,Chennai-Central,SUSPICIOUS_BURST
C05021,9858549733,Prakash Subramaniam,9751049049,Unknown,2026-08-06 09:16,7,Chennai-Central,SUSPICIOUS_BURST
C05022,9858549733,Prakash Subramaniam,9751049049,Unknown,2026-08-06 07:49,55,Coimbatore-North,SUSPICIOUS_BURST
C05023,9858549733,Prakash Subramaniam,9751049049,Unknown,2026-08-06 13:28,13,Coimbatore-North,SUSPICIOUS_BURST
C05024,9858549733,Prakash Subramaniam,9751049049,Unknown,2026-08-06 09:18,52,Chennai-Central,SUSPICIOUS_BURST
C05025,9858549733,Prakash Subramaniam,9751049049,Unknown,2026-08-06 00:51,15,Chennai-Central,SUSPICIOUS_BURST
C05026,9858549733,Prakash Subramaniam,9751049049,Unknown,2026-08-06 12:21,29,Coimbatore-North,SUSPICIOUS_BURST
C05027,9858549733,Prakash Subramaniam,9751049049,Unknown,2026-08-06 23:34,27,Coimbatore-North,SUSPICIOUS_BURST
C05028,9375758441,Ramesh Natarajan,9210205395,Devan Pillai,2026-08-01 15:45,300,Erode-Hub,
C05029,9375758441,Ramesh Natarajan,9611836736,Bharath Bose,2026-08-01 10:31,468,Salem-South,
C05030,9375758441,Ramesh Natarajan,9656670106,Manoj Reddy,2026-08-02 17:41,189,Chennai-Central,
C05031,9375758441,Ramesh Natarajan,9210205395,Devan Pillai,2026-08-03 17:18,433,Madurai-East,
C05032,9375758441,Ramesh Natarajan,9641708053,Sabari Venkatesh,2026-08-04 21:27,481,Chennai-Central,
C05033,9375758441,Ramesh Natarajan,9489513433,Lokesh Iyer,2026-08-04 18:04,164,Chennai-Central,
C05034,9375758441,Ramesh Natarajan,9489513433,Lokesh Iyer,2026-08-05 15:10,44,Chennai-Central,
C05035,9375758441,Ramesh Natarajan,9243292127,Anand Reddy,2026-08-06 11:32,423,Salem-South,
C05036,9375758441,Ramesh Natarajan,9611836736,Bharath Bose,2026-08-06 12:59,54,Trichy-West,
C05037,9375758441,Ramesh Natarajan,9793564651,Rajesh Natarajan,2026-08-06 12:02,58,Trichy-West,
C05038,9375758441,Ramesh Natarajan,9210205395,Devan Pillai,2026-08-07 08:26,374,Coimbatore-North,
C05039,9375758441,Ramesh Natarajan,9243292127,Anand Reddy,2026-08-08 18:30,430,Salem-South,
C05040,9375758441,Ramesh Natarajan,9793564651,Rajesh Natarajan,2026-08-08 17:55,111,Coimbatore-North,
C05041,9375758441,Ramesh Natarajan,9793564651,Rajesh Natarajan,2026-08-09 21:01,364,Coimbatore-North,
C05042,9375758441,Ramesh Natarajan,9656670106,Manoj Reddy,2026-08-09 07:18,266,Chennai-Central,
C05043,9375758441,Ramesh Natarajan,9641708053,Sabari Venkatesh,2026-08-10 12:55,210,Coimbatore-North,
C05044,9375758441,Ramesh Natarajan,9641708053,Sabari Venkatesh,2026-08-10 18:41,224,Chennai-Central,
C05045,9375758441,Ramesh Natarajan,9243292127,Anand Reddy,2026-08-11 10:53,262,Coimbatore-North,
C05046,9375758441,Ramesh Natarajan,9641708053,Sabari Venkatesh,2026-08-11 10:17,538,Madurai-East,
C05047,9375758441,Ramesh Natarajan,9489513433,Lokesh Iyer,2026-08-12 20:40,230,Salem-South,
C05048,9375758441,Ramesh Natarajan,9489513433,Lokesh Iyer,2026-08-12 07:00,373,Madurai-East,
C05049,9375758441,Ramesh Natarajan,9793564651,Rajesh Natarajan,2026-08-12 21:49,194,Chennai-Central,
C05050,9375758441,Ramesh Natarajan,9656670106,Manoj Reddy,2026-08-13 11:13,181,Madurai-East,
C05051,9375758441,Ramesh Natarajan,9641708053,Sabari Venkatesh,2026-08-14 07:32,522,Madurai-East,
C05052,9240415747,Thiru Sundaram,9494519832,Pandi Sharma,2026-08-01 09:31,563,Coimbatore-North,
C05053,9240415747,Thiru Sundaram,9180170462,Gopal Natarajan,2026-08-01 21:56,228,Erode-Hub,
C05054,9240415747,Thiru Sundaram,9494519832,Pandi Sharma,2026-08-01 11:20,284,Chennai-Central,
C05055,9240415747,Thiru Sundaram,9346578713,Pandi Natarajan,2026-08-02 19:41,303,Erode-Hub,
C05056,9240415747,Thiru Sundaram,9494519832,Pandi Sharma,2026-08-02 11:19,264,Trichy-West,
C05057,9240415747,Thiru Sundaram,9494519832,Pandi Sharma,2026-08-03 10:42,45,Erode-Hub,
C05058,9240415747,Thiru Sundaram,9180170462,Gopal Natarajan,2026-08-04 13:49,179,Madurai-East,
C05059,9240415747,Thiru Sundaram,9149368998,Eswar Singh,2026-08-04 11:08,78,Madurai-East,
C05060,9240415747,Thiru Sundaram,9346578713,Pandi Natarajan,2026-08-05 16:17,559,Chennai-Central,
C05061,9240415747,Thiru Sundaram,9346578713,Pandi Natarajan,2026-08-05 18:40,563,Trichy-West,
C05062,9240415747,Thiru Sundaram,9346578713,Pandi Natarajan,2026-08-06 17:59,127,Salem-South,
C05063,9240415747,Thiru Sundaram,9149368998,Eswar Singh,2026-08-06 15:01,71,Trichy-West,
C05064,9240415747,Thiru Sundaram,9180170462,Gopal Natarajan,2026-08-06 22:03,563,Madurai-East,
C05065,9240415747,Thiru Sundaram,9482814893,Kannan Kumar,2026-08-07 19:39,64,Madurai-East,
C05066,9240415747,Thiru Sundaram,9494519832,Pandi Sharma,2026-08-07 18:45,328,Coimbatore-North,
C05067,9240415747,Thiru Sundaram,9180170462,Gopal Natarajan,2026-08-08 20:32,255,Erode-Hub,
C05068,9240415747,Thiru Sundaram,9482814893,Kannan Kumar,2026-08-09 18:21,169,Erode-Hub,
C05069,9240415747,Thiru Sundaram,9494519832,Pandi Sharma,2026-08-09 08:41,585,Erode-Hub,
C05070,9240415747,Thiru Sundaram,9149368998,Eswar Singh,2026-08-09 17:03,178,Madurai-East,
C05071,9240415747,Thiru Sundaram,9149368998,Eswar Singh,2026-08-10 18:30,345,Salem-South,
C05072,9240415747,Thiru Sundaram,9149368998,Eswar Singh,2026-08-10 13:34,307,Chennai-Central,
C05073,9240415747,Thiru Sundaram,9180170462,Gopal Natarajan,2026-08-10 17:42,220,Chennai-Central,
C05074,9240415747,Thiru Sundaram,9149368998,Eswar Singh,2026-08-11 22:31,565,Erode-Hub,
C05075,9240415747,Thiru Sundaram,9346578713,Pandi Natarajan,2026-08-11 07:24,488,Salem-South,
C05076,9240415747,Thiru Sundaram,9494519832,Pandi Sharma,2026-08-11 13:16,372,Erode-Hub,
C05077,9240415747,Thiru Sundaram,9494519832,Pandi Sharma,2026-08-12 15:35,278,Trichy-West,
C05078,9240415747,Thiru Sundaram,9180170462,Gopal Natarajan,2026-08-12 13:44,113,Chennai-Central,
C05079,9240415747,Thiru Sundaram,9180170462,Gopal Natarajan,2026-08-13 16:24,252,Chennai-Central,
C05080,9240415747,Thiru Sundaram,9180170462,Gopal Natarajan,2026-08-13 19:14,334,Erode-Hub,
C05081,9240415747,Thiru Sundaram,9149368998,Eswar Singh,2026-08-14 17:33,295,Madurai-East,
C05082,9240415747,Thiru Sundaram,9482814893,Kannan Kumar,2026-08-14 22:38,567,Salem-South,
C05083,9842199330,Dinesh Achari,9013990490,Harish Pillai,2026-08-01 22:45,408,Madurai-East,
C05084,9842199330,Dinesh Achari,9826137506,Siva Shetty,2026-08-01 08:38,104,Coimbatore-North,
C05085,9842199330,Dinesh Achari,9013990490,Harish Pillai,2026-08-02 21:44,522,Erode-Hub,
C05086,9842199330,Dinesh Achari,9472126464,Dinesh Verma,2026-08-02 17:06,319,Salem-South,
C05087,9842199330,Dinesh Achari,9935978207,Siva Achari,2026-08-02 15:26,294,Trichy-West,
C05088,9842199330,Dinesh Achari,9826137506,Siva Shetty,2026-08-03 09:44,83,Coimbatore-North,
C05089,9842199330,Dinesh Achari,9799650752,Anand Ramaswamy,2026-08-03 07:12,105,Madurai-East,
C05090,9842199330,Dinesh Achari,9280598262,Karthik Shetty,2026-08-04 14:34,578,Coimbatore-North,
C05091,9842199330,Dinesh Achari,9280598262,Karthik Shetty,2026-08-05 21:46,399,Erode-Hub,
C05092,9842199330,Dinesh Achari,9799650752,Anand Ramaswamy,2026-08-06 13:43,34,Erode-Hub,
C05093,9842199330,Dinesh Achari,9935978207,Siva Achari,2026-08-06 10:32,197,Trichy-West,
C05094,9842199330,Dinesh Achari,9826137506,Siva Shetty,2026-08-06 20:14,49,Trichy-West,
C05095,9842199330,Dinesh Achari,9280598262,Karthik Shetty,2026-08-07 17:11,486,Salem-South,
C05096,9842199330,Dinesh Achari,9799650752,Anand Ramaswamy,2026-08-08 20:34,472,Chennai-Central,
C05097,9842199330,Dinesh Achari,9535841438,Naveen Nair,2026-08-08 15:52,496,Salem-South,
C05098,9842199330,Dinesh Achari,9280598262,Karthik Shetty,2026-08-08 21:53,131,Salem-South,
C05099,9842199330,Dinesh Achari,9280598262,Karthik Shetty,2026-08-09 08:13,536,Erode-Hub,
C05100,9842199330,Dinesh Achari,9535841438,Naveen Nair,2026-08-09 21:51,342,Coimbatore-North,
C05101,9842199330,Dinesh Achari,9826137506,Siva Shetty,2026-08-10 12:39,532,Madurai-East,
C05102,9842199330,Dinesh Achari,9799650752,Anand Ramaswamy,2026-08-10 11:01,532,Erode-Hub,
C05103,9842199330,Dinesh Achari,9799650752,Anand Ramaswamy,2026-08-10 14:57,380,Salem-South,
C05104,9842199330,Dinesh Achari,9826137506,Siva Shetty,2026-08-11 12:38,148,Chennai-Central,
C05105,9842199330,Dinesh Achari,9799650752,Anand Ramaswamy,2026-08-11 11:27,38,Madurai-East,
C05106,9842199330,Dinesh Achari,9013990490,Harish Pillai,2026-08-11 18:45,305,Chennai-Central,
C05107,9842199330,Dinesh Achari,9935978207,Siva Achari,2026-08-12 12:30,424,Trichy-West,
C05108,9842199330,Dinesh Achari,9935978207,Siva Achari,2026-08-12 20:45,514,Chennai-Central,
C05109,9842199330,Dinesh Achari,9799650752,Anand Ramaswamy,2026-08-12 08:12,486,Salem-South,
C05110,9842199330,Dinesh Achari,9826137506,Siva Shetty,2026-08-13 12:04,244,Trichy-West,
C05111,9842199330,Dinesh Achari,9799650752,Anand Ramaswamy,2026-08-13 11:56,71,Salem-South,
C05112,9842199330,Dinesh Achari,9280598262,Karthik Shetty,2026-08-13 20:10,559,Trichy-West,
C05113,9842199330,Dinesh Achari,9280598262,Karthik Shetty,2026-08-14 17:16,177,Salem-South,
C05114,9842199330,Dinesh Achari,9826137506,Siva Shetty,2026-08-14 13:12,255,Salem-South,
C05115,9571208267,Manoj Krishnan,9456506098,Ravi Shetty,2026-08-01 14:25,587,Erode-Hub,
C05116,9571208267,Manoj Krishnan,9456506098,Ravi Shetty,2026-08-02 21:25,599,Salem-South,
C05117,9571208267,Manoj Krishnan,9454990453,Anand Subramaniam,2026-08-02 11:27,208,Chennai-Central,
C05118,9571208267,Manoj Krishnan,9456506098,Ravi Shetty,2026-08-02 21:21,187,Salem-South,
C05119,9571208267,Manoj Krishnan,9019380262,Kumar Verma,2026-08-03 15:44,266,Chennai-Central,
C05120,9571208267,Manoj Krishnan,9456506098,Ravi Shetty,2026-08-03 07:47,396,Salem-South,
C05121,9571208267,Manoj Krishnan,9454990453,Anand Subramaniam,2026-08-03 14:51,427,Coimbatore-North,
C05122,9571208267,Manoj Krishnan,9454990453,Anand Subramaniam,2026-08-04 07:42,43,Erode-Hub,
C05123,9571208267,Manoj Krishnan,9019380262,Kumar Verma,2026-08-04 22:26,403,Salem-South,
C05124,9571208267,Manoj Krishnan,9456506098,Ravi Shetty,2026-08-05 13:32,580,Coimbatore-North,
C05125,9571208267,Manoj Krishnan,9454990453,Anand Subramaniam,2026-08-06 13:03,185,Madurai-East,
C05126,9571208267,Manoj Krishnan,9019380262,Kumar Verma,2026-08-07 19:33,252,Trichy-West,
C05127,9571208267,Manoj Krishnan,9849912165,Bharath Subramaniam,2026-08-07 18:30,107,Chennai-Central,
C05128,9571208267,Manoj Krishnan,9019380262,Kumar Verma,2026-08-08 15:34,401,Erode-Hub,
C05129,9571208267,Manoj Krishnan,9019380262,Kumar Verma,2026-08-09 12:53,119,Trichy-West,
C05130,9571208267,Manoj Krishnan,9454990453,Anand Subramaniam,2026-08-10 13:01,272,Chennai-Central,
C05131,9571208267,Manoj Krishnan,9019380262,Kumar Verma,2026-08-10 15:01,169,Coimbatore-North,
C05132,9571208267,Manoj Krishnan,9849912165,Bharath Subramaniam,2026-08-11 08:15,54,Madurai-East,
C05133,9571208267,Manoj Krishnan,9019380262,Kumar Verma,2026-08-11 15:31,236,Coimbatore-North,
C05134,9571208267,Manoj Krishnan,9456506098,Ravi Shetty,2026-08-11 22:49,503,Coimbatore-North,
C05135,9571208267,Manoj Krishnan,9454990453,Anand Subramaniam,2026-08-12 17:03,468,Trichy-West,
C05136,9571208267,Manoj Krishnan,9849912165,Bharath Subramaniam,2026-08-12 22:34,540,Chennai-Central,
C05137,9571208267,Manoj Krishnan,9454990453,Anand Subramaniam,2026-08-12 22:52,408,Salem-South,
C05138,9571208267,Manoj Krishnan,9019380262,Kumar Verma,2026-08-13 22:34,101,Coimbatore-North,
C05139,9571208267,Manoj Krishnan,9849912165,Bharath Subramaniam,2026-08-14 08:38,216,Erode-Hub,
C05140,9019380262,Kumar Verma,9516940974,Rahul Singh,2026-08-01 12:18,173,Trichy-West,
C05141,9019380262,Kumar Verma,9997700886,Hari Sharma,2026-08-01 10:33,599,Chennai-Central,
C05142,9019380262,Kumar Verma,9901476797,Naveen Ramaswamy,2026-08-02 17:16,486,Madurai-East,
C05143,9019380262,Kumar Verma,9455022961,Prakash Pillai,2026-08-02 18:31,311,Salem-South,
C05144,9019380262,Kumar Verma,9901476797,Naveen Ramaswamy,2026-08-03 12:38,206,Erode-Hub,
C05145,9019380262,Kumar Verma,9516940974,Rahul Singh,2026-08-03 10:10,318,Salem-South,
C05146,9019380262,Kumar Verma,9516940974,Rahul Singh,2026-08-04 21:35,457,Trichy-West,
C05147,9019380262,Kumar Verma,9997700886,Hari Sharma,2026-08-05 14:52,107,Trichy-West,
C05148,9019380262,Kumar Verma,9455022961,Prakash Pillai,2026-08-06 18:36,345,Chennai-Central,
C05149,9019380262,Kumar Verma,9516940974,Rahul Singh,2026-08-07 07:02,593,Madurai-East,
C05150,9019380262,Kumar Verma,9841616928,Hari Achari,2026-08-07 13:15,380,Madurai-East,
C05151,9019380262,Kumar Verma,9841616928,Hari Achari,2026-08-08 10:47,413,Salem-South,
C05152,9019380262,Kumar Verma,9841616928,Hari Achari,2026-08-09 21:20,550,Coimbatore-North,
C05153,9019380262,Kumar Verma,9835615951,Chandran Achari,2026-08-10 20:22,358,Trichy-West,
C05154,9019380262,Kumar Verma,9516940974,Rahul Singh,2026-08-10 15:53,73,Erode-Hub,
C05155,9019380262,Kumar Verma,9516940974,Rahul Singh,2026-08-10 13:35,573,Erode-Hub,
C05156,9019380262,Kumar Verma,9678669125,Karthik Verma,2026-08-11 16:33,251,Salem-South,
C05157,9019380262,Kumar Verma,9835615951,Chandran Achari,2026-08-11 22:10,95,Erode-Hub,
C05158,9019380262,Kumar Verma,9678669125,Karthik Verma,2026-08-11 10:25,459,Chennai-Central,
C05159,9019380262,Kumar Verma,9901476797,Naveen Ramaswamy,2026-08-12 15:25,31,Chennai-Central,
C05160,9019380262,Kumar Verma,9678669125,Karthik Verma,2026-08-12 07:40,593,Madurai-East,
C05161,9019380262,Kumar Verma,9835615951,Chandran Achari,2026-08-13 18:18,57,Salem-South,
C05162,9019380262,Kumar Verma,9901476797,Naveen Ramaswamy,2026-08-14 20:43,197,Salem-South,
C05163,9400499154,Prakash Achari,9094777520,Manoj Gowda,2026-08-01 21:37,517,Salem-South,
C05164,9400499154,Prakash Achari,9482814893,Kannan Kumar,2026-08-02 08:42,295,Erode-Hub,
C05165,9400499154,Prakash Achari,9232858842,Rajesh Krishnan,2026-08-02 22:46,517,Coimbatore-North,
C05166,9400499154,Prakash Achari,9454615679,Ilango Murthy,2026-08-03 10:00,353,Chennai-Central,
C05167,9400499154,Prakash Achari,9454615679,Ilango Murthy,2026-08-03 20:43,213,Chennai-Central,
C05168,9400499154,Prakash Achari,9482814893,Kannan Kumar,2026-08-04 21:02,319,Salem-South,
C05169,9400499154,Prakash Achari,9232858842,Rajesh Krishnan,2026-08-04 18:48,120,Chennai-Central,
C05170,9400499154,Prakash Achari,9489025039,Karthik Velu,2026-08-05 13:49,591,Coimbatore-North,
C05171,9400499154,Prakash Achari,9454615679,Ilango Murthy,2026-08-06 13:20,306,Chennai-Central,
C05172,9400499154,Prakash Achari,9473829973,Bharath Menon,2026-08-06 08:33,246,Chennai-Central,
C05173,9400499154,Prakash Achari,9232858842,Rajesh Krishnan,2026-08-06 07:19,535,Coimbatore-North,
C05174,9400499154,Prakash Achari,9482814893,Kannan Kumar,2026-08-07 10:19,112,Trichy-West,
C05175,9400499154,Prakash Achari,9232858842,Rajesh Krishnan,2026-08-07 07:43,434,Coimbatore-North,
C05176,9400499154,Prakash Achari,9997700886,Hari Sharma,2026-08-07 14:02,387,Chennai-Central,
C05177,9400499154,Prakash Achari,9997700886,Hari Sharma,2026-08-08 20:41,352,Salem-South,
C05178,9400499154,Prakash Achari,9473829973,Bharath Menon,2026-08-09 10:52,346,Salem-South,
C05179,9400499154,Prakash Achari,9232858842,Rajesh Krishnan,2026-08-09 08:05,552,Erode-Hub,
C05180,9400499154,Prakash Achari,9482814893,Kannan Kumar,2026-08-10 12:03,93,Coimbatore-North,
C05181,9400499154,Prakash Achari,9482814893,Kannan Kumar,2026-08-10 18:53,427,Erode-Hub,
C05182,9400499154,Prakash Achari,9232858842,Rajesh Krishnan,2026-08-10 08:46,156,Trichy-West,
C05183,9400499154,Prakash Achari,9232858842,Rajesh Krishnan,2026-08-11 13:34,455,Coimbatore-North,
C05184,9400499154,Prakash Achari,9094777520,Manoj Gowda,2026-08-12 15:26,596,Trichy-West,
C05185,9400499154,Prakash Achari,9180170462,Gopal Natarajan,2026-08-12 18:21,39,Coimbatore-North,
C05186,9400499154,Prakash Achari,9997700886,Hari Sharma,2026-08-12 10:00,187,Madurai-East,
C05187,9400499154,Prakash Achari,9997700886,Hari Sharma,2026-08-13 13:47,306,Coimbatore-North,
C05188,9400499154,Prakash Achari,9094777520,Manoj Gowda,2026-08-14 15:56,312,Madurai-East,
C05189,9152742054,Dinesh Rao,9149368998,Eswar Singh,2026-08-01 09:43,304,Trichy-West,
C05190,9152742054,Dinesh Rao,9571208267,Manoj Krishnan,2026-08-01 19:23,486,Salem-South,
C05191,9152742054,Dinesh Rao,9835615951,Chandran Achari,2026-08-02 21:44,96,Trichy-West,
C05192,9152742054,Dinesh Rao,9571208267,Manoj Krishnan,2026-08-02 12:02,79,Chennai-Central,
C05193,9152742054,Dinesh Rao,9835615951,Chandran Achari,2026-08-03 14:46,272,Trichy-West,
C05194,9152742054,Dinesh Rao,9855744431,Gopal Krishnan,2026-08-04 18:21,174,Salem-South,
C05195,9152742054,Dinesh Rao,9855744431,Gopal Krishnan,2026-08-05 14:05,209,Chennai-Central,
C05196,9152742054,Dinesh Rao,9400499154,Prakash Achari,2026-08-05 16:01,94,Coimbatore-North,
C05197,9152742054,Dinesh Rao,9149368998,Eswar Singh,2026-08-06 16:53,227,Salem-South,
C05198,9152742054,Dinesh Rao,9317139005,Murugan Pillai,2026-08-07 18:04,469,Salem-South,
C05199,9152742054,Dinesh Rao,9835615951,Chandran Achari,2026-08-07 17:15,580,Salem-South,
C05200,9152742054,Dinesh Rao,9571208267,Manoj Krishnan,2026-08-08 13:12,562,Salem-South,
C05201,9152742054,Dinesh Rao,9317139005,Murugan Pillai,2026-08-08 08:14,432,Chennai-Central,
C05202,9152742054,Dinesh Rao,9317139005,Murugan Pillai,2026-08-08 20:16,356,Madurai-East,
C05203,9152742054,Dinesh Rao,9149368998,Eswar Singh,2026-08-09 11:00,245,Madurai-East,
C05204,9152742054,Dinesh Rao,9317139005,Murugan Pillai,2026-08-10 07:14,420,Salem-South,
C05205,9152742054,Dinesh Rao,9149368998,Eswar Singh,2026-08-11 14:29,413,Chennai-Central,
C05206,9152742054,Dinesh Rao,9317139005,Murugan Pillai,2026-08-11 20:14,363,Erode-Hub,
C05207,9152742054,Dinesh Rao,9571208267,Manoj Krishnan,2026-08-11 14:12,210,Madurai-East,
C05208,9152742054,Dinesh Rao,9855744431,Gopal Krishnan,2026-08-12 13:12,395,Madurai-East,
C05209,9152742054,Dinesh Rao,9855744431,Gopal Krishnan,2026-08-12 19:46,520,Coimbatore-North,
C05210,9152742054,Dinesh Rao,9571208267,Manoj Krishnan,2026-08-13 16:35,171,Coimbatore-North,
C05211,9152742054,Dinesh Rao,9149368998,Eswar Singh,2026-08-14 19:45,481,Chennai-Central,
C05212,9516122753,Raja Murthy,9809570154,Devan Ramaswamy,2026-08-01 09:57,139,Madurai-East,
C05213,9516122753,Raja Murthy,9849912165,Bharath Subramaniam,2026-08-01 14:58,465,Salem-South,
C05214,9516122753,Raja Murthy,9656670106,Manoj Reddy,2026-08-01 14:47,167,Madurai-East,
C05215,9516122753,Raja Murthy,9482366299,Kumar Mohan,2026-08-02 21:25,190,Madurai-East,
C05216,9516122753,Raja Murthy,9809570154,Devan Ramaswamy,2026-08-02 09:45,529,Erode-Hub,
C05217,9516122753,Raja Murthy,9656670106,Manoj Reddy,2026-08-02 16:44,450,Erode-Hub,
C05218,9516122753,Raja Murthy,9809570154,Devan Ramaswamy,2026-08-03 22:20,475,Salem-South,
C05219,9516122753,Raja Murthy,9656670106,Manoj Reddy,2026-08-03 13:49,589,Salem-South,
C05220,9516122753,Raja Murthy,9809570154,Devan Ramaswamy,2026-08-04 14:28,302,Erode-Hub,
C05221,9516122753,Raja Murthy,9482366299,Kumar Mohan,2026-08-04 07:41,493,Salem-South,
C05222,9516122753,Raja Murthy,9482366299,Kumar Mohan,2026-08-05 07:12,442,Erode-Hub,
C05223,9516122753,Raja Murthy,9656670106,Manoj Reddy,2026-08-05 16:38,40,Chennai-Central,
C05224,9516122753,Raja Murthy,9849912165,Bharath Subramaniam,2026-08-05 10:37,574,Erode-Hub,
C05225,9516122753,Raja Murthy,9809570154,Devan Ramaswamy,2026-08-06 17:52,38,Madurai-East,
C05226,9516122753,Raja Murthy,9809570154,Devan Ramaswamy,2026-08-07 22:57,134,Trichy-West,
C05227,9516122753,Raja Murthy,9809570154,Devan Ramaswamy,2026-08-08 13:16,73,Madurai-East,
C05228,9516122753,Raja Murthy,9482366299,Kumar Mohan,2026-08-08 20:38,261,Coimbatore-North,
C05229,9516122753,Raja Murthy,9482366299,Kumar Mohan,2026-08-09 09:58,293,Trichy-West,
C05230,9516122753,Raja Murthy,9482366299,Kumar Mohan,2026-08-09 12:24,162,Erode-Hub,
C05231,9516122753,Raja Murthy,9482366299,Kumar Mohan,2026-08-10 13:06,200,Erode-Hub,
C05232,9516122753,Raja Murthy,9849912165,Bharath Subramaniam,2026-08-10 20:46,214,Chennai-Central,
C05233,9516122753,Raja Murthy,9482366299,Kumar Mohan,2026-08-10 20:29,531,Chennai-Central,
C05234,9516122753,Raja Murthy,9656670106,Manoj Reddy,2026-08-11 10:03,311,Chennai-Central,
C05235,9516122753,Raja Murthy,9656670106,Manoj Reddy,2026-08-12 12:05,70,Erode-Hub,
C05236,9516122753,Raja Murthy,9656670106,Manoj Reddy,2026-08-12 09:03,334,Chennai-Central,
C05237,9516122753,Raja Murthy,9809570154,Devan Ramaswamy,2026-08-13 20:32,562,Coimbatore-North,
C05238,9516122753,Raja Murthy,9656670106,Manoj Reddy,2026-08-13 20:48,28,Erode-Hub,
C05239,9516122753,Raja Murthy,9849912165,Bharath Subramaniam,2026-08-13 11:21,555,Madurai-East,
C05240,9516122753,Raja Murthy,9849912165,Bharath Subramaniam,2026-08-14 16:18,372,Trichy-West,
C05241,9516122753,Raja Murthy,9809570154,Devan Ramaswamy,2026-08-14 11:46,23,Trichy-West,
C05242,9516122753,Raja Murthy,9849912165,Bharath Subramaniam,2026-08-14 20:48,219,Chennai-Central,
C05243,9454990453,Anand Subramaniam,9479627570,Lokesh Verma,2026-08-01 12:52,595,Madurai-East,
C05244,9454990453,Anand Subramaniam,9156149784,Sabari Murthy,2026-08-01 07:53,371,Coimbatore-North,
C05245,9454990453,Anand Subramaniam,9516122753,Raja Murthy,2026-08-01 09:17,428,Trichy-West,
C05246,9454990453,Anand Subramaniam,9429671756,Kishore Subramaniam,2026-08-02 13:27,544,Erode-Hub,
C05247,9454990453,Anand Subramaniam,9317139005,Murugan Pillai,2026-08-02 19:23,161,Trichy-West,
C05248,9454990453,Anand Subramaniam,9516122753,Raja Murthy,2026-08-03 19:30,41,Erode-Hub,
C05249,9454990453,Anand Subramaniam,9317139005,Murugan Pillai,2026-08-03 14:53,120,Erode-Hub,
C05250,9454990453,Anand Subramaniam,9494519832,Pandi Sharma,2026-08-04 15:06,600,Coimbatore-North,
C05251,9454990453,Anand Subramaniam,9479627570,Lokesh Verma,2026-08-04 20:54,421,Erode-Hub,
C05252,9454990453,Anand Subramaniam,9516122753,Raja Murthy,2026-08-04 11:49,510,Coimbatore-North,
C05253,9454990453,Anand Subramaniam,9479627570,Lokesh Verma,2026-08-05 08:18,563,Trichy-West,
C05254,9454990453,Anand Subramaniam,9163287083,Sabari Gowda,2026-08-05 12:24,506,Trichy-West,
C05255,9454990453,Anand Subramaniam,9494519832,Pandi Sharma,2026-08-05 08:12,505,Madurai-East,
C05256,9454990453,Anand Subramaniam,9163287083,Sabari Gowda,2026-08-06 11:00,223,Madurai-East,
C05257,9454990453,Anand Subramaniam,9429671756,Kishore Subramaniam,2026-08-07 15:59,29,Madurai-East,
C05258,9454990453,Anand Subramaniam,9429671756,Kishore Subramaniam,2026-08-07 18:37,129,Salem-South,
C05259,9454990453,Anand Subramaniam,9516122753,Raja Murthy,2026-08-07 11:39,310,Madurai-East,
C05260,9454990453,Anand Subramaniam,9479627570,Lokesh Verma,2026-08-08 07:01,160,Madurai-East,
C05261,9454990453,Anand Subramaniam,9163287083,Sabari Gowda,2026-08-08 17:15,328,Chennai-Central,
C05262,9454990453,Anand Subramaniam,9163287083,Sabari Gowda,2026-08-09 21:38,238,Salem-South,
C05263,9454990453,Anand Subramaniam,9317139005,Murugan Pillai,2026-08-09 11:56,519,Salem-South,
C05264,9454990453,Anand Subramaniam,9494519832,Pandi Sharma,2026-08-10 18:28,451,Erode-Hub,
C05265,9454990453,Anand Subramaniam,9156149784,Sabari Murthy,2026-08-11 13:32,231,Salem-South,
C05266,9454990453,Anand Subramaniam,9479627570,Lokesh Verma,2026-08-12 17:14,426,Erode-Hub,
C05267,9454990453,Anand Subramaniam,9494519832,Pandi Sharma,2026-08-13 11:41,479,Trichy-West,
C05268,9454990453,Anand Subramaniam,9494519832,Pandi Sharma,2026-08-13 15:06,364,Trichy-West,
C05269,9454990453,Anand Subramaniam,9429671756,Kishore Subramaniam,2026-08-14 15:37,108,Trichy-West,
C05270,9454990453,Anand Subramaniam,9977781880,Unknown,2026-08-07 02:34,40,Coimbatore-North,SUSPICIOUS_BURST
C05271,9454990453,Anand Subramaniam,9977781880,Unknown,2026-08-07 02:46,54,Coimbatore-North,SUSPICIOUS_BURST
C05272,9454990453,Anand Subramaniam,9977781880,Unknown,2026-08-07 11:14,9,Coimbatore-North,SUSPICIOUS_BURST
C05273,9454990453,Anand Subramaniam,9977781880,Unknown,2026-08-07 17:32,36,Chennai-Central,SUSPICIOUS_BURST
C05274,9454990453,Anand Subramaniam,9977781880,Unknown,2026-08-07 10:12,28,Coimbatore-North,SUSPICIOUS_BURST
C05275,9454990453,Anand Subramaniam,9977781880,Unknown,2026-08-07 12:14,52,Chennai-Central,SUSPICIOUS_BURST
C05276,9454990453,Anand Subramaniam,9977781880,Unknown,2026-08-07 07:42,49,Chennai-Central,SUSPICIOUS_BURST
C05277,9454990453,Anand Subramaniam,9977781880,Unknown,2026-08-07 14:20,59,Coimbatore-North,SUSPICIOUS_BURST
C05278,9454990453,Anand Subramaniam,9977781880,Unknown,2026-08-07 08:21,10,Chennai-Central,SUSPICIOUS_BURST
C05279,9454990453,Anand Subramaniam,9977781880,Unknown,2026-08-07 15:43,14,Chennai-Central,SUSPICIOUS_BURST
C05280,9454990453,Anand Subramaniam,9977781880,Unknown,2026-08-07 15:24,21,Coimbatore-North,SUSPICIOUS_BURST
C05281,9454990453,Anand Subramaniam,9977781880,Unknown,2026-08-07 22:23,22,Coimbatore-North,SUSPICIOUS_BURST
C05282,9454990453,Anand Subramaniam,9977781880,Unknown,2026-08-07 20:34,52,Chennai-Central,SUSPICIOUS_BURST
C05283,9454990453,Anand Subramaniam,9977781880,Unknown,2026-08-07 02:46,26,Coimbatore-North,SUSPICIOUS_BURST
C05284,9454990453,Anand Subramaniam,9977781880,Unknown,2026-08-07 03:56,37,Chennai-Central,SUSPICIOUS_BURST
C05285,9454990453,Anand Subramaniam,9977781880,Unknown,2026-08-07 07:33,39,Chennai-Central,SUSPICIOUS_BURST
C05286,9454990453,Anand Subramaniam,9977781880,Unknown,2026-08-07 09:15,56,Chennai-Central,SUSPICIOUS_BURST
C05287,9454990453,Anand Subramaniam,9977781880,Unknown,2026-08-07 12:19,17,Chennai-Central,SUSPICIOUS_BURST
C05288,9454990453,Anand Subramaniam,9977781880,Unknown,2026-08-07 04:23,44,Chennai-Central,SUSPICIOUS_BURST
C05289,9454990453,Anand Subramaniam,9977781880,Unknown,2026-08-07 00:12,11,Coimbatore-North,SUSPICIOUS_BURST
C05290,9454990453,Anand Subramaniam,9977781880,Unknown,2026-08-07 17:05,22,Chennai-Central,SUSPICIOUS_BURST
C05291,9454990453,Anand Subramaniam,9977781880,Unknown,2026-08-07 21:15,53,Coimbatore-North,SUSPICIOUS_BURST
C05292,9454990453,Anand Subramaniam,9977781880,Unknown,2026-08-07 23:48,22,Chennai-Central,SUSPICIOUS_BURST
C05293,9454990453,Anand Subramaniam,9977781880,Unknown,2026-08-07 12:46,38,Coimbatore-North,SUSPICIOUS_BURST
C05294,9454990453,Anand Subramaniam,9977781880,Unknown,2026-08-07 08:27,54,Coimbatore-North,SUSPICIOUS_BURST
C05295,9454990453,Anand Subramaniam,9977781880,Unknown,2026-08-07 19:33,43,Coimbatore-North,SUSPICIOUS_BURST
C05296,9454990453,Anand Subramaniam,9977781880,Unknown,2026-08-07 16:52,51,Chennai-Central,SUSPICIOUS_BURST
C05297,9454990453,Anand Subramaniam,9977781880,Unknown,2026-08-07 09:34,40,Coimbatore-North,SUSPICIOUS_BURST
C05298,9454990453,Anand Subramaniam,9977781880,Unknown,2026-08-07 06:14,23,Coimbatore-North,SUSPICIOUS_BURST
C05299,9454990453,Anand Subramaniam,9977781880,Unknown,2026-08-07 07:54,56,Coimbatore-North,SUSPICIOUS_BURST
C05300,9454990453,Anand Subramaniam,9977781880,Unknown,2026-08-07 21:39,40,Coimbatore-North,SUSPICIOUS_BURST
C05301,9454990453,Anand Subramaniam,9977781880,Unknown,2026-08-07 09:26,46,Coimbatore-North,SUSPICIOUS_BURST
C05302,9454990453,Anand Subramaniam,9977781880,Unknown,2026-08-07 01:42,5,Coimbatore-North,SUSPICIOUS_BURST
C05303,9454990453,Anand Subramaniam,9977781880,Unknown,2026-08-07 19:26,55,Chennai-Central,SUSPICIOUS_BURST
C05304,9454990453,Anand Subramaniam,9977781880,Unknown,2026-08-07 10:42,28,Coimbatore-North,SUSPICIOUS_BURST
C05305,9454990453,Anand Subramaniam,9977781880,Unknown,2026-08-07 01:07,51,Coimbatore-North,SUSPICIOUS_BURST
C05306,9454990453,Anand Subramaniam,9977781880,Unknown,2026-08-07 12:34,36,Coimbatore-North,SUSPICIOUS_BURST
C05307,9454990453,Anand Subramaniam,9977781880,Unknown,2026-08-07 18:25,39,Chennai-Central,SUSPICIOUS_BURST
C05308,9684145933,Senthil Nair,9233749894,Rajesh Chandran,2026-08-01 17:16,245,Chennai-Central,
C05309,9684145933,Senthil Nair,9368970283,Ashok Krishnan,2026-08-01 13:12,294,Chennai-Central,
C05310,9684145933,Senthil Nair,9473597746,Devan Menon,2026-08-02 15:07,411,Salem-South,
C05311,9684145933,Senthil Nair,9837354033,Sabari Das,2026-08-02 17:19,554,Coimbatore-North,
C05312,9684145933,Senthil Nair,9837354033,Sabari Das,2026-08-03 12:27,308,Coimbatore-North,
C05313,9684145933,Senthil Nair,9473597746,Devan Menon,2026-08-03 15:31,535,Chennai-Central,
C05314,9684145933,Senthil Nair,9346578713,Pandi Natarajan,2026-08-04 12:13,450,Madurai-East,
C05315,9684145933,Senthil Nair,9473597746,Devan Menon,2026-08-05 07:40,483,Salem-South,
C05316,9684145933,Senthil Nair,9837354033,Sabari Das,2026-08-05 13:30,543,Erode-Hub,
C05317,9684145933,Senthil Nair,9233749894,Rajesh Chandran,2026-08-06 21:34,585,Madurai-East,
C05318,9684145933,Senthil Nair,9799650752,Anand Ramaswamy,2026-08-07 12:23,406,Salem-South,
C05319,9684145933,Senthil Nair,9368970283,Ashok Krishnan,2026-08-08 16:58,373,Chennai-Central,
C05320,9684145933,Senthil Nair,9799650752,Anand Ramaswamy,2026-08-09 18:47,321,Chennai-Central,
C05321,9684145933,Senthil Nair,9799650752,Anand Ramaswamy,2026-08-10 18:02,369,Trichy-West,
C05322,9684145933,Senthil Nair,9185188888,Lokesh Velu,2026-08-10 11:44,462,Madurai-East,
C05323,9684145933,Senthil Nair,9368970283,Ashok Krishnan,2026-08-11 18:37,572,Erode-Hub,
C05324,9684145933,Senthil Nair,9346578713,Pandi Natarajan,2026-08-11 16:16,515,Coimbatore-North,
C05325,9684145933,Senthil Nair,9473597746,Devan Menon,2026-08-11 09:07,173,Salem-South,
C05326,9684145933,Senthil Nair,9473597746,Devan Menon,2026-08-12 18:38,140,Coimbatore-North,
C05327,9684145933,Senthil Nair,9837354033,Sabari Das,2026-08-13 10:18,167,Erode-Hub,
C05328,9684145933,Senthil Nair,9233749894,Rajesh Chandran,2026-08-14 19:34,334,Erode-Hub,
C05329,9684145933,Senthil Nair,9473597746,Devan Menon,2026-08-14 13:53,62,Madurai-East,
C05330,9684145933,Senthil Nair,9473597746,Devan Menon,2026-08-14 12:01,420,Salem-South,
C05331,9956878339,Kannan Balakrishnan,9240824008,Vijay Singh,2026-08-01 19:04,161,Trichy-West,
C05332,9956878339,Kannan Balakrishnan,9240824008,Vijay Singh,2026-08-01 19:38,567,Erode-Hub,
C05333,9956878339,Kannan Balakrishnan,9232858842,Rajesh Krishnan,2026-08-02 07:00,536,Madurai-East,
C05334,9956878339,Kannan Balakrishnan,9771753556,Bharath Shetty,2026-08-02 08:25,423,Salem-South,
C05335,9956878339,Kannan Balakrishnan,9222196937,Selvam Das,2026-08-02 12:32,125,Trichy-West,
C05336,9956878339,Kannan Balakrishnan,9784980841,Ramesh Nair,2026-08-03 21:51,300,Trichy-West,
C05337,9956878339,Kannan Balakrishnan,9222196937,Selvam Das,2026-08-04 22:30,596,Chennai-Central,
C05338,9956878339,Kannan Balakrishnan,9771753556,Bharath Shetty,2026-08-05 21:02,581,Trichy-West,
C05339,9956878339,Kannan Balakrishnan,9419283276,Gopal Rao,2026-08-05 22:42,241,Madurai-East,
C05340,9956878339,Kannan Balakrishnan,9232858842,Rajesh Krishnan,2026-08-06 22:58,35,Salem-South,
C05341,9956878339,Kannan Balakrishnan,9232858842,Rajesh Krishnan,2026-08-06 12:43,491,Trichy-West,
C05342,9956878339,Kannan Balakrishnan,9771753556,Bharath Shetty,2026-08-07 20:53,89,Erode-Hub,
C05343,9956878339,Kannan Balakrishnan,9771753556,Bharath Shetty,2026-08-07 19:24,403,Chennai-Central,
C05344,9956878339,Kannan Balakrishnan,9222196937,Selvam Das,2026-08-07 07:57,394,Coimbatore-North,
C05345,9956878339,Kannan Balakrishnan,9222196937,Selvam Das,2026-08-08 10:45,272,Erode-Hub,
C05346,9956878339,Kannan Balakrishnan,9784980841,Ramesh Nair,2026-08-08 16:53,58,Erode-Hub,
C05347,9956878339,Kannan Balakrishnan,9232858842,Rajesh Krishnan,2026-08-08 11:57,46,Erode-Hub,
C05348,9956878339,Kannan Balakrishnan,9232858842,Rajesh Krishnan,2026-08-09 14:21,36,Chennai-Central,
C05349,9956878339,Kannan Balakrishnan,9232858842,Rajesh Krishnan,2026-08-10 11:59,499,Erode-Hub,
C05350,9956878339,Kannan Balakrishnan,9419283276,Gopal Rao,2026-08-11 08:31,497,Chennai-Central,
C05351,9956878339,Kannan Balakrishnan,9222196937,Selvam Das,2026-08-11 10:23,239,Trichy-West,
C05352,9956878339,Kannan Balakrishnan,9232858842,Rajesh Krishnan,2026-08-12 07:00,221,Chennai-Central,
C05353,9956878339,Kannan Balakrishnan,9784980841,Ramesh Nair,2026-08-12 16:39,59,Madurai-East,
C05354,9956878339,Kannan Balakrishnan,9222196937,Selvam Das,2026-08-12 11:48,104,Trichy-West,
C05355,9956878339,Kannan Balakrishnan,9771753556,Bharath Shetty,2026-08-13 22:25,420,Salem-South,
C05356,9956878339,Kannan Balakrishnan,9419283276,Gopal Rao,2026-08-13 14:47,130,Chennai-Central,
C05357,9956878339,Kannan Balakrishnan,9222196937,Selvam Das,2026-08-13 15:17,482,Coimbatore-North,
C05358,9956878339,Kannan Balakrishnan,9771753556,Bharath Shetty,2026-08-14 07:50,230,Coimbatore-North,
C05359,9191088398,Omkar Singh,9528922680,Madhavan Murthy,2026-08-01 11:30,32,Madurai-East,
C05360,9191088398,Omkar Singh,9638546785,Omkar Rao,2026-08-01 15:20,262,Chennai-Central,
C05361,9191088398,Omkar Singh,9638546785,Omkar Rao,2026-08-01 12:21,581,Salem-South,
C05362,9191088398,Omkar Singh,9156545271,Selvam Balakrishnan,2026-08-02 12:03,437,Erode-Hub,
C05363,9191088398,Omkar Singh,9156545271,Selvam Balakrishnan,2026-08-03 18:42,123,Chennai-Central,
C05364,9191088398,Omkar Singh,9516136968,Ilango Subramaniam,2026-08-04 10:21,454,Trichy-West,
C05365,9191088398,Omkar Singh,9997700886,Hari Sharma,2026-08-05 13:29,582,Madurai-East,
C05366,9191088398,Omkar Singh,9596966416,Karthik Gowda,2026-08-06 12:10,206,Trichy-West,
C05367,9191088398,Omkar Singh,9156545271,Selvam Balakrishnan,2026-08-06 08:12,556,Erode-Hub,
C05368,9191088398,Omkar Singh,9516136968,Ilango Subramaniam,2026-08-06 22:50,572,Erode-Hub,
C05369,9191088398,Omkar Singh,9638546785,Omkar Rao,2026-08-07 22:20,145,Salem-South,
C05370,9191088398,Omkar Singh,9997700886,Hari Sharma,2026-08-08 17:15,404,Madurai-East,
C05371,9191088398,Omkar Singh,9528922680,Madhavan Murthy,2026-08-09 08:58,376,Chennai-Central,
C05372,9191088398,Omkar Singh,9516136968,Ilango Subramaniam,2026-08-09 11:47,251,Chennai-Central,
C05373,9191088398,Omkar Singh,9516136968,Ilango Subramaniam,2026-08-09 11:49,296,Chennai-Central,
C05374,9191088398,Omkar Singh,9997700886,Hari Sharma,2026-08-10 11:49,248,Coimbatore-North,
C05375,9191088398,Omkar Singh,9997700886,Hari Sharma,2026-08-10 20:50,270,Madurai-East,
C05376,9191088398,Omkar Singh,9638546785,Omkar Rao,2026-08-11 14:32,379,Madurai-East,
C05377,9191088398,Omkar Singh,9596966416,Karthik Gowda,2026-08-11 19:07,257,Coimbatore-North,
C05378,9191088398,Omkar Singh,9156545271,Selvam Balakrishnan,2026-08-11 12:54,147,Chennai-Central,
C05379,9191088398,Omkar Singh,9824493534,Manoj Balakrishnan,2026-08-12 09:39,116,Madurai-East,
C05380,9191088398,Omkar Singh,9528922680,Madhavan Murthy,2026-08-12 09:45,102,Chennai-Central,
C05381,9191088398,Omkar Singh,9638546785,Omkar Rao,2026-08-13 13:17,536,Salem-South,
C05382,9191088398,Omkar Singh,9596966416,Karthik Gowda,2026-08-13 07:13,244,Trichy-West,
C05383,9191088398,Omkar Singh,9824493534,Manoj Balakrishnan,2026-08-13 14:40,248,Coimbatore-North,
C05384,9191088398,Omkar Singh,9016582029,Jagan Sundaram,2026-08-14 11:57,44,Salem-South,
C05385,9191088398,Omkar Singh,9596966416,Karthik Gowda,2026-08-14 20:02,353,Salem-South,
C05386,9191088398,Omkar Singh,9516136968,Ilango Subramaniam,2026-08-14 15:09,276,Trichy-West,
C05387,9191088398,Omkar Singh,9746814538,Unknown,2026-08-07 01:36,32,Coimbatore-North,SUSPICIOUS_BURST
C05388,9191088398,Omkar Singh,9746814538,Unknown,2026-08-07 15:34,58,Coimbatore-North,SUSPICIOUS_BURST
C05389,9191088398,Omkar Singh,9746814538,Unknown,2026-08-07 22:25,15,Coimbatore-North,SUSPICIOUS_BURST
C05390,9191088398,Omkar Singh,9746814538,Unknown,2026-08-07 01:36,26,Coimbatore-North,SUSPICIOUS_BURST
C05391,9191088398,Omkar Singh,9746814538,Unknown,2026-08-07 08:03,19,Coimbatore-North,SUSPICIOUS_BURST
C05392,9191088398,Omkar Singh,9746814538,Unknown,2026-08-07 12:03,48,Coimbatore-North,SUSPICIOUS_BURST
C05393,9191088398,Omkar Singh,9746814538,Unknown,2026-08-07 02:02,53,Chennai-Central,SUSPICIOUS_BURST
C05394,9191088398,Omkar Singh,9746814538,Unknown,2026-08-07 17:21,43,Coimbatore-North,SUSPICIOUS_BURST
C05395,9191088398,Omkar Singh,9746814538,Unknown,2026-08-07 23:29,53,Chennai-Central,SUSPICIOUS_BURST
C05396,9191088398,Omkar Singh,9746814538,Unknown,2026-08-07 00:46,22,Chennai-Central,SUSPICIOUS_BURST
C05397,9191088398,Omkar Singh,9746814538,Unknown,2026-08-07 12:53,34,Chennai-Central,SUSPICIOUS_BURST
C05398,9191088398,Omkar Singh,9746814538,Unknown,2026-08-07 12:43,47,Coimbatore-North,SUSPICIOUS_BURST
C05399,9191088398,Omkar Singh,9746814538,Unknown,2026-08-07 02:59,43,Coimbatore-North,SUSPICIOUS_BURST
C05400,9191088398,Omkar Singh,9746814538,Unknown,2026-08-07 06:33,12,Chennai-Central,SUSPICIOUS_BURST
C05401,9191088398,Omkar Singh,9746814538,Unknown,2026-08-07 16:58,21,Chennai-Central,SUSPICIOUS_BURST
C05402,9191088398,Omkar Singh,9746814538,Unknown,2026-08-07 16:42,49,Chennai-Central,SUSPICIOUS_BURST
C05403,9191088398,Omkar Singh,9746814538,Unknown,2026-08-07 22:57,30,Chennai-Central,SUSPICIOUS_BURST
C05404,9191088398,Omkar Singh,9746814538,Unknown,2026-08-07 19:08,14,Coimbatore-North,SUSPICIOUS_BURST
C05405,9191088398,Omkar Singh,9746814538,Unknown,2026-08-07 12:25,41,Chennai-Central,SUSPICIOUS_BURST
C05406,9191088398,Omkar Singh,9746814538,Unknown,2026-08-07 15:40,54,Coimbatore-North,SUSPICIOUS_BURST
C05407,9191088398,Omkar Singh,9746814538,Unknown,2026-08-07 06:05,46,Coimbatore-North,SUSPICIOUS_BURST
C05408,9191088398,Omkar Singh,9746814538,Unknown,2026-08-07 10:08,36,Coimbatore-North,SUSPICIOUS_BURST
C05409,9191088398,Omkar Singh,9746814538,Unknown,2026-08-07 07:22,33,Chennai-Central,SUSPICIOUS_BURST
C05410,9191088398,Omkar Singh,9746814538,Unknown,2026-08-07 10:08,43,Coimbatore-North,SUSPICIOUS_BURST
C05411,9191088398,Omkar Singh,9746814538,Unknown,2026-08-07 14:58,28,Coimbatore-North,SUSPICIOUS_BURST
C05412,9191088398,Omkar Singh,9746814538,Unknown,2026-08-07 14:27,22,Chennai-Central,SUSPICIOUS_BURST
C05413,9191088398,Omkar Singh,9746814538,Unknown,2026-08-07 06:42,22,Chennai-Central,SUSPICIOUS_BURST
C05414,9191088398,Omkar Singh,9746814538,Unknown,2026-08-07 06:10,9,Coimbatore-North,SUSPICIOUS_BURST
C05415,9191088398,Omkar Singh,9746814538,Unknown,2026-08-07 08:51,39,Coimbatore-North,SUSPICIOUS_BURST
C05416,9191088398,Omkar Singh,9746814538,Unknown,2026-08-07 04:11,53,Coimbatore-North,SUSPICIOUS_BURST
C05417,9191088398,Omkar Singh,9746814538,Unknown,2026-08-07 00:09,41,Coimbatore-North,SUSPICIOUS_BURST
C05418,9139718707,Chandran Subramaniam,9348734714,Siva Pillai,2026-08-01 09:09,222,Erode-Hub,
C05419,9139718707,Chandran Subramaniam,9013990490,Harish Pillai,2026-08-01 21:58,433,Erode-Hub,
C05420,9139718707,Chandran Subramaniam,9348734714,Siva Pillai,2026-08-01 20:16,546,Coimbatore-North,
C05421,9139718707,Chandran Subramaniam,9473947312,Sathish Ramaswamy,2026-08-02 16:31,389,Coimbatore-North,
C05422,9139718707,Chandran Subramaniam,9348734714,Siva Pillai,2026-08-03 19:02,164,Erode-Hub,
C05423,9139718707,Chandran Subramaniam,9054868740,Ganesh Shetty,2026-08-04 10:57,212,Trichy-West,
C05424,9139718707,Chandran Subramaniam,9013990490,Harish Pillai,2026-08-05 18:04,574,Chennai-Central,
C05425,9139718707,Chandran Subramaniam,9054868740,Ganesh Shetty,2026-08-05 11:57,284,Trichy-West,
C05426,9139718707,Chandran Subramaniam,9473947312,Sathish Ramaswamy,2026-08-05 08:53,387,Trichy-West,
C05427,9139718707,Chandran Subramaniam,9348734714,Siva Pillai,2026-08-06 17:03,576,Erode-Hub,
C05428,9139718707,Chandran Subramaniam,9013990490,Harish Pillai,2026-08-06 15:59,517,Trichy-West,
C05429,9139718707,Chandran Subramaniam,9054868740,Ganesh Shetty,2026-08-06 22:22,482,Trichy-West,
C05430,9139718707,Chandran Subramaniam,9473947312,Sathish Ramaswamy,2026-08-07 13:55,236,Erode-Hub,
C05431,9139718707,Chandran Subramaniam,9013990490,Harish Pillai,2026-08-07 16:20,172,Chennai-Central,
C05432,9139718707,Chandran Subramaniam,9348734714,Siva Pillai,2026-08-08 19:38,384,Trichy-West,
C05433,9139718707,Chandran Subramaniam,9013990490,Harish Pillai,2026-08-09 21:15,293,Coimbatore-North,
C05434,9139718707,Chandran Subramaniam,9054868740,Ganesh Shetty,2026-08-09 07:46,437,Trichy-West,
C05435,9139718707,Chandran Subramaniam,9348734714,Siva Pillai,2026-08-10 15:33,430,Chennai-Central,
C05436,9139718707,Chandran Subramaniam,9348734714,Siva Pillai,2026-08-11 18:36,291,Chennai-Central,
C05437,9139718707,Chandran Subramaniam,9054868740,Ganesh Shetty,2026-08-12 21:40,250,Trichy-West,
C05438,9139718707,Chandran Subramaniam,9054868740,Ganesh Shetty,2026-08-12 11:08,24,Trichy-West,
C05439,9139718707,Chandran Subramaniam,9348734714,Siva Pillai,2026-08-13 10:08,326,Erode-Hub,
C05440,9139718707,Chandran Subramaniam,9348734714,Siva Pillai,2026-08-13 08:26,94,Salem-South,
C05441,9139718707,Chandran Subramaniam,9013990490,Harish Pillai,2026-08-13 22:20,100,Erode-Hub,
C05442,9139718707,Chandran Subramaniam,9054868740,Ganesh Shetty,2026-08-14 15:30,333,Madurai-East,
C05443,9139718707,Chandran Subramaniam,9473947312,Sathish Ramaswamy,2026-08-14 08:42,212,Erode-Hub,
C05444,9874064039,Farook Sharma,9466183982,Elango Kumar,2026-08-01 15:09,62,Madurai-East,
C05445,9874064039,Farook Sharma,9784980841,Ramesh Nair,2026-08-01 17:33,495,Trichy-West,
C05446,9874064039,Farook Sharma,9812236231,Kumar Shetty,2026-08-02 10:07,292,Coimbatore-North,
C05447,9874064039,Farook Sharma,9784980841,Ramesh Nair,2026-08-03 07:41,66,Madurai-East,
C05448,9874064039,Farook Sharma,9784980841,Ramesh Nair,2026-08-03 10:17,233,Trichy-West,
C05449,9874064039,Farook Sharma,9812236231,Kumar Shetty,2026-08-03 08:15,115,Salem-South,
C05450,9874064039,Farook Sharma,9784980841,Ramesh Nair,2026-08-04 20:38,21,Madurai-East,
C05451,9874064039,Farook Sharma,9812236231,Kumar Shetty,2026-08-04 18:29,258,Madurai-East,
C05452,9874064039,Farook Sharma,9784980841,Ramesh Nair,2026-08-05 22:37,384,Coimbatore-North,
C05453,9874064039,Farook Sharma,9812236231,Kumar Shetty,2026-08-06 17:40,492,Trichy-West,
C05454,9874064039,Farook Sharma,9466183982,Elango Kumar,2026-08-07 08:30,511,Chennai-Central,
C05455,9874064039,Farook Sharma,9400504556,Siva Nair,2026-08-07 15:26,365,Salem-South,
C05456,9874064039,Farook Sharma,9466183982,Elango Kumar,2026-08-08 11:01,469,Erode-Hub,
C05457,9874064039,Farook Sharma,9784980841,Ramesh Nair,2026-08-09 13:52,394,Chennai-Central,
C05458,9874064039,Farook Sharma,9400504556,Siva Nair,2026-08-10 13:38,576,Coimbatore-North,
C05459,9874064039,Farook Sharma,9400504556,Siva Nair,2026-08-10 13:57,241,Coimbatore-North,
C05460,9874064039,Farook Sharma,9911838425,Kannan Bose,2026-08-11 15:43,325,Trichy-West,
C05461,9874064039,Farook Sharma,9784980841,Ramesh Nair,2026-08-11 11:24,200,Chennai-Central,
C05462,9874064039,Farook Sharma,9784980841,Ramesh Nair,2026-08-11 09:48,91,Erode-Hub,
C05463,9874064039,Farook Sharma,9784980841,Ramesh Nair,2026-08-12 20:21,105,Chennai-Central,
C05464,9874064039,Farook Sharma,9400504556,Siva Nair,2026-08-12 17:13,578,Chennai-Central,
C05465,9874064039,Farook Sharma,9911838425,Kannan Bose,2026-08-12 13:48,258,Coimbatore-North,
C05466,9874064039,Farook Sharma,9911838425,Kannan Bose,2026-08-13 09:12,70,Erode-Hub,
C05467,9874064039,Farook Sharma,9466183982,Elango Kumar,2026-08-13 09:38,476,Coimbatore-North,
C05468,9874064039,Farook Sharma,9466183982,Elango Kumar,2026-08-13 09:13,421,Erode-Hub,
C05469,9874064039,Farook Sharma,9911838425,Kannan Bose,2026-08-14 21:07,503,Madurai-East,
C05470,9180170462,Gopal Natarajan,9222196937,Selvam Das,2026-08-01 18:19,280,Trichy-West,
C05471,9180170462,Gopal Natarajan,9474687234,Arun Mohan,2026-08-01 12:49,506,Salem-South,
C05472,9180170462,Gopal Natarajan,9222196937,Selvam Das,2026-08-01 16:06,117,Trichy-West,
C05473,9180170462,Gopal Natarajan,9547772522,Eswar Pandian,2026-08-02 15:38,346,Coimbatore-North,
C05474,9180170462,Gopal Natarajan,9474687234,Arun Mohan,2026-08-02 09:30,174,Madurai-East,
C05475,9180170462,Gopal Natarajan,9547772522,Eswar Pandian,2026-08-02 16:44,112,Salem-South,
C05476,9180170462,Gopal Natarajan,9674680715,Naveen Gupta,2026-08-03 15:05,369,Chennai-Central,
C05477,9180170462,Gopal Natarajan,9092327193,Anand Rao,2026-08-03 07:05,178,Salem-South,
C05478,9180170462,Gopal Natarajan,9222196937,Selvam Das,2026-08-03 10:29,54,Coimbatore-North,
C05479,9180170462,Gopal Natarajan,9222196937,Selvam Das,2026-08-04 08:15,562,Salem-South,
C05480,9180170462,Gopal Natarajan,9474687234,Arun Mohan,2026-08-05 17:43,198,Erode-Hub,
C05481,9180170462,Gopal Natarajan,9547772522,Eswar Pandian,2026-08-06 11:36,249,Chennai-Central,
C05482,9180170462,Gopal Natarajan,9474687234,Arun Mohan,2026-08-06 13:23,404,Coimbatore-North,
C05483,9180170462,Gopal Natarajan,9547772522,Eswar Pandian,2026-08-07 16:53,81,Chennai-Central,
C05484,9180170462,Gopal Natarajan,9474687234,Arun Mohan,2026-08-07 20:39,419,Salem-South,
C05485,9180170462,Gopal Natarajan,9474687234,Arun Mohan,2026-08-07 22:25,91,Salem-South,
C05486,9180170462,Gopal Natarajan,9092327193,Anand Rao,2026-08-08 10:30,333,Chennai-Central,
C05487,9180170462,Gopal Natarajan,9092327193,Anand Rao,2026-08-08 08:10,175,Chennai-Central,
C05488,9180170462,Gopal Natarajan,9222196937,Selvam Das,2026-08-08 15:33,386,Chennai-Central,
C05489,9180170462,Gopal Natarajan,9016582029,Jagan Sundaram,2026-08-09 22:52,234,Erode-Hub,
C05490,9180170462,Gopal Natarajan,9016582029,Jagan Sundaram,2026-08-09 19:51,276,Trichy-West,
C05491,9180170462,Gopal Natarajan,9674680715,Naveen Gupta,2026-08-09 14:48,583,Coimbatore-North,
C05492,9180170462,Gopal Natarajan,9547772522,Eswar Pandian,2026-08-10 18:17,542,Coimbatore-North,
C05493,9180170462,Gopal Natarajan,9016582029,Jagan Sundaram,2026-08-11 11:07,178,Madurai-East,
C05494,9180170462,Gopal Natarajan,9474687234,Arun Mohan,2026-08-11 17:03,491,Erode-Hub,
C05495,9180170462,Gopal Natarajan,9092327193,Anand Rao,2026-08-11 16:47,272,Coimbatore-North,
C05496,9180170462,Gopal Natarajan,9222196937,Selvam Das,2026-08-12 07:57,328,Salem-South,
C05497,9180170462,Gopal Natarajan,9474687234,Arun Mohan,2026-08-12 09:30,420,Erode-Hub,
C05498,9180170462,Gopal Natarajan,9016582029,Jagan Sundaram,2026-08-12 14:32,185,Salem-South,
C05499,9180170462,Gopal Natarajan,9092327193,Anand Rao,2026-08-13 12:58,316,Trichy-West,
C05500,9180170462,Gopal Natarajan,9092327193,Anand Rao,2026-08-14 17:09,561,Salem-South,
C05501,9180170462,Gopal Natarajan,9547772522,Eswar Pandian,2026-08-14 09:30,302,Erode-Hub,
C05502,9180170462,Gopal Natarajan,9092327193,Anand Rao,2026-08-14 20:40,106,Madurai-East,
C05503,9661825128,Elango Subramaniam,9131712748,Eswar Krishnan,2026-08-01 13:40,60,Erode-Hub,
C05504,9661825128,Elango Subramaniam,9849912165,Bharath Subramaniam,2026-08-01 14:01,134,Erode-Hub,
C05505,9661825128,Elango Subramaniam,9506716572,Bharath Pandian,2026-08-01 21:10,315,Madurai-East,
C05506,9661825128,Elango Subramaniam,9849912165,Bharath Subramaniam,2026-08-02 18:07,386,Erode-Hub,
C05507,9661825128,Elango Subramaniam,9849912165,Bharath Subramaniam,2026-08-02 11:55,387,Madurai-East,
C05508,9661825128,Elango Subramaniam,9849912165,Bharath Subramaniam,2026-08-02 07:37,245,Madurai-East,
C05509,9661825128,Elango Subramaniam,9131712748,Eswar Krishnan,2026-08-03 17:31,321,Erode-Hub,
C05510,9661825128,Elango Subramaniam,9222196937,Selvam Das,2026-08-03 09:49,488,Trichy-West,
C05511,9661825128,Elango Subramaniam,9094777520,Manoj Gowda,2026-08-03 20:50,303,Salem-South,
C05512,9661825128,Elango Subramaniam,9849912165,Bharath Subramaniam,2026-08-04 13:55,153,Erode-Hub,
C05513,9661825128,Elango Subramaniam,9464887719,Kannan Natarajan,2026-08-05 20:01,202,Coimbatore-North,
C05514,9661825128,Elango Subramaniam,9131712748,Eswar Krishnan,2026-08-06 08:35,91,Erode-Hub,
C05515,9661825128,Elango Subramaniam,9464887719,Kannan Natarajan,2026-08-07 07:31,528,Salem-South,
C05516,9661825128,Elango Subramaniam,9094777520,Manoj Gowda,2026-08-07 14:30,83,Coimbatore-North,
C05517,9661825128,Elango Subramaniam,9849912165,Bharath Subramaniam,2026-08-08 11:51,95,Salem-South,
C05518,9661825128,Elango Subramaniam,9849912165,Bharath Subramaniam,2026-08-09 13:45,273,Trichy-West,
C05519,9661825128,Elango Subramaniam,9849912165,Bharath Subramaniam,2026-08-10 09:32,197,Erode-Hub,
C05520,9661825128,Elango Subramaniam,9656670106,Manoj Reddy,2026-08-11 08:27,267,Erode-Hub,
C05521,9661825128,Elango Subramaniam,9131712748,Eswar Krishnan,2026-08-12 18:22,235,Madurai-East,
C05522,9661825128,Elango Subramaniam,9131712748,Eswar Krishnan,2026-08-12 21:58,364,Chennai-Central,
C05523,9661825128,Elango Subramaniam,9849912165,Bharath Subramaniam,2026-08-12 22:53,408,Erode-Hub,
C05524,9661825128,Elango Subramaniam,9849912165,Bharath Subramaniam,2026-08-13 22:33,124,Trichy-West,
C05525,9661825128,Elango Subramaniam,9131712748,Eswar Krishnan,2026-08-14 15:36,294,Coimbatore-North,
C05526,9661825128,Elango Subramaniam,9222196937,Selvam Das,2026-08-14 08:49,47,Salem-South,
C05527,9047868633,Arun Ramaswamy,9368970283,Ashok Krishnan,2026-08-01 15:18,290,Salem-South,
C05528,9047868633,Arun Ramaswamy,9368970283,Ashok Krishnan,2026-08-02 20:48,505,Madurai-East,
C05529,9047868633,Arun Ramaswamy,9849912165,Bharath Subramaniam,2026-08-02 21:22,552,Salem-South,
C05530,9047868633,Arun Ramaswamy,9809570154,Devan Ramaswamy,2026-08-02 21:21,319,Salem-South,
C05531,9047868633,Arun Ramaswamy,9067383028,Anand Balakrishnan,2026-08-03 13:42,223,Erode-Hub,
C05532,9047868633,Arun Ramaswamy,9849912165,Bharath Subramaniam,2026-08-03 21:23,554,Madurai-East,
C05533,9047868633,Arun Ramaswamy,9368970283,Ashok Krishnan,2026-08-04 18:16,356,Madurai-East,
C05534,9047868633,Arun Ramaswamy,9849912165,Bharath Subramaniam,2026-08-04 17:27,185,Trichy-West,
C05535,9047868633,Arun Ramaswamy,9368970283,Ashok Krishnan,2026-08-05 07:32,350,Erode-Hub,
C05536,9047868633,Arun Ramaswamy,9067383028,Anand Balakrishnan,2026-08-06 17:32,422,Erode-Hub,
C05537,9047868633,Arun Ramaswamy,9849912165,Bharath Subramaniam,2026-08-06 08:20,235,Erode-Hub,
C05538,9047868633,Arun Ramaswamy,9067383028,Anand Balakrishnan,2026-08-07 18:22,374,Coimbatore-North,
C05539,9047868633,Arun Ramaswamy,9809570154,Devan Ramaswamy,2026-08-07 15:00,376,Salem-South,
C05540,9047868633,Arun Ramaswamy,9067383028,Anand Balakrishnan,2026-08-08 09:37,489,Trichy-West,
C05541,9047868633,Arun Ramaswamy,9067383028,Anand Balakrishnan,2026-08-08 19:21,181,Coimbatore-North,
C05542,9047868633,Arun Ramaswamy,9368970283,Ashok Krishnan,2026-08-09 13:19,239,Coimbatore-North,
C05543,9047868633,Arun Ramaswamy,9067383028,Anand Balakrishnan,2026-08-09 10:04,484,Salem-South,
C05544,9047868633,Arun Ramaswamy,9368970283,Ashok Krishnan,2026-08-10 17:46,233,Chennai-Central,
C05545,9047868633,Arun Ramaswamy,9809570154,Devan Ramaswamy,2026-08-11 21:48,417,Salem-South,
C05546,9047868633,Arun Ramaswamy,9067383028,Anand Balakrishnan,2026-08-12 14:44,92,Erode-Hub,
C05547,9047868633,Arun Ramaswamy,9849912165,Bharath Subramaniam,2026-08-12 15:55,387,Erode-Hub,
C05548,9047868633,Arun Ramaswamy,9809570154,Devan Ramaswamy,2026-08-12 22:35,171,Salem-South,
C05549,9047868633,Arun Ramaswamy,9067383028,Anand Balakrishnan,2026-08-13 14:14,442,Erode-Hub,
C05550,9047868633,Arun Ramaswamy,9809570154,Devan Ramaswamy,2026-08-13 13:19,350,Madurai-East,
C05551,9047868633,Arun Ramaswamy,9368970283,Ashok Krishnan,2026-08-13 12:21,334,Chennai-Central,
C05552,9047868633,Arun Ramaswamy,9067383028,Anand Balakrishnan,2026-08-14 07:27,120,Coimbatore-North,
C05553,9106903311,Pandi Ramaswamy,9482814893,Kannan Kumar,2026-08-01 08:53,27,Erode-Hub,
C05554,9106903311,Pandi Ramaswamy,9867533963,Eswar Ramaswamy,2026-08-01 18:02,238,Trichy-West,
C05555,9106903311,Pandi Ramaswamy,9185188888,Lokesh Velu,2026-08-02 13:26,128,Trichy-West,
C05556,9106903311,Pandi Ramaswamy,9799650752,Anand Ramaswamy,2026-08-02 17:52,598,Trichy-West,
C05557,9106903311,Pandi Ramaswamy,9799650752,Anand Ramaswamy,2026-08-03 13:34,462,Erode-Hub,
C05558,9106903311,Pandi Ramaswamy,9482814893,Kannan Kumar,2026-08-03 13:13,230,Erode-Hub,
C05559,9106903311,Pandi Ramaswamy,9482814893,Kannan Kumar,2026-08-03 10:41,64,Salem-South,
C05560,9106903311,Pandi Ramaswamy,9185188888,Lokesh Velu,2026-08-04 09:58,106,Madurai-East,
C05561,9106903311,Pandi Ramaswamy,9482814893,Kannan Kumar,2026-08-04 14:38,291,Coimbatore-North,
C05562,9106903311,Pandi Ramaswamy,9185188888,Lokesh Velu,2026-08-04 10:07,97,Madurai-East,
C05563,9106903311,Pandi Ramaswamy,9799650752,Anand Ramaswamy,2026-08-05 17:05,401,Salem-South,
C05564,9106903311,Pandi Ramaswamy,9799650752,Anand Ramaswamy,2026-08-06 16:05,144,Chennai-Central,
C05565,9106903311,Pandi Ramaswamy,9799650752,Anand Ramaswamy,2026-08-06 15:08,333,Salem-South,
C05566,9106903311,Pandi Ramaswamy,9185188888,Lokesh Velu,2026-08-06 16:53,182,Erode-Hub,
C05567,9106903311,Pandi Ramaswamy,9867533963,Eswar Ramaswamy,2026-08-07 14:07,449,Salem-South,
C05568,9106903311,Pandi Ramaswamy,9482814893,Kannan Kumar,2026-08-07 12:35,153,Madurai-East,
C05569,9106903311,Pandi Ramaswamy,9799650752,Anand Ramaswamy,2026-08-08 22:50,20,Trichy-West,
C05570,9106903311,Pandi Ramaswamy,9185188888,Lokesh Velu,2026-08-09 22:31,123,Madurai-East,
C05571,9106903311,Pandi Ramaswamy,9867533963,Eswar Ramaswamy,2026-08-09 07:16,341,Madurai-East,
C05572,9106903311,Pandi Ramaswamy,9867533963,Eswar Ramaswamy,2026-08-10 22:03,207,Erode-Hub,
C05573,9106903311,Pandi Ramaswamy,9799650752,Anand Ramaswamy,2026-08-10 15:24,292,Chennai-Central,
C05574,9106903311,Pandi Ramaswamy,9799650752,Anand Ramaswamy,2026-08-11 17:54,488,Erode-Hub,
C05575,9106903311,Pandi Ramaswamy,9482814893,Kannan Kumar,2026-08-12 18:18,417,Madurai-East,
C05576,9106903311,Pandi Ramaswamy,9867533963,Eswar Ramaswamy,2026-08-13 13:46,587,Madurai-East,
C05577,9106903311,Pandi Ramaswamy,9482814893,Kannan Kumar,2026-08-13 09:27,29,Trichy-West,
C05578,9106903311,Pandi Ramaswamy,9482814893,Kannan Kumar,2026-08-14 11:27,43,Chennai-Central,
C05579,9106903311,Pandi Ramaswamy,9867533963,Eswar Ramaswamy,2026-08-14 14:16,148,Coimbatore-North,
C05580,9106903311,Pandi Ramaswamy,9799650752,Anand Ramaswamy,2026-08-14 11:51,583,Chennai-Central,
C05581,9067383028,Anand Balakrishnan,9668893734,Senthil Ramaswamy,2026-08-01 12:52,203,Chennai-Central,
C05582,9067383028,Anand Balakrishnan,9771753556,Bharath Shetty,2026-08-02 14:06,130,Madurai-East,
C05583,9067383028,Anand Balakrishnan,9801006231,Kishore Sharma,2026-08-03 18:56,235,Madurai-East,
C05584,9067383028,Anand Balakrishnan,9889579868,Kannan Velu,2026-08-03 16:16,166,Erode-Hub,
C05585,9067383028,Anand Balakrishnan,9662702895,Rajesh Raj,2026-08-03 13:48,344,Chennai-Central,
C05586,9067383028,Anand Balakrishnan,9801006231,Kishore Sharma,2026-08-04 11:18,387,Salem-South,
C05587,9067383028,Anand Balakrishnan,9889579868,Kannan Velu,2026-08-05 21:55,260,Trichy-West,
C05588,9067383028,Anand Balakrishnan,9668893734,Senthil Ramaswamy,2026-08-06 21:02,386,Trichy-West,
C05589,9067383028,Anand Balakrishnan,9324210249,Sanjay Chandran,2026-08-06 14:14,515,Salem-South,
C05590,9067383028,Anand Balakrishnan,9889579868,Kannan Velu,2026-08-06 10:35,115,Salem-South,
C05591,9067383028,Anand Balakrishnan,9324210249,Sanjay Chandran,2026-08-07 12:20,214,Trichy-West,
C05592,9067383028,Anand Balakrishnan,9771753556,Bharath Shetty,2026-08-07 22:55,389,Madurai-East,
C05593,9067383028,Anand Balakrishnan,9889579868,Kannan Velu,2026-08-07 13:55,526,Chennai-Central,
C05594,9067383028,Anand Balakrishnan,9668893734,Senthil Ramaswamy,2026-08-08 14:02,297,Coimbatore-North,
C05595,9067383028,Anand Balakrishnan,9889579868,Kannan Velu,2026-08-09 20:14,108,Madurai-East,
C05596,9067383028,Anand Balakrishnan,9324210249,Sanjay Chandran,2026-08-09 07:15,78,Chennai-Central,
C05597,9067383028,Anand Balakrishnan,9889579868,Kannan Velu,2026-08-10 20:41,490,Erode-Hub,
C05598,9067383028,Anand Balakrishnan,9801006231,Kishore Sharma,2026-08-10 14:05,37,Chennai-Central,
C05599,9067383028,Anand Balakrishnan,9324210249,Sanjay Chandran,2026-08-11 09:00,312,Salem-South,
C05600,9067383028,Anand Balakrishnan,9668893734,Senthil Ramaswamy,2026-08-11 21:55,594,Erode-Hub,
C05601,9067383028,Anand Balakrishnan,9324210249,Sanjay Chandran,2026-08-12 13:50,591,Madurai-East,
C05602,9067383028,Anand Balakrishnan,9889579868,Kannan Velu,2026-08-12 20:46,194,Coimbatore-North,
C05603,9067383028,Anand Balakrishnan,9662702895,Rajesh Raj,2026-08-13 11:17,470,Coimbatore-North,
C05604,9067383028,Anand Balakrishnan,9668893734,Senthil Ramaswamy,2026-08-14 17:09,377,Trichy-West,
C05605,9067383028,Anand Balakrishnan,9668893734,Senthil Ramaswamy,2026-08-14 19:36,469,Salem-South,
C05606,9067383028,Anand Balakrishnan,9889579868,Kannan Velu,2026-08-14 08:36,547,Trichy-West,
C05607,9067383028,Anand Balakrishnan,9143301467,Unknown,2026-08-10 00:45,28,Coimbatore-North,SUSPICIOUS_BURST
C05608,9067383028,Anand Balakrishnan,9143301467,Unknown,2026-08-10 09:55,27,Chennai-Central,SUSPICIOUS_BURST
C05609,9067383028,Anand Balakrishnan,9143301467,Unknown,2026-08-10 20:33,5,Coimbatore-North,SUSPICIOUS_BURST
C05610,9067383028,Anand Balakrishnan,9143301467,Unknown,2026-08-10 10:24,36,Coimbatore-North,SUSPICIOUS_BURST
C05611,9067383028,Anand Balakrishnan,9143301467,Unknown,2026-08-10 13:08,7,Coimbatore-North,SUSPICIOUS_BURST
C05612,9067383028,Anand Balakrishnan,9143301467,Unknown,2026-08-10 16:02,31,Chennai-Central,SUSPICIOUS_BURST
C05613,9067383028,Anand Balakrishnan,9143301467,Unknown,2026-08-10 23:39,8,Coimbatore-North,SUSPICIOUS_BURST
C05614,9067383028,Anand Balakrishnan,9143301467,Unknown,2026-08-10 18:58,39,Coimbatore-North,SUSPICIOUS_BURST
C05615,9067383028,Anand Balakrishnan,9143301467,Unknown,2026-08-10 08:03,26,Chennai-Central,SUSPICIOUS_BURST
C05616,9067383028,Anand Balakrishnan,9143301467,Unknown,2026-08-10 00:21,20,Coimbatore-North,SUSPICIOUS_BURST
C05617,9067383028,Anand Balakrishnan,9143301467,Unknown,2026-08-10 21:45,39,Chennai-Central,SUSPICIOUS_BURST
C05618,9067383028,Anand Balakrishnan,9143301467,Unknown,2026-08-10 13:43,20,Coimbatore-North,SUSPICIOUS_BURST
C05619,9067383028,Anand Balakrishnan,9143301467,Unknown,2026-08-10 14:09,33,Chennai-Central,SUSPICIOUS_BURST
C05620,9067383028,Anand Balakrishnan,9143301467,Unknown,2026-08-10 17:54,13,Coimbatore-North,SUSPICIOUS_BURST
C05621,9067383028,Anand Balakrishnan,9143301467,Unknown,2026-08-10 21:47,49,Coimbatore-North,SUSPICIOUS_BURST
C05622,9067383028,Anand Balakrishnan,9143301467,Unknown,2026-08-10 04:44,30,Chennai-Central,SUSPICIOUS_BURST
C05623,9067383028,Anand Balakrishnan,9143301467,Unknown,2026-08-10 19:49,5,Coimbatore-North,SUSPICIOUS_BURST
C05624,9067383028,Anand Balakrishnan,9143301467,Unknown,2026-08-10 20:27,44,Coimbatore-North,SUSPICIOUS_BURST
C05625,9067383028,Anand Balakrishnan,9143301467,Unknown,2026-08-10 10:16,7,Coimbatore-North,SUSPICIOUS_BURST
C05626,9067383028,Anand Balakrishnan,9143301467,Unknown,2026-08-10 04:50,58,Chennai-Central,SUSPICIOUS_BURST
C05627,9067383028,Anand Balakrishnan,9143301467,Unknown,2026-08-10 15:59,26,Coimbatore-North,SUSPICIOUS_BURST
C05628,9067383028,Anand Balakrishnan,9143301467,Unknown,2026-08-10 22:45,46,Coimbatore-North,SUSPICIOUS_BURST
C05629,9067383028,Anand Balakrishnan,9143301467,Unknown,2026-08-10 09:58,59,Chennai-Central,SUSPICIOUS_BURST
C05630,9067383028,Anand Balakrishnan,9143301467,Unknown,2026-08-10 11:19,39,Coimbatore-North,SUSPICIOUS_BURST
C05631,9067383028,Anand Balakrishnan,9143301467,Unknown,2026-08-10 16:53,14,Chennai-Central,SUSPICIOUS_BURST
C05632,9067383028,Anand Balakrishnan,9143301467,Unknown,2026-08-10 12:59,55,Coimbatore-North,SUSPICIOUS_BURST
C05633,9067383028,Anand Balakrishnan,9143301467,Unknown,2026-08-10 00:15,51,Coimbatore-North,SUSPICIOUS_BURST
C05634,9067383028,Anand Balakrishnan,9143301467,Unknown,2026-08-10 17:41,40,Chennai-Central,SUSPICIOUS_BURST
C05635,9067383028,Anand Balakrishnan,9143301467,Unknown,2026-08-10 14:51,35,Coimbatore-North,SUSPICIOUS_BURST
C05636,9067383028,Anand Balakrishnan,9143301467,Unknown,2026-08-10 16:47,8,Coimbatore-North,SUSPICIOUS_BURST
C05637,9067383028,Anand Balakrishnan,9143301467,Unknown,2026-08-10 04:35,60,Chennai-Central,SUSPICIOUS_BURST
C05638,9067383028,Anand Balakrishnan,9143301467,Unknown,2026-08-10 10:18,15,Coimbatore-North,SUSPICIOUS_BURST
C05639,9067383028,Anand Balakrishnan,9143301467,Unknown,2026-08-10 09:23,23,Coimbatore-North,SUSPICIOUS_BURST
C05640,9067383028,Anand Balakrishnan,9143301467,Unknown,2026-08-10 11:33,25,Coimbatore-North,SUSPICIOUS_BURST
C05641,9067383028,Anand Balakrishnan,9143301467,Unknown,2026-08-10 08:50,59,Coimbatore-North,SUSPICIOUS_BURST
C05642,9067383028,Anand Balakrishnan,9143301467,Unknown,2026-08-10 19:16,56,Chennai-Central,SUSPICIOUS_BURST
C05643,9067383028,Anand Balakrishnan,9143301467,Unknown,2026-08-10 13:19,60,Chennai-Central,SUSPICIOUS_BURST
C05644,9534283644,Farook Bose,9047868633,Arun Ramaswamy,2026-08-01 22:32,375,Madurai-East,
C05645,9534283644,Farook Bose,9047868633,Arun Ramaswamy,2026-08-01 16:43,242,Coimbatore-North,
C05646,9534283644,Farook Bose,9943969078,Deepak Sharma,2026-08-01 21:11,101,Trichy-West,
C05647,9534283644,Farook Bose,9267888610,Ravi Iyer,2026-08-02 11:09,457,Chennai-Central,
C05648,9534283644,Farook Bose,9405377351,Ilango Krishnan,2026-08-02 20:03,67,Trichy-West,
C05649,9534283644,Farook Bose,9267888610,Ravi Iyer,2026-08-03 12:18,194,Erode-Hub,
C05650,9534283644,Farook Bose,9267888610,Ravi Iyer,2026-08-03 19:04,355,Coimbatore-North,
C05651,9534283644,Farook Bose,9943969078,Deepak Sharma,2026-08-04 18:34,81,Coimbatore-North,
C05652,9534283644,Farook Bose,9943969078,Deepak Sharma,2026-08-05 20:48,437,Trichy-West,
C05653,9534283644,Farook Bose,9943969078,Deepak Sharma,2026-08-05 18:55,382,Erode-Hub,
C05654,9534283644,Farook Bose,9943969078,Deepak Sharma,2026-08-06 16:04,482,Salem-South,
C05655,9534283644,Farook Bose,9740748217,Jagan Pillai,2026-08-06 16:08,461,Erode-Hub,
C05656,9534283644,Farook Bose,9943969078,Deepak Sharma,2026-08-07 10:50,303,Erode-Hub,
C05657,9534283644,Farook Bose,9405377351,Ilango Krishnan,2026-08-08 16:04,419,Chennai-Central,
C05658,9534283644,Farook Bose,9943969078,Deepak Sharma,2026-08-08 22:34,350,Salem-South,
C05659,9534283644,Farook Bose,9943969078,Deepak Sharma,2026-08-09 15:18,155,Erode-Hub,
C05660,9534283644,Farook Bose,9943969078,Deepak Sharma,2026-08-09 13:19,513,Chennai-Central,
C05661,9534283644,Farook Bose,9740748217,Jagan Pillai,2026-08-10 16:36,587,Chennai-Central,
C05662,9534283644,Farook Bose,9943969078,Deepak Sharma,2026-08-11 15:52,407,Trichy-West,
C05663,9534283644,Farook Bose,9047868633,Arun Ramaswamy,2026-08-11 19:01,438,Chennai-Central,
C05664,9534283644,Farook Bose,9740748217,Jagan Pillai,2026-08-11 18:00,215,Erode-Hub,
C05665,9534283644,Farook Bose,9267888610,Ravi Iyer,2026-08-12 17:06,147,Erode-Hub,
C05666,9534283644,Farook Bose,9943969078,Deepak Sharma,2026-08-12 20:52,587,Trichy-West,
C05667,9534283644,Farook Bose,9740748217,Jagan Pillai,2026-08-12 14:33,195,Coimbatore-North,
C05668,9534283644,Farook Bose,9047868633,Arun Ramaswamy,2026-08-13 22:29,383,Erode-Hub,
C05669,9534283644,Farook Bose,9405377351,Ilango Krishnan,2026-08-14 17:46,453,Madurai-East,
C05670,9056856624,Eswar Raj,9375758441,Ramesh Natarajan,2026-08-01 19:02,182,Chennai-Central,
C05671,9056856624,Eswar Raj,9506716572,Bharath Pandian,2026-08-02 16:49,261,Chennai-Central,
C05672,9056856624,Eswar Raj,9506716572,Bharath Pandian,2026-08-02 07:39,549,Trichy-West,
C05673,9056856624,Eswar Raj,9489025039,Karthik Velu,2026-08-02 21:31,31,Madurai-East,
C05674,9056856624,Eswar Raj,9375758441,Ramesh Natarajan,2026-08-03 10:21,393,Coimbatore-North,
C05675,9056856624,Eswar Raj,9321046963,Dinesh Subramaniam,2026-08-04 21:35,82,Madurai-East,
C05676,9056856624,Eswar Raj,9489025039,Karthik Velu,2026-08-04 16:05,430,Madurai-East,
C05677,9056856624,Eswar Raj,9375758441,Ramesh Natarajan,2026-08-04 14:41,478,Trichy-West,
C05678,9056856624,Eswar Raj,9799650752,Anand Ramaswamy,2026-08-05 11:50,419,Coimbatore-North,
C05679,9056856624,Eswar Raj,9321046963,Dinesh Subramaniam,2026-08-05 08:17,149,Coimbatore-North,
C05680,9056856624,Eswar Raj,9799650752,Anand Ramaswamy,2026-08-05 19:53,111,Erode-Hub,
C05681,9056856624,Eswar Raj,9321046963,Dinesh Subramaniam,2026-08-06 13:48,400,Salem-South,
C05682,9056856624,Eswar Raj,9352181883,Rajesh Gupta,2026-08-06 22:21,89,Salem-South,
C05683,9056856624,Eswar Raj,9489025039,Karthik Velu,2026-08-06 07:41,437,Madurai-East,
C05684,9056856624,Eswar Raj,9321046963,Dinesh Subramaniam,2026-08-07 19:50,586,Salem-South,
C05685,9056856624,Eswar Raj,9489025039,Karthik Velu,2026-08-07 12:01,59,Madurai-East,
C05686,9056856624,Eswar Raj,9868000257,Ganesh Bose,2026-08-08 17:51,34,Coimbatore-North,
C05687,9056856624,Eswar Raj,9375758441,Ramesh Natarajan,2026-08-08 14:53,505,Chennai-Central,
C05688,9056856624,Eswar Raj,9506716572,Bharath Pandian,2026-08-08 14:24,589,Madurai-East,
C05689,9056856624,Eswar Raj,9506716572,Bharath Pandian,2026-08-09 15:24,85,Erode-Hub,
C05690,9056856624,Eswar Raj,9352181883,Rajesh Gupta,2026-08-09 13:08,402,Coimbatore-North,
C05691,9056856624,Eswar Raj,9352181883,Rajesh Gupta,2026-08-09 13:53,368,Salem-South,
C05692,9056856624,Eswar Raj,9868000257,Ganesh Bose,2026-08-10 16:57,405,Chennai-Central,
C05693,9056856624,Eswar Raj,9868000257,Ganesh Bose,2026-08-10 12:04,387,Madurai-East,
C05694,9056856624,Eswar Raj,9321046963,Dinesh Subramaniam,2026-08-11 16:56,196,Chennai-Central,
C05695,9056856624,Eswar Raj,9799650752,Anand Ramaswamy,2026-08-11 14:51,31,Salem-South,
C05696,9056856624,Eswar Raj,9375758441,Ramesh Natarajan,2026-08-12 19:02,334,Trichy-West,
C05697,9056856624,Eswar Raj,9321046963,Dinesh Subramaniam,2026-08-12 11:25,59,Salem-South,
C05698,9056856624,Eswar Raj,9799650752,Anand Ramaswamy,2026-08-13 09:36,536,Coimbatore-North,
C05699,9056856624,Eswar Raj,9506716572,Bharath Pandian,2026-08-13 14:27,462,Chennai-Central,
C05700,9056856624,Eswar Raj,9506716572,Bharath Pandian,2026-08-14 11:16,40,Coimbatore-North,
C05701,9056856624,Eswar Raj,9375758441,Ramesh Natarajan,2026-08-14 10:34,498,Madurai-East,
C05702,9056856624,Eswar Raj,9375758441,Ramesh Natarajan,2026-08-14 11:21,79,Coimbatore-North,
C05703,9270866882,Vijay Verma,9901476797,Naveen Ramaswamy,2026-08-01 09:42,205,Trichy-West,
C05704,9270866882,Vijay Verma,9911838425,Kannan Bose,2026-08-01 20:19,317,Madurai-East,
C05705,9270866882,Vijay Verma,9191088398,Omkar Singh,2026-08-01 11:44,104,Coimbatore-North,
C05706,9270866882,Vijay Verma,9528922680,Madhavan Murthy,2026-08-02 20:22,313,Madurai-East,
C05707,9270866882,Vijay Verma,9191088398,Omkar Singh,2026-08-02 22:15,420,Coimbatore-North,
C05708,9270866882,Vijay Verma,9901476797,Naveen Ramaswamy,2026-08-02 08:35,493,Coimbatore-North,
C05709,9270866882,Vijay Verma,9901476797,Naveen Ramaswamy,2026-08-03 09:18,93,Trichy-West,
C05710,9270866882,Vijay Verma,9159996504,Vijay Venkatesh,2026-08-04 07:28,483,Erode-Hub,
C05711,9270866882,Vijay Verma,9528922680,Madhavan Murthy,2026-08-04 08:06,478,Trichy-West,
C05712,9270866882,Vijay Verma,9780913431,Jagan Natarajan,2026-08-04 21:02,419,Trichy-West,
C05713,9270866882,Vijay Verma,9911838425,Kannan Bose,2026-08-05 18:02,467,Trichy-West,
C05714,9270866882,Vijay Verma,9191088398,Omkar Singh,2026-08-06 07:03,401,Coimbatore-North,
C05715,9270866882,Vijay Verma,9901476797,Naveen Ramaswamy,2026-08-06 09:54,268,Coimbatore-North,
C05716,9270866882,Vijay Verma,9191088398,Omkar Singh,2026-08-07 08:45,395,Erode-Hub,
C05717,9270866882,Vijay Verma,9911838425,Kannan Bose,2026-08-08 22:31,553,Erode-Hub,
C05718,9270866882,Vijay Verma,9159996504,Vijay Venkatesh,2026-08-08 21:28,255,Coimbatore-North,
C05719,9270866882,Vijay Verma,9159996504,Vijay Venkatesh,2026-08-08 07:28,402,Chennai-Central,
C05720,9270866882,Vijay Verma,9901476797,Naveen Ramaswamy,2026-08-09 18:45,550,Coimbatore-North,
C05721,9270866882,Vijay Verma,9159996504,Vijay Venkatesh,2026-08-10 14:12,289,Trichy-West,
C05722,9270866882,Vijay Verma,9191088398,Omkar Singh,2026-08-10 15:53,257,Madurai-East,
C05723,9270866882,Vijay Verma,9911838425,Kannan Bose,2026-08-11 17:18,167,Coimbatore-North,
C05724,9270866882,Vijay Verma,9528922680,Madhavan Murthy,2026-08-11 17:34,255,Trichy-West,
C05725,9270866882,Vijay Verma,9911838425,Kannan Bose,2026-08-11 19:49,408,Madurai-East,
C05726,9270866882,Vijay Verma,9901476797,Naveen Ramaswamy,2026-08-12 16:51,584,Chennai-Central,
C05727,9270866882,Vijay Verma,9528922680,Madhavan Murthy,2026-08-12 15:55,231,Chennai-Central,
C05728,9270866882,Vijay Verma,9911838425,Kannan Bose,2026-08-12 13:08,137,Trichy-West,
C05729,9270866882,Vijay Verma,9191088398,Omkar Singh,2026-08-13 14:02,500,Erode-Hub,
C05730,9270866882,Vijay Verma,9911838425,Kannan Bose,2026-08-14 18:10,434,Erode-Hub,
C05731,9270866882,Vijay Verma,9780913431,Jagan Natarajan,2026-08-14 17:23,593,Coimbatore-North,
C05732,9270866882,Vijay Verma,9159996504,Vijay Venkatesh,2026-08-14 10:36,219,Erode-Hub,
C05733,9175183046,Mahesh Gupta,9174612004,Ilango Menon,2026-08-01 22:33,200,Chennai-Central,
C05734,9175183046,Mahesh Gupta,9454990453,Anand Subramaniam,2026-08-01 11:58,250,Madurai-East,
C05735,9175183046,Mahesh Gupta,9454990453,Anand Subramaniam,2026-08-01 14:20,152,Chennai-Central,
C05736,9175183046,Mahesh Gupta,9454990453,Anand Subramaniam,2026-08-02 09:24,408,Madurai-East,
C05737,9175183046,Mahesh Gupta,9454990453,Anand Subramaniam,2026-08-02 13:59,538,Erode-Hub,
C05738,9175183046,Mahesh Gupta,9296194311,Elango Krishnan,2026-08-03 07:59,88,Salem-South,
C05739,9175183046,Mahesh Gupta,9826758692,Anand Shetty,2026-08-03 11:15,550,Trichy-West,
C05740,9175183046,Mahesh Gupta,9826758692,Anand Shetty,2026-08-03 17:45,63,Trichy-West,
C05741,9175183046,Mahesh Gupta,9826758692,Anand Shetty,2026-08-04 10:32,231,Madurai-East,
C05742,9175183046,Mahesh Gupta,9296194311,Elango Krishnan,2026-08-04 21:24,242,Salem-South,
C05743,9175183046,Mahesh Gupta,9454990453,Anand Subramaniam,2026-08-04 10:52,365,Erode-Hub,
C05744,9175183046,Mahesh Gupta,9454990453,Anand Subramaniam,2026-08-05 22:35,90,Erode-Hub,
C05745,9175183046,Mahesh Gupta,9454990453,Anand Subramaniam,2026-08-05 15:42,535,Erode-Hub,
C05746,9175183046,Mahesh Gupta,9826758692,Anand Shetty,2026-08-05 08:04,527,Coimbatore-North,
C05747,9175183046,Mahesh Gupta,9826758692,Anand Shetty,2026-08-06 15:59,336,Madurai-East,
C05748,9175183046,Mahesh Gupta,9296194311,Elango Krishnan,2026-08-06 14:47,585,Trichy-West,
C05749,9175183046,Mahesh Gupta,9174612004,Ilango Menon,2026-08-06 19:42,49,Coimbatore-North,
C05750,9175183046,Mahesh Gupta,9296194311,Elango Krishnan,2026-08-07 20:08,140,Madurai-East,
C05751,9175183046,Mahesh Gupta,9454990453,Anand Subramaniam,2026-08-07 16:23,284,Salem-South,
C05752,9175183046,Mahesh Gupta,9296194311,Elango Krishnan,2026-08-08 18:36,193,Madurai-East,
C05753,9175183046,Mahesh Gupta,9454990453,Anand Subramaniam,2026-08-09 08:03,468,Erode-Hub,
C05754,9175183046,Mahesh Gupta,9454990453,Anand Subramaniam,2026-08-09 18:24,250,Chennai-Central,
C05755,9175183046,Mahesh Gupta,9174612004,Ilango Menon,2026-08-10 16:49,548,Chennai-Central,
C05756,9175183046,Mahesh Gupta,9296194311,Elango Krishnan,2026-08-10 07:38,197,Coimbatore-North,
C05757,9175183046,Mahesh Gupta,9454990453,Anand Subramaniam,2026-08-11 18:22,376,Chennai-Central,
C05758,9175183046,Mahesh Gupta,9174612004,Ilango Menon,2026-08-12 21:51,198,Trichy-West,
C05759,9175183046,Mahesh Gupta,9454990453,Anand Subramaniam,2026-08-12 21:34,158,Madurai-East,
C05760,9175183046,Mahesh Gupta,9454990453,Anand Subramaniam,2026-08-13 22:09,128,Trichy-West,
C05761,9175183046,Mahesh Gupta,9826758692,Anand Shetty,2026-08-13 09:14,139,Chennai-Central,
C05762,9175183046,Mahesh Gupta,9826758692,Anand Shetty,2026-08-13 09:10,571,Coimbatore-North,
C05763,9175183046,Mahesh Gupta,9826758692,Anand Shetty,2026-08-14 07:08,297,Trichy-West,
C05764,9175183046,Mahesh Gupta,9296194311,Elango Krishnan,2026-08-14 20:26,113,Chennai-Central,
C05765,9175183046,Mahesh Gupta,9296194311,Elango Krishnan,2026-08-14 19:35,598,Coimbatore-North,
C05766,9837354033,Sabari Das,9067383028,Anand Balakrishnan,2026-08-01 09:25,295,Coimbatore-North,
C05767,9837354033,Sabari Das,9067383028,Anand Balakrishnan,2026-08-01 15:35,131,Erode-Hub,
C05768,9837354033,Sabari Das,9019380262,Kumar Verma,2026-08-02 08:20,128,Trichy-West,
C05769,9837354033,Sabari Das,9627298069,Elango Gupta,2026-08-02 20:53,96,Salem-South,
C05770,9837354033,Sabari Das,9627298069,Elango Gupta,2026-08-03 07:45,62,Coimbatore-North,
C05771,9837354033,Sabari Das,9801006231,Kishore Sharma,2026-08-03 18:56,143,Chennai-Central,
C05772,9837354033,Sabari Das,9801006231,Kishore Sharma,2026-08-04 07:31,99,Salem-South,
C05773,9837354033,Sabari Das,9030564139,Thiru Ramaswamy,2026-08-05 11:13,294,Coimbatore-North,
C05774,9837354033,Sabari Das,9019380262,Kumar Verma,2026-08-05 18:04,120,Coimbatore-North,
C05775,9837354033,Sabari Das,9627298069,Elango Gupta,2026-08-05 15:39,434,Erode-Hub,
C05776,9837354033,Sabari Das,9801006231,Kishore Sharma,2026-08-06 19:28,152,Coimbatore-North,
C05777,9837354033,Sabari Das,9500978820,Suresh Balakrishnan,2026-08-07 08:04,568,Salem-South,
C05778,9837354033,Sabari Das,9030564139,Thiru Ramaswamy,2026-08-08 13:39,501,Chennai-Central,
C05779,9837354033,Sabari Das,9030564139,Thiru Ramaswamy,2026-08-09 20:12,231,Salem-South,
C05780,9837354033,Sabari Das,9627298069,Elango Gupta,2026-08-10 10:14,43,Salem-South,
C05781,9837354033,Sabari Das,9500978820,Suresh Balakrishnan,2026-08-11 07:38,323,Chennai-Central,
C05782,9837354033,Sabari Das,9030564139,Thiru Ramaswamy,2026-08-11 14:00,573,Trichy-West,
C05783,9837354033,Sabari Das,9067383028,Anand Balakrishnan,2026-08-12 21:20,297,Madurai-East,
C05784,9837354033,Sabari Das,9627298069,Elango Gupta,2026-08-12 22:16,333,Coimbatore-North,
C05785,9837354033,Sabari Das,9030564139,Thiru Ramaswamy,2026-08-13 13:43,150,Coimbatore-North,
C05786,9837354033,Sabari Das,9019380262,Kumar Verma,2026-08-14 12:01,210,Erode-Hub,
C05787,9837354033,Sabari Das,9030564139,Thiru Ramaswamy,2026-08-14 12:10,492,Erode-Hub,
C05788,9638546785,Omkar Rao,9375758441,Ramesh Natarajan,2026-08-01 17:19,159,Trichy-West,
C05789,9638546785,Omkar Rao,9743671369,Nithin Pillai,2026-08-01 09:27,436,Trichy-West,
C05790,9638546785,Omkar Rao,9375758441,Ramesh Natarajan,2026-08-02 09:22,267,Chennai-Central,
C05791,9638546785,Omkar Rao,9842199330,Dinesh Achari,2026-08-02 15:41,116,Erode-Hub,
C05792,9638546785,Omkar Rao,9743671369,Nithin Pillai,2026-08-02 18:57,61,Chennai-Central,
C05793,9638546785,Omkar Rao,9816850542,Lokesh Natarajan,2026-08-03 21:39,305,Madurai-East,
C05794,9638546785,Omkar Rao,9640052427,Deepak Pandian,2026-08-04 18:42,283,Salem-South,
C05795,9638546785,Omkar Rao,9656670106,Manoj Reddy,2026-08-04 19:41,520,Madurai-East,
C05796,9638546785,Omkar Rao,9743671369,Nithin Pillai,2026-08-04 15:50,83,Chennai-Central,
C05797,9638546785,Omkar Rao,9640052427,Deepak Pandian,2026-08-05 18:28,429,Coimbatore-North,
C05798,9638546785,Omkar Rao,9816850542,Lokesh Natarajan,2026-08-05 09:33,142,Chennai-Central,
C05799,9638546785,Omkar Rao,9816850542,Lokesh Natarajan,2026-08-05 19:16,243,Salem-South,
C05800,9638546785,Omkar Rao,9030564139,Thiru Ramaswamy,2026-08-06 09:24,74,Trichy-West,
C05801,9638546785,Omkar Rao,9816850542,Lokesh Natarajan,2026-08-07 16:39,153,Trichy-West,
C05802,9638546785,Omkar Rao,9030564139,Thiru Ramaswamy,2026-08-07 07:28,140,Chennai-Central,
C05803,9638546785,Omkar Rao,9842199330,Dinesh Achari,2026-08-08 08:50,37,Trichy-West,
C05804,9638546785,Omkar Rao,9842199330,Dinesh Achari,2026-08-08 17:01,368,Coimbatore-North,
C05805,9638546785,Omkar Rao,9743671369,Nithin Pillai,2026-08-08 07:07,27,Madurai-East,
C05806,9638546785,Omkar Rao,9375758441,Ramesh Natarajan,2026-08-09 14:46,481,Madurai-East,
C05807,9638546785,Omkar Rao,9640052427,Deepak Pandian,2026-08-10 12:40,553,Chennai-Central,
C05808,9638546785,Omkar Rao,9375758441,Ramesh Natarajan,2026-08-10 19:40,22,Coimbatore-North,
C05809,9638546785,Omkar Rao,9640052427,Deepak Pandian,2026-08-11 17:09,58,Coimbatore-North,
C05810,9638546785,Omkar Rao,9030564139,Thiru Ramaswamy,2026-08-11 17:22,448,Erode-Hub,
C05811,9638546785,Omkar Rao,9030564139,Thiru Ramaswamy,2026-08-12 08:23,479,Salem-South,
C05812,9638546785,Omkar Rao,9375758441,Ramesh Natarajan,2026-08-12 15:24,371,Erode-Hub,
C05813,9638546785,Omkar Rao,9640052427,Deepak Pandian,2026-08-12 08:24,505,Trichy-West,
C05814,9638546785,Omkar Rao,9842199330,Dinesh Achari,2026-08-13 14:08,202,Trichy-West,
C05815,9638546785,Omkar Rao,9743671369,Nithin Pillai,2026-08-14 16:43,527,Trichy-West,
C05816,9771753556,Bharath Shetty,9556258815,Kumar Gowda,2026-08-01 09:23,489,Coimbatore-North,
C05817,9771753556,Bharath Shetty,9106903311,Pandi Ramaswamy,2026-08-01 21:49,295,Chennai-Central,
C05818,9771753556,Bharath Shetty,9656670106,Manoj Reddy,2026-08-01 18:28,163,Chennai-Central,
C05819,9771753556,Bharath Shetty,9556258815,Kumar Gowda,2026-08-02 12:42,281,Erode-Hub,
C05820,9771753556,Bharath Shetty,9901476797,Naveen Ramaswamy,2026-08-02 11:30,482,Chennai-Central,
C05821,9771753556,Bharath Shetty,9720465375,Ravi Gowda,2026-08-03 15:42,382,Trichy-West,
C05822,9771753556,Bharath Shetty,9720465375,Ravi Gowda,2026-08-03 08:58,220,Chennai-Central,
C05823,9771753556,Bharath Shetty,9106903311,Pandi Ramaswamy,2026-08-03 14:53,64,Coimbatore-North,
C05824,9771753556,Bharath Shetty,9656670106,Manoj Reddy,2026-08-04 15:12,235,Chennai-Central,
C05825,9771753556,Bharath Shetty,9656670106,Manoj Reddy,2026-08-04 11:04,457,Trichy-West,
C05826,9771753556,Bharath Shetty,9720465375,Ravi Gowda,2026-08-05 17:00,325,Coimbatore-North,
C05827,9771753556,Bharath Shetty,9656670106,Manoj Reddy,2026-08-06 10:48,55,Trichy-West,
C05828,9771753556,Bharath Shetty,9106903311,Pandi Ramaswamy,2026-08-06 20:06,519,Madurai-East,
C05829,9771753556,Bharath Shetty,9106903311,Pandi Ramaswamy,2026-08-07 18:58,183,Coimbatore-North,
C05830,9771753556,Bharath Shetty,9455022961,Prakash Pillai,2026-08-07 10:36,375,Trichy-West,
C05831,9771753556,Bharath Shetty,9901476797,Naveen Ramaswamy,2026-08-07 20:43,341,Madurai-East,
C05832,9771753556,Bharath Shetty,9901476797,Naveen Ramaswamy,2026-08-08 16:59,333,Erode-Hub,
C05833,9771753556,Bharath Shetty,9656670106,Manoj Reddy,2026-08-08 08:03,44,Salem-South,
C05834,9771753556,Bharath Shetty,9720465375,Ravi Gowda,2026-08-09 16:14,440,Trichy-West,
C05835,9771753556,Bharath Shetty,9455022961,Prakash Pillai,2026-08-09 17:43,121,Salem-South,
C05836,9771753556,Bharath Shetty,9106903311,Pandi Ramaswamy,2026-08-09 15:14,64,Erode-Hub,
C05837,9771753556,Bharath Shetty,9556258815,Kumar Gowda,2026-08-10 16:39,173,Salem-South,
C05838,9771753556,Bharath Shetty,9720465375,Ravi Gowda,2026-08-11 12:30,102,Erode-Hub,
C05839,9771753556,Bharath Shetty,9106903311,Pandi Ramaswamy,2026-08-11 15:06,501,Chennai-Central,
C05840,9771753556,Bharath Shetty,9106903311,Pandi Ramaswamy,2026-08-12 13:08,155,Coimbatore-North,
C05841,9771753556,Bharath Shetty,9901476797,Naveen Ramaswamy,2026-08-13 13:29,199,Salem-South,
C05842,9771753556,Bharath Shetty,9556258815,Kumar Gowda,2026-08-13 13:00,529,Chennai-Central,
C05843,9771753556,Bharath Shetty,9556258815,Kumar Gowda,2026-08-14 22:26,293,Madurai-East,
C05844,9899642353,Rahul Pillai,9240415747,Thiru Sundaram,2026-08-01 13:47,286,Madurai-East,
C05845,9899642353,Rahul Pillai,9013990490,Harish Pillai,2026-08-01 17:54,170,Madurai-East,
C05846,9899642353,Rahul Pillai,9826758692,Anand Shetty,2026-08-02 17:37,242,Chennai-Central,
C05847,9899642353,Rahul Pillai,9826758692,Anand Shetty,2026-08-02 16:25,158,Chennai-Central,
C05848,9899642353,Rahul Pillai,9826758692,Anand Shetty,2026-08-03 08:41,198,Chennai-Central,
C05849,9899642353,Rahul Pillai,9770143634,Nithin Raj,2026-08-03 13:05,396,Madurai-East,
C05850,9899642353,Rahul Pillai,9770143634,Nithin Raj,2026-08-04 17:23,87,Trichy-West,
C05851,9899642353,Rahul Pillai,9013990490,Harish Pillai,2026-08-04 08:40,527,Chennai-Central,
C05852,9899642353,Rahul Pillai,9240415747,Thiru Sundaram,2026-08-04 09:33,97,Coimbatore-North,
C05853,9899642353,Rahul Pillai,9013990490,Harish Pillai,2026-08-05 20:01,64,Coimbatore-North,
C05854,9899642353,Rahul Pillai,9240415747,Thiru Sundaram,2026-08-05 20:43,213,Erode-Hub,
C05855,9899642353,Rahul Pillai,9826758692,Anand Shetty,2026-08-06 12:16,144,Madurai-East,
C05856,9899642353,Rahul Pillai,9770143634,Nithin Raj,2026-08-07 11:17,578,Madurai-East,
C05857,9899642353,Rahul Pillai,9770143634,Nithin Raj,2026-08-07 10:40,562,Salem-South,
C05858,9899642353,Rahul Pillai,9240415747,Thiru Sundaram,2026-08-08 11:00,575,Coimbatore-North,
C05859,9899642353,Rahul Pillai,9240415747,Thiru Sundaram,2026-08-08 16:36,323,Madurai-East,
C05860,9899642353,Rahul Pillai,9240415747,Thiru Sundaram,2026-08-08 19:25,326,Trichy-West,
C05861,9899642353,Rahul Pillai,9013990490,Harish Pillai,2026-08-09 20:49,273,Salem-South,
C05862,9899642353,Rahul Pillai,9770143634,Nithin Raj,2026-08-10 17:08,149,Chennai-Central,
C05863,9899642353,Rahul Pillai,9013990490,Harish Pillai,2026-08-11 08:20,142,Trichy-West,
C05864,9899642353,Rahul Pillai,9770143634,Nithin Raj,2026-08-11 10:56,219,Chennai-Central,
C05865,9899642353,Rahul Pillai,9770143634,Nithin Raj,2026-08-12 09:52,275,Salem-South,
C05866,9899642353,Rahul Pillai,9240415747,Thiru Sundaram,2026-08-13 11:24,179,Trichy-West,
C05867,9899642353,Rahul Pillai,9013990490,Harish Pillai,2026-08-13 17:37,90,Coimbatore-North,
C05868,9899642353,Rahul Pillai,9013990490,Harish Pillai,2026-08-14 15:03,376,Salem-South,
C05869,9547772522,Eswar Pandian,9067383028,Anand Balakrishnan,2026-08-01 12:05,266,Madurai-East,
C05870,9547772522,Eswar Pandian,9156149784,Sabari Murthy,2026-08-01 22:34,469,Madurai-East,
C05871,9547772522,Eswar Pandian,9400504556,Siva Nair,2026-08-02 11:56,448,Madurai-East,
C05872,9547772522,Eswar Pandian,9054868740,Ganesh Shetty,2026-08-03 14:37,472,Chennai-Central,
C05873,9547772522,Eswar Pandian,9156149784,Sabari Murthy,2026-08-04 21:31,256,Chennai-Central,
C05874,9547772522,Eswar Pandian,9850142940,Murugan Velu,2026-08-04 15:06,547,Erode-Hub,
C05875,9547772522,Eswar Pandian,9770143634,Nithin Raj,2026-08-04 11:51,416,Chennai-Central,
C05876,9547772522,Eswar Pandian,9067383028,Anand Balakrishnan,2026-08-05 18:41,136,Salem-South,
C05877,9547772522,Eswar Pandian,9770143634,Nithin Raj,2026-08-06 14:42,289,Chennai-Central,
C05878,9547772522,Eswar Pandian,9770143634,Nithin Raj,2026-08-06 22:35,335,Trichy-West,
C05879,9547772522,Eswar Pandian,9156149784,Sabari Murthy,2026-08-07 10:19,96,Erode-Hub,
C05880,9547772522,Eswar Pandian,9770143634,Nithin Raj,2026-08-07 08:49,386,Chennai-Central,
C05881,9547772522,Eswar Pandian,9156149784,Sabari Murthy,2026-08-08 13:42,46,Madurai-East,
C05882,9547772522,Eswar Pandian,9770143634,Nithin Raj,2026-08-08 14:59,267,Salem-South,
C05883,9547772522,Eswar Pandian,9067383028,Anand Balakrishnan,2026-08-09 07:24,453,Madurai-East,
C05884,9547772522,Eswar Pandian,9054868740,Ganesh Shetty,2026-08-09 22:16,419,Trichy-West,
C05885,9547772522,Eswar Pandian,9533158692,Vikram Shetty,2026-08-10 12:00,466,Erode-Hub,
C05886,9547772522,Eswar Pandian,9850142940,Murugan Velu,2026-08-11 13:53,485,Trichy-West,
C05887,9547772522,Eswar Pandian,9850142940,Murugan Velu,2026-08-11 14:05,531,Coimbatore-North,
C05888,9547772522,Eswar Pandian,9034131647,Omkar Iyer,2026-08-11 13:35,342,Chennai-Central,
C05889,9547772522,Eswar Pandian,9770143634,Nithin Raj,2026-08-12 16:47,566,Trichy-West,
C05890,9547772522,Eswar Pandian,9770143634,Nithin Raj,2026-08-12 19:24,47,Coimbatore-North,
C05891,9547772522,Eswar Pandian,9400504556,Siva Nair,2026-08-12 13:43,312,Salem-South,
C05892,9547772522,Eswar Pandian,9067383028,Anand Balakrishnan,2026-08-13 07:06,580,Coimbatore-North,
C05893,9547772522,Eswar Pandian,9533158692,Vikram Shetty,2026-08-13 21:10,37,Madurai-East,
C05894,9547772522,Eswar Pandian,9067383028,Anand Balakrishnan,2026-08-14 21:01,23,Salem-South,
C05895,9547772522,Eswar Pandian,9067383028,Anand Balakrishnan,2026-08-14 11:55,109,Madurai-East,
C05896,9801006231,Kishore Sharma,9454615679,Ilango Murthy,2026-08-01 18:12,178,Trichy-West,
C05897,9801006231,Kishore Sharma,9013990490,Harish Pillai,2026-08-01 15:40,215,Madurai-East,
C05898,9801006231,Kishore Sharma,9013990490,Harish Pillai,2026-08-02 15:52,136,Madurai-East,
C05899,9801006231,Kishore Sharma,9044997278,Bharath Pillai,2026-08-02 11:14,495,Coimbatore-North,
C05900,9801006231,Kishore Sharma,9044997278,Bharath Pillai,2026-08-03 07:06,272,Erode-Hub,
C05901,9801006231,Kishore Sharma,9740344713,Nithin Bose,2026-08-04 18:41,107,Madurai-East,
C05902,9801006231,Kishore Sharma,9013990490,Harish Pillai,2026-08-05 10:59,418,Madurai-East,
C05903,9801006231,Kishore Sharma,9341232812,Sabari Rao,2026-08-06 20:54,428,Chennai-Central,
C05904,9801006231,Kishore Sharma,9454615679,Ilango Murthy,2026-08-07 11:47,387,Chennai-Central,
C05905,9801006231,Kishore Sharma,9740344713,Nithin Bose,2026-08-07 19:23,136,Erode-Hub,
C05906,9801006231,Kishore Sharma,9013990490,Harish Pillai,2026-08-07 08:55,466,Erode-Hub,
C05907,9801006231,Kishore Sharma,9826137506,Siva Shetty,2026-08-08 18:56,372,Coimbatore-North,
C05908,9801006231,Kishore Sharma,9044997278,Bharath Pillai,2026-08-08 12:13,214,Erode-Hub,
C05909,9801006231,Kishore Sharma,9826137506,Siva Shetty,2026-08-08 18:34,238,Salem-South,
C05910,9801006231,Kishore Sharma,9454615679,Ilango Murthy,2026-08-09 10:32,299,Salem-South,
C05911,9801006231,Kishore Sharma,9826137506,Siva Shetty,2026-08-09 18:44,241,Chennai-Central,
C05912,9801006231,Kishore Sharma,9013990490,Harish Pillai,2026-08-09 15:13,488,Erode-Hub,
C05913,9801006231,Kishore Sharma,9013990490,Harish Pillai,2026-08-10 12:45,575,Chennai-Central,
C05914,9801006231,Kishore Sharma,9013990490,Harish Pillai,2026-08-10 14:13,254,Trichy-West,
C05915,9801006231,Kishore Sharma,9013990490,Harish Pillai,2026-08-10 07:05,533,Coimbatore-North,
C05916,9801006231,Kishore Sharma,9044997278,Bharath Pillai,2026-08-11 09:09,70,Erode-Hub,
C05917,9801006231,Kishore Sharma,9044997278,Bharath Pillai,2026-08-11 18:18,217,Chennai-Central,
C05918,9801006231,Kishore Sharma,9740344713,Nithin Bose,2026-08-12 15:40,63,Madurai-East,
C05919,9801006231,Kishore Sharma,9740344713,Nithin Bose,2026-08-12 19:06,219,Trichy-West,
C05920,9801006231,Kishore Sharma,9719022941,Karthik Mohan,2026-08-12 07:25,330,Salem-South,
C05921,9801006231,Kishore Sharma,9341232812,Sabari Rao,2026-08-13 18:27,85,Madurai-East,
C05922,9801006231,Kishore Sharma,9044997278,Bharath Pillai,2026-08-13 12:05,133,Erode-Hub,
C05923,9801006231,Kishore Sharma,9740344713,Nithin Bose,2026-08-13 07:53,451,Erode-Hub,
C05924,9801006231,Kishore Sharma,9454615679,Ilango Murthy,2026-08-14 14:39,369,Chennai-Central,
C05925,9997700886,Hari Sharma,9159996504,Vijay Venkatesh,2026-08-01 19:53,167,Madurai-East,
C05926,9997700886,Hari Sharma,9571208267,Manoj Krishnan,2026-08-02 11:41,179,Trichy-West,
C05927,9997700886,Hari Sharma,9159996504,Vijay Venkatesh,2026-08-03 19:34,325,Madurai-East,
C05928,9997700886,Hari Sharma,9171822782,Farook Iyer,2026-08-03 12:03,485,Coimbatore-North,
C05929,9997700886,Hari Sharma,9317139005,Murugan Pillai,2026-08-04 11:47,301,Salem-South,
C05930,9997700886,Hari Sharma,9171822782,Farook Iyer,2026-08-05 21:24,88,Coimbatore-North,
C05931,9997700886,Hari Sharma,9056856624,Eswar Raj,2026-08-05 11:04,529,Coimbatore-North,
C05932,9997700886,Hari Sharma,9159996504,Vijay Venkatesh,2026-08-05 07:35,212,Erode-Hub,
C05933,9997700886,Hari Sharma,9159996504,Vijay Venkatesh,2026-08-06 17:37,583,Erode-Hub,
C05934,9997700886,Hari Sharma,9171822782,Farook Iyer,2026-08-06 15:39,471,Salem-South,
C05935,9997700886,Hari Sharma,9317139005,Murugan Pillai,2026-08-07 09:04,135,Chennai-Central,
C05936,9997700886,Hari Sharma,9159996504,Vijay Venkatesh,2026-08-07 20:39,108,Madurai-East,
C05937,9997700886,Hari Sharma,9571208267,Manoj Krishnan,2026-08-08 14:26,274,Erode-Hub,
C05938,9997700886,Hari Sharma,9056856624,Eswar Raj,2026-08-08 07:21,127,Coimbatore-North,
C05939,9997700886,Hari Sharma,9683885160,Prakash Patel,2026-08-09 17:55,380,Erode-Hub,
C05940,9997700886,Hari Sharma,9171822782,Farook Iyer,2026-08-09 12:24,141,Trichy-West,
C05941,9997700886,Hari Sharma,9159996504,Vijay Venkatesh,2026-08-10 09:05,103,Erode-Hub,
C05942,9997700886,Hari Sharma,9159996504,Vijay Venkatesh,2026-08-10 09:00,477,Trichy-West,
C05943,9997700886,Hari Sharma,9571208267,Manoj Krishnan,2026-08-10 17:32,522,Madurai-East,
C05944,9997700886,Hari Sharma,9571208267,Manoj Krishnan,2026-08-11 12:42,600,Salem-South,
C05945,9997700886,Hari Sharma,9054868740,Ganesh Shetty,2026-08-11 08:11,409,Salem-South,
C05946,9997700886,Hari Sharma,9056856624,Eswar Raj,2026-08-11 08:29,455,Trichy-West,
C05947,9997700886,Hari Sharma,9054868740,Ganesh Shetty,2026-08-12 10:48,354,Coimbatore-North,
C05948,9997700886,Hari Sharma,9171822782,Farook Iyer,2026-08-12 13:33,23,Coimbatore-North,
C05949,9997700886,Hari Sharma,9571208267,Manoj Krishnan,2026-08-13 11:35,369,Coimbatore-North,
C05950,9997700886,Hari Sharma,9571208267,Manoj Krishnan,2026-08-13 19:25,358,Trichy-West,
C05951,9997700886,Hari Sharma,9056856624,Eswar Raj,2026-08-14 12:11,246,Trichy-West,
C05952,9997700886,Hari Sharma,9056856624,Eswar Raj,2026-08-14 21:54,370,Madurai-East,
C05953,9997700886,Hari Sharma,9159996504,Vijay Venkatesh,2026-08-14 15:25,317,Trichy-West,
C05954,9840862118,Pandi Pillai,9809570154,Devan Ramaswamy,2026-08-01 17:54,528,Erode-Hub,
C05955,9840862118,Pandi Pillai,9455022961,Prakash Pillai,2026-08-01 13:37,210,Salem-South,
C05956,9840862118,Pandi Pillai,9361939909,Harish Iyer,2026-08-01 08:33,593,Coimbatore-North,
C05957,9840862118,Pandi Pillai,9361939909,Harish Iyer,2026-08-02 17:46,78,Erode-Hub,
C05958,9840862118,Pandi Pillai,9889579868,Kannan Velu,2026-08-02 21:40,591,Madurai-East,
C05959,9840862118,Pandi Pillai,9361939909,Harish Iyer,2026-08-02 22:23,58,Erode-Hub,
C05960,9840862118,Pandi Pillai,9155188442,Omkar Subramaniam,2026-08-03 10:12,331,Chennai-Central,
C05961,9840862118,Pandi Pillai,9155188442,Omkar Subramaniam,2026-08-03 07:52,251,Chennai-Central,
C05962,9840862118,Pandi Pillai,9889579868,Kannan Velu,2026-08-04 21:29,471,Coimbatore-North,
C05963,9840862118,Pandi Pillai,9889579868,Kannan Velu,2026-08-04 22:11,521,Chennai-Central,
C05964,9840862118,Pandi Pillai,9155188442,Omkar Subramaniam,2026-08-05 07:53,600,Trichy-West,
C05965,9840862118,Pandi Pillai,9962309130,Naveen Murthy,2026-08-06 08:11,247,Coimbatore-North,
C05966,9840862118,Pandi Pillai,9740344713,Nithin Bose,2026-08-06 19:26,519,Coimbatore-North,
C05967,9840862118,Pandi Pillai,9455022961,Prakash Pillai,2026-08-07 08:08,535,Erode-Hub,
C05968,9840862118,Pandi Pillai,9889579868,Kannan Velu,2026-08-07 18:04,437,Chennai-Central,
C05969,9840862118,Pandi Pillai,9962309130,Naveen Murthy,2026-08-08 22:45,77,Salem-South,
C05970,9840862118,Pandi Pillai,9962309130,Naveen Murthy,2026-08-08 18:24,354,Madurai-East,
C05971,9840862118,Pandi Pillai,9455022961,Prakash Pillai,2026-08-08 16:34,366,Chennai-Central,
C05972,9840862118,Pandi Pillai,9455022961,Prakash Pillai,2026-08-09 10:53,523,Chennai-Central,
C05973,9840862118,Pandi Pillai,9962309130,Naveen Murthy,2026-08-09 08:01,218,Trichy-West,
C05974,9840862118,Pandi Pillai,9361939909,Harish Iyer,2026-08-09 10:38,235,Trichy-West,
C05975,9840862118,Pandi Pillai,9809570154,Devan Ramaswamy,2026-08-10 19:27,397,Trichy-West,
C05976,9840862118,Pandi Pillai,9962309130,Naveen Murthy,2026-08-10 07:05,578,Madurai-East,
C05977,9840862118,Pandi Pillai,9889579868,Kannan Velu,2026-08-10 10:41,264,Erode-Hub,
C05978,9840862118,Pandi Pillai,9361939909,Harish Iyer,2026-08-11 20:19,418,Chennai-Central,
C05979,9840862118,Pandi Pillai,9155188442,Omkar Subramaniam,2026-08-11 14:59,223,Chennai-Central,
C05980,9840862118,Pandi Pillai,9155188442,Omkar Subramaniam,2026-08-11 11:54,447,Trichy-West,
C05981,9840862118,Pandi Pillai,9740344713,Nithin Bose,2026-08-12 18:27,578,Madurai-East,
C05982,9840862118,Pandi Pillai,9155188442,Omkar Subramaniam,2026-08-12 11:42,374,Salem-South,
C05983,9840862118,Pandi Pillai,9809570154,Devan Ramaswamy,2026-08-12 22:42,184,Trichy-West,
C05984,9840862118,Pandi Pillai,9455022961,Prakash Pillai,2026-08-13 21:20,342,Salem-South,
C05985,9840862118,Pandi Pillai,9962309130,Naveen Murthy,2026-08-13 15:12,300,Coimbatore-North,
C05986,9840862118,Pandi Pillai,9740344713,Nithin Bose,2026-08-14 22:51,145,Erode-Hub,
C05987,9840862118,Pandi Pillai,9455022961,Prakash Pillai,2026-08-14 10:28,541,Madurai-East,
C05988,9840862118,Pandi Pillai,9962309130,Naveen Murthy,2026-08-14 10:25,29,Erode-Hub,
C05989,9454615679,Ilango Murthy,9826137506,Siva Shetty,2026-08-01 10:53,318,Erode-Hub,
C05990,9454615679,Ilango Murthy,9997700886,Hari Sharma,2026-08-01 18:54,411,Trichy-West,
C05991,9454615679,Ilango Murthy,9352181883,Rajesh Gupta,2026-08-02 13:45,127,Chennai-Central,
C05992,9454615679,Ilango Murthy,9681177589,Suresh Patel,2026-08-02 11:57,126,Madurai-East,
C05993,9454615679,Ilango Murthy,9997700886,Hari Sharma,2026-08-03 18:58,561,Salem-South,
C05994,9454615679,Ilango Murthy,9662702895,Rajesh Raj,2026-08-04 14:31,535,Trichy-West,
C05995,9454615679,Ilango Murthy,9997700886,Hari Sharma,2026-08-04 09:24,78,Trichy-West,
C05996,9454615679,Ilango Murthy,9352181883,Rajesh Gupta,2026-08-05 10:04,104,Erode-Hub,
C05997,9454615679,Ilango Murthy,9681177589,Suresh Patel,2026-08-06 11:10,570,Trichy-West,
C05998,9454615679,Ilango Murthy,9826137506,Siva Shetty,2026-08-06 22:45,138,Chennai-Central,
C05999,9454615679,Ilango Murthy,9352181883,Rajesh Gupta,2026-08-06 12:35,375,Salem-South,
C06000,9454615679,Ilango Murthy,9681177589,Suresh Patel,2026-08-07 22:40,387,Chennai-Central,
C06001,9454615679,Ilango Murthy,9681177589,Suresh Patel,2026-08-07 08:06,455,Erode-Hub,
C06002,9454615679,Ilango Murthy,9826137506,Siva Shetty,2026-08-08 21:43,299,Chennai-Central,
C06003,9454615679,Ilango Murthy,9770143634,Nithin Raj,2026-08-08 10:42,185,Coimbatore-North,
C06004,9454615679,Ilango Murthy,9770143634,Nithin Raj,2026-08-08 21:08,263,Salem-South,
C06005,9454615679,Ilango Murthy,9997700886,Hari Sharma,2026-08-09 19:42,120,Madurai-East,
C06006,9454615679,Ilango Murthy,9352181883,Rajesh Gupta,2026-08-09 16:14,134,Erode-Hub,
C06007,9454615679,Ilango Murthy,9352181883,Rajesh Gupta,2026-08-09 16:09,173,Chennai-Central,
C06008,9454615679,Ilango Murthy,9826137506,Siva Shetty,2026-08-10 22:39,171,Madurai-East,
C06009,9454615679,Ilango Murthy,9352181883,Rajesh Gupta,2026-08-10 17:33,139,Chennai-Central,
C06010,9454615679,Ilango Murthy,9352181883,Rajesh Gupta,2026-08-11 20:15,162,Madurai-East,
C06011,9454615679,Ilango Murthy,9352181883,Rajesh Gupta,2026-08-12 19:50,49,Salem-South,
C06012,9454615679,Ilango Murthy,9997700886,Hari Sharma,2026-08-13 16:49,34,Chennai-Central,
C06013,9454615679,Ilango Murthy,9997700886,Hari Sharma,2026-08-13 16:50,527,Madurai-East,
C06014,9454615679,Ilango Murthy,9662702895,Rajesh Raj,2026-08-13 20:10,373,Madurai-East,
C06015,9454615679,Ilango Murthy,9681177589,Suresh Patel,2026-08-14 18:29,313,Salem-South,
C06016,9454615679,Ilango Murthy,9997700886,Hari Sharma,2026-08-14 12:58,283,Madurai-East,
C06017,9454615679,Ilango Murthy,9997700886,Hari Sharma,2026-08-14 18:24,75,Salem-South,
C06018,9101666870,Madhavan Venkatesh,9855744431,Gopal Krishnan,2026-08-01 17:56,455,Trichy-West,
C06019,9101666870,Madhavan Venkatesh,9627298069,Elango Gupta,2026-08-01 19:06,401,Erode-Hub,
C06020,9101666870,Madhavan Venkatesh,9182992299,Ilango Chandran,2026-08-01 19:58,370,Erode-Hub,
C06021,9101666870,Madhavan Venkatesh,9240415747,Thiru Sundaram,2026-08-02 21:21,367,Madurai-East,
C06022,9101666870,Madhavan Venkatesh,9182992299,Ilango Chandran,2026-08-02 21:09,437,Madurai-East,
C06023,9101666870,Madhavan Venkatesh,9182992299,Ilango Chandran,2026-08-02 19:34,119,Trichy-West,
C06024,9101666870,Madhavan Venkatesh,9855744431,Gopal Krishnan,2026-08-03 18:31,230,Trichy-West,
C06025,9101666870,Madhavan Venkatesh,9855744431,Gopal Krishnan,2026-08-03 18:24,222,Madurai-East,
C06026,9101666870,Madhavan Venkatesh,9323705895,Vijay Reddy,2026-08-04 09:35,516,Chennai-Central,
C06027,9101666870,Madhavan Venkatesh,9240415747,Thiru Sundaram,2026-08-04 11:17,509,Chennai-Central,
C06028,9101666870,Madhavan Venkatesh,9240415747,Thiru Sundaram,2026-08-05 19:47,368,Salem-South,
C06029,9101666870,Madhavan Venkatesh,9323705895,Vijay Reddy,2026-08-06 20:08,249,Madurai-East,
C06030,9101666870,Madhavan Venkatesh,9368970283,Ashok Krishnan,2026-08-06 19:20,520,Coimbatore-North,
C06031,9101666870,Madhavan Venkatesh,9323705895,Vijay Reddy,2026-08-07 08:19,508,Chennai-Central,
C06032,9101666870,Madhavan Venkatesh,9855744431,Gopal Krishnan,2026-08-07 17:50,422,Erode-Hub,
C06033,9101666870,Madhavan Venkatesh,9724238849,Murugan Shetty,2026-08-07 17:02,427,Salem-South,
C06034,9101666870,Madhavan Venkatesh,9724238849,Murugan Shetty,2026-08-08 09:00,449,Erode-Hub,
C06035,9101666870,Madhavan Venkatesh,9034324451,Harish Sharma,2026-08-08 22:23,206,Erode-Hub,
C06036,9101666870,Madhavan Venkatesh,9368970283,Ashok Krishnan,2026-08-09 21:29,40,Erode-Hub,
C06037,9101666870,Madhavan Venkatesh,9627298069,Elango Gupta,2026-08-09 22:16,318,Chennai-Central,
C06038,9101666870,Madhavan Venkatesh,9368970283,Ashok Krishnan,2026-08-09 14:12,258,Coimbatore-North,
C06039,9101666870,Madhavan Venkatesh,9240415747,Thiru Sundaram,2026-08-10 18:10,216,Erode-Hub,
C06040,9101666870,Madhavan Venkatesh,9034324451,Harish Sharma,2026-08-11 14:57,66,Coimbatore-North,
C06041,9101666870,Madhavan Venkatesh,9034324451,Harish Sharma,2026-08-12 11:47,64,Coimbatore-North,
C06042,9101666870,Madhavan Venkatesh,9855744431,Gopal Krishnan,2026-08-13 17:46,268,Madurai-East,
C06043,9101666870,Madhavan Venkatesh,9034324451,Harish Sharma,2026-08-13 07:58,252,Trichy-West,
C06044,9101666870,Madhavan Venkatesh,9240415747,Thiru Sundaram,2026-08-14 09:03,205,Trichy-West,
C06045,9659180339,Aravind Gowda,9163287083,Sabari Gowda,2026-08-01 10:29,51,Madurai-East,
C06046,9659180339,Aravind Gowda,9556909275,Karthik Menon,2026-08-02 16:47,64,Chennai-Central,
C06047,9659180339,Aravind Gowda,9556909275,Karthik Menon,2026-08-02 20:30,416,Erode-Hub,
C06048,9659180339,Aravind Gowda,9943969078,Deepak Sharma,2026-08-03 20:41,436,Coimbatore-North,
C06049,9659180339,Aravind Gowda,9013267736,Kishore Chandran,2026-08-04 07:15,590,Salem-South,
C06050,9659180339,Aravind Gowda,9943969078,Deepak Sharma,2026-08-04 08:07,322,Erode-Hub,
C06051,9659180339,Aravind Gowda,9013267736,Kishore Chandran,2026-08-04 09:21,529,Madurai-East,
C06052,9659180339,Aravind Gowda,9466183982,Elango Kumar,2026-08-05 21:09,355,Coimbatore-North,
C06053,9659180339,Aravind Gowda,9013267736,Kishore Chandran,2026-08-05 19:21,51,Salem-South,
C06054,9659180339,Aravind Gowda,9005411998,Kannan Subramaniam,2026-08-05 07:13,51,Chennai-Central,
C06055,9659180339,Aravind Gowda,9047868633,Arun Ramaswamy,2026-08-06 17:43,40,Coimbatore-North,
C06056,9659180339,Aravind Gowda,9013267736,Kishore Chandran,2026-08-07 21:14,495,Madurai-East,
C06057,9659180339,Aravind Gowda,9547772522,Eswar Pandian,2026-08-07 12:28,565,Madurai-East,
C06058,9659180339,Aravind Gowda,9047868633,Arun Ramaswamy,2026-08-08 14:16,247,Erode-Hub,
C06059,9659180339,Aravind Gowda,9047868633,Arun Ramaswamy,2026-08-09 09:40,402,Salem-South,
C06060,9659180339,Aravind Gowda,9466183982,Elango Kumar,2026-08-10 19:36,173,Madurai-East,
C06061,9659180339,Aravind Gowda,9013267736,Kishore Chandran,2026-08-10 20:58,474,Madurai-East,
C06062,9659180339,Aravind Gowda,9466183982,Elango Kumar,2026-08-11 08:31,135,Erode-Hub,
C06063,9659180339,Aravind Gowda,9556909275,Karthik Menon,2026-08-11 14:04,545,Erode-Hub,
C06064,9659180339,Aravind Gowda,9163287083,Sabari Gowda,2026-08-12 18:59,596,Coimbatore-North,
C06065,9659180339,Aravind Gowda,9466183982,Elango Kumar,2026-08-12 19:16,138,Chennai-Central,
C06066,9659180339,Aravind Gowda,9013267736,Kishore Chandran,2026-08-13 07:32,540,Salem-South,
C06067,9659180339,Aravind Gowda,9013267736,Kishore Chandran,2026-08-13 10:07,299,Trichy-West,
C06068,9659180339,Aravind Gowda,9556909275,Karthik Menon,2026-08-14 17:16,97,Trichy-West,
C06069,9659180339,Aravind Gowda,9013267736,Kishore Chandran,2026-08-14 15:48,159,Erode-Hub,
C06070,9659180339,Aravind Gowda,9047868633,Arun Ramaswamy,2026-08-14 20:06,380,Coimbatore-North,
C06071,9659180339,Aravind Gowda,9401916146,Unknown,2026-08-10 20:09,44,Chennai-Central,SUSPICIOUS_BURST
C06072,9659180339,Aravind Gowda,9401916146,Unknown,2026-08-10 22:58,19,Chennai-Central,SUSPICIOUS_BURST
C06073,9659180339,Aravind Gowda,9401916146,Unknown,2026-08-10 23:51,54,Coimbatore-North,SUSPICIOUS_BURST
C06074,9659180339,Aravind Gowda,9401916146,Unknown,2026-08-10 13:41,7,Coimbatore-North,SUSPICIOUS_BURST
C06075,9659180339,Aravind Gowda,9401916146,Unknown,2026-08-10 09:17,40,Coimbatore-North,SUSPICIOUS_BURST
C06076,9659180339,Aravind Gowda,9401916146,Unknown,2026-08-10 06:03,33,Coimbatore-North,SUSPICIOUS_BURST
C06077,9659180339,Aravind Gowda,9401916146,Unknown,2026-08-10 07:55,50,Coimbatore-North,SUSPICIOUS_BURST
C06078,9659180339,Aravind Gowda,9401916146,Unknown,2026-08-10 13:30,24,Coimbatore-North,SUSPICIOUS_BURST
C06079,9659180339,Aravind Gowda,9401916146,Unknown,2026-08-10 12:47,60,Coimbatore-North,SUSPICIOUS_BURST
C06080,9659180339,Aravind Gowda,9401916146,Unknown,2026-08-10 11:48,45,Coimbatore-North,SUSPICIOUS_BURST
C06081,9659180339,Aravind Gowda,9401916146,Unknown,2026-08-10 18:58,59,Coimbatore-North,SUSPICIOUS_BURST
C06082,9659180339,Aravind Gowda,9401916146,Unknown,2026-08-10 00:36,39,Coimbatore-North,SUSPICIOUS_BURST
C06083,9659180339,Aravind Gowda,9401916146,Unknown,2026-08-10 19:28,27,Chennai-Central,SUSPICIOUS_BURST
C06084,9659180339,Aravind Gowda,9401916146,Unknown,2026-08-10 10:49,43,Coimbatore-North,SUSPICIOUS_BURST
C06085,9659180339,Aravind Gowda,9401916146,Unknown,2026-08-10 04:02,54,Coimbatore-North,SUSPICIOUS_BURST
C06086,9659180339,Aravind Gowda,9401916146,Unknown,2026-08-10 22:34,56,Chennai-Central,SUSPICIOUS_BURST
C06087,9659180339,Aravind Gowda,9401916146,Unknown,2026-08-10 13:26,21,Chennai-Central,SUSPICIOUS_BURST
C06088,9659180339,Aravind Gowda,9401916146,Unknown,2026-08-10 11:04,18,Chennai-Central,SUSPICIOUS_BURST
C06089,9659180339,Aravind Gowda,9401916146,Unknown,2026-08-10 16:38,33,Coimbatore-North,SUSPICIOUS_BURST
C06090,9659180339,Aravind Gowda,9401916146,Unknown,2026-08-10 06:30,11,Chennai-Central,SUSPICIOUS_BURST
C06091,9659180339,Aravind Gowda,9401916146,Unknown,2026-08-10 15:33,14,Coimbatore-North,SUSPICIOUS_BURST
C06092,9659180339,Aravind Gowda,9401916146,Unknown,2026-08-10 03:35,30,Chennai-Central,SUSPICIOUS_BURST
C06093,9659180339,Aravind Gowda,9401916146,Unknown,2026-08-10 07:12,15,Chennai-Central,SUSPICIOUS_BURST
C06094,9659180339,Aravind Gowda,9401916146,Unknown,2026-08-10 12:49,51,Chennai-Central,SUSPICIOUS_BURST
C06095,9659180339,Aravind Gowda,9401916146,Unknown,2026-08-10 02:31,9,Chennai-Central,SUSPICIOUS_BURST
C06096,9659180339,Aravind Gowda,9401916146,Unknown,2026-08-10 12:01,36,Chennai-Central,SUSPICIOUS_BURST
C06097,9659180339,Aravind Gowda,9401916146,Unknown,2026-08-10 17:26,11,Chennai-Central,SUSPICIOUS_BURST
C06098,9659180339,Aravind Gowda,9401916146,Unknown,2026-08-10 04:15,20,Coimbatore-North,SUSPICIOUS_BURST
C06099,9659180339,Aravind Gowda,9401916146,Unknown,2026-08-10 04:32,50,Coimbatore-North,SUSPICIOUS_BURST
C06100,9659180339,Aravind Gowda,9401916146,Unknown,2026-08-10 01:49,41,Coimbatore-North,SUSPICIOUS_BURST
C06101,9659180339,Aravind Gowda,9401916146,Unknown,2026-08-10 09:02,51,Chennai-Central,SUSPICIOUS_BURST
C06102,9659180339,Aravind Gowda,9401916146,Unknown,2026-08-10 10:10,50,Coimbatore-North,SUSPICIOUS_BURST
C06103,9659180339,Aravind Gowda,9401916146,Unknown,2026-08-10 11:58,43,Chennai-Central,SUSPICIOUS_BURST
C06104,9659180339,Aravind Gowda,9401916146,Unknown,2026-08-10 02:48,54,Coimbatore-North,SUSPICIOUS_BURST
C06105,9659180339,Aravind Gowda,9401916146,Unknown,2026-08-10 19:07,30,Chennai-Central,SUSPICIOUS_BURST
C06106,9659180339,Aravind Gowda,9401916146,Unknown,2026-08-10 01:13,53,Chennai-Central,SUSPICIOUS_BURST
C06107,9659180339,Aravind Gowda,9401916146,Unknown,2026-08-10 21:58,24,Coimbatore-North,SUSPICIOUS_BURST
C06108,9659180339,Aravind Gowda,9401916146,Unknown,2026-08-10 22:36,28,Chennai-Central,SUSPICIOUS_BURST
C06109,9659180339,Aravind Gowda,9401916146,Unknown,2026-08-10 01:28,10,Chennai-Central,SUSPICIOUS_BURST
C06110,9659180339,Aravind Gowda,9401916146,Unknown,2026-08-10 00:35,50,Chennai-Central,SUSPICIOUS_BURST
C06111,9659180339,Aravind Gowda,9401916146,Unknown,2026-08-10 05:53,45,Chennai-Central,SUSPICIOUS_BURST
C06112,9489025039,Karthik Velu,9479627570,Lokesh Verma,2026-08-01 20:16,80,Trichy-West,
C06113,9489025039,Karthik Velu,9479627570,Lokesh Verma,2026-08-01 21:53,575,Trichy-West,
C06114,9489025039,Karthik Velu,9265511047,Omkar Sundaram,2026-08-01 13:26,337,Salem-South,
C06115,9489025039,Karthik Velu,9917693676,Anand Raj,2026-08-02 19:35,258,Coimbatore-North,
C06116,9489025039,Karthik Velu,9917693676,Anand Raj,2026-08-02 11:14,122,Chennai-Central,
C06117,9489025039,Karthik Velu,9400499154,Prakash Achari,2026-08-03 18:52,202,Salem-South,
C06118,9489025039,Karthik Velu,9917693676,Anand Raj,2026-08-03 16:56,526,Salem-South,
C06119,9489025039,Karthik Velu,9917693676,Anand Raj,2026-08-04 13:18,338,Chennai-Central,
C06120,9489025039,Karthik Velu,9400499154,Prakash Achari,2026-08-04 15:37,499,Salem-South,
C06121,9489025039,Karthik Velu,9400499154,Prakash Achari,2026-08-04 09:49,52,Trichy-West,
C06122,9489025039,Karthik Velu,9479627570,Lokesh Verma,2026-08-05 14:55,96,Erode-Hub,
C06123,9489025039,Karthik Velu,9265511047,Omkar Sundaram,2026-08-06 18:00,25,Chennai-Central,
C06124,9489025039,Karthik Velu,9479627570,Lokesh Verma,2026-08-06 09:36,50,Erode-Hub,
C06125,9489025039,Karthik Velu,9400499154,Prakash Achari,2026-08-07 08:40,376,Trichy-West,
C06126,9489025039,Karthik Velu,9400499154,Prakash Achari,2026-08-08 09:15,184,Trichy-West,
C06127,9489025039,Karthik Velu,9479627570,Lokesh Verma,2026-08-09 20:06,240,Trichy-West,
C06128,9489025039,Karthik Velu,9400499154,Prakash Achari,2026-08-09 13:54,317,Chennai-Central,
C06129,9489025039,Karthik Velu,9400499154,Prakash Achari,2026-08-09 15:25,555,Chennai-Central,
C06130,9489025039,Karthik Velu,9265511047,Omkar Sundaram,2026-08-10 13:32,578,Chennai-Central,
C06131,9489025039,Karthik Velu,9400499154,Prakash Achari,2026-08-11 13:58,449,Chennai-Central,
C06132,9489025039,Karthik Velu,9479627570,Lokesh Verma,2026-08-11 19:25,122,Madurai-East,
C06133,9489025039,Karthik Velu,9400499154,Prakash Achari,2026-08-11 09:16,291,Coimbatore-North,
C06134,9489025039,Karthik Velu,9917693676,Anand Raj,2026-08-12 11:06,174,Salem-South,
C06135,9489025039,Karthik Velu,9479627570,Lokesh Verma,2026-08-12 13:56,386,Erode-Hub,
C06136,9489025039,Karthik Velu,9479627570,Lokesh Verma,2026-08-12 08:34,312,Madurai-East,
C06137,9489025039,Karthik Velu,9265511047,Omkar Sundaram,2026-08-13 15:45,57,Chennai-Central,
C06138,9489025039,Karthik Velu,9479627570,Lokesh Verma,2026-08-13 16:50,273,Trichy-West,
C06139,9489025039,Karthik Velu,9479627570,Lokesh Verma,2026-08-13 18:11,526,Chennai-Central,
C06140,9489025039,Karthik Velu,9479627570,Lokesh Verma,2026-08-14 21:45,462,Chennai-Central,
C06141,9489025039,Karthik Velu,9100339075,Unknown,2026-08-13 17:39,38,Coimbatore-North,SUSPICIOUS_BURST
C06142,9489025039,Karthik Velu,9100339075,Unknown,2026-08-13 15:18,17,Coimbatore-North,SUSPICIOUS_BURST
C06143,9489025039,Karthik Velu,9100339075,Unknown,2026-08-13 01:53,28,Chennai-Central,SUSPICIOUS_BURST
C06144,9489025039,Karthik Velu,9100339075,Unknown,2026-08-13 18:40,57,Chennai-Central,SUSPICIOUS_BURST
C06145,9489025039,Karthik Velu,9100339075,Unknown,2026-08-13 16:53,29,Chennai-Central,SUSPICIOUS_BURST
C06146,9489025039,Karthik Velu,9100339075,Unknown,2026-08-13 20:31,15,Chennai-Central,SUSPICIOUS_BURST
C06147,9489025039,Karthik Velu,9100339075,Unknown,2026-08-13 20:04,9,Chennai-Central,SUSPICIOUS_BURST
C06148,9489025039,Karthik Velu,9100339075,Unknown,2026-08-13 19:36,24,Chennai-Central,SUSPICIOUS_BURST
C06149,9489025039,Karthik Velu,9100339075,Unknown,2026-08-13 05:56,31,Chennai-Central,SUSPICIOUS_BURST
C06150,9489025039,Karthik Velu,9100339075,Unknown,2026-08-13 22:32,5,Chennai-Central,SUSPICIOUS_BURST
C06151,9489025039,Karthik Velu,9100339075,Unknown,2026-08-13 10:43,51,Coimbatore-North,SUSPICIOUS_BURST
C06152,9489025039,Karthik Velu,9100339075,Unknown,2026-08-13 01:38,50,Coimbatore-North,SUSPICIOUS_BURST
C06153,9489025039,Karthik Velu,9100339075,Unknown,2026-08-13 05:23,36,Coimbatore-North,SUSPICIOUS_BURST
C06154,9489025039,Karthik Velu,9100339075,Unknown,2026-08-13 11:56,33,Coimbatore-North,SUSPICIOUS_BURST
C06155,9489025039,Karthik Velu,9100339075,Unknown,2026-08-13 20:09,43,Coimbatore-North,SUSPICIOUS_BURST
C06156,9489025039,Karthik Velu,9100339075,Unknown,2026-08-13 21:50,11,Chennai-Central,SUSPICIOUS_BURST
C06157,9489025039,Karthik Velu,9100339075,Unknown,2026-08-13 09:20,37,Chennai-Central,SUSPICIOUS_BURST
C06158,9489025039,Karthik Velu,9100339075,Unknown,2026-08-13 17:29,19,Chennai-Central,SUSPICIOUS_BURST
C06159,9489025039,Karthik Velu,9100339075,Unknown,2026-08-13 12:05,24,Chennai-Central,SUSPICIOUS_BURST
C06160,9489025039,Karthik Velu,9100339075,Unknown,2026-08-13 03:40,60,Coimbatore-North,SUSPICIOUS_BURST
C06161,9489025039,Karthik Velu,9100339075,Unknown,2026-08-13 06:58,55,Chennai-Central,SUSPICIOUS_BURST
C06162,9489025039,Karthik Velu,9100339075,Unknown,2026-08-13 10:16,54,Chennai-Central,SUSPICIOUS_BURST
C06163,9489025039,Karthik Velu,9100339075,Unknown,2026-08-13 13:22,58,Chennai-Central,SUSPICIOUS_BURST
C06164,9489025039,Karthik Velu,9100339075,Unknown,2026-08-13 20:57,48,Coimbatore-North,SUSPICIOUS_BURST
C06165,9489025039,Karthik Velu,9100339075,Unknown,2026-08-13 12:54,28,Chennai-Central,SUSPICIOUS_BURST
C06166,9489025039,Karthik Velu,9100339075,Unknown,2026-08-13 21:33,12,Coimbatore-North,SUSPICIOUS_BURST
C06167,9489025039,Karthik Velu,9100339075,Unknown,2026-08-13 19:16,56,Coimbatore-North,SUSPICIOUS_BURST
C06168,9489025039,Karthik Velu,9100339075,Unknown,2026-08-13 05:19,7,Coimbatore-North,SUSPICIOUS_BURST
C06169,9489025039,Karthik Velu,9100339075,Unknown,2026-08-13 21:16,45,Chennai-Central,SUSPICIOUS_BURST
C06170,9489025039,Karthik Velu,9100339075,Unknown,2026-08-13 15:39,31,Chennai-Central,SUSPICIOUS_BURST
C06171,9489025039,Karthik Velu,9100339075,Unknown,2026-08-13 20:18,29,Chennai-Central,SUSPICIOUS_BURST
C06172,9489025039,Karthik Velu,9100339075,Unknown,2026-08-13 10:09,8,Coimbatore-North,SUSPICIOUS_BURST
C06173,9489025039,Karthik Velu,9100339075,Unknown,2026-08-13 02:30,24,Coimbatore-North,SUSPICIOUS_BURST
C06174,9489025039,Karthik Velu,9100339075,Unknown,2026-08-13 11:00,12,Chennai-Central,SUSPICIOUS_BURST
C06175,9489025039,Karthik Velu,9100339075,Unknown,2026-08-13 11:24,29,Coimbatore-North,SUSPICIOUS_BURST
C06176,9489025039,Karthik Velu,9100339075,Unknown,2026-08-13 00:41,22,Chennai-Central,SUSPICIOUS_BURST
C06177,9489025039,Karthik Velu,9100339075,Unknown,2026-08-13 03:47,42,Chennai-Central,SUSPICIOUS_BURST
C06178,9489025039,Karthik Velu,9100339075,Unknown,2026-08-13 03:31,9,Coimbatore-North,SUSPICIOUS_BURST
C06179,9489025039,Karthik Velu,9100339075,Unknown,2026-08-13 10:46,47,Coimbatore-North,SUSPICIOUS_BURST
C06180,9489025039,Karthik Velu,9100339075,Unknown,2026-08-13 01:47,50,Chennai-Central,SUSPICIOUS_BURST
C06181,9489025039,Karthik Velu,9100339075,Unknown,2026-08-13 20:22,37,Chennai-Central,SUSPICIOUS_BURST
C06182,9489025039,Karthik Velu,9100339075,Unknown,2026-08-13 06:02,32,Chennai-Central,SUSPICIOUS_BURST
C06183,9489025039,Karthik Velu,9100339075,Unknown,2026-08-13 12:05,11,Coimbatore-North,SUSPICIOUS_BURST
C06184,9968562185,Farook Menon,9005411998,Kannan Subramaniam,2026-08-01 22:44,240,Salem-South,
C06185,9968562185,Farook Menon,9352181883,Rajesh Gupta,2026-08-01 12:06,514,Trichy-West,
C06186,9968562185,Farook Menon,9997700886,Hari Sharma,2026-08-02 12:06,344,Chennai-Central,
C06187,9968562185,Farook Menon,9489025039,Karthik Velu,2026-08-02 21:21,117,Chennai-Central,
C06188,9968562185,Farook Menon,9352181883,Rajesh Gupta,2026-08-03 20:25,192,Madurai-East,
C06189,9968562185,Farook Menon,9997700886,Hari Sharma,2026-08-03 15:56,30,Salem-South,
C06190,9968562185,Farook Menon,9489025039,Karthik Velu,2026-08-04 17:53,295,Madurai-East,
C06191,9968562185,Farook Menon,9489025039,Karthik Velu,2026-08-04 21:49,569,Erode-Hub,
C06192,9968562185,Farook Menon,9171822782,Farook Iyer,2026-08-04 09:26,292,Coimbatore-North,
C06193,9968562185,Farook Menon,9489025039,Karthik Velu,2026-08-05 18:05,376,Chennai-Central,
C06194,9968562185,Farook Menon,9489025039,Karthik Velu,2026-08-06 13:44,505,Madurai-East,
C06195,9968562185,Farook Menon,9171822782,Farook Iyer,2026-08-07 19:45,543,Erode-Hub,
C06196,9968562185,Farook Menon,9352181883,Rajesh Gupta,2026-08-07 12:39,532,Erode-Hub,
C06197,9968562185,Farook Menon,9489025039,Karthik Velu,2026-08-08 18:37,180,Madurai-East,
C06198,9968562185,Farook Menon,9005411998,Kannan Subramaniam,2026-08-08 09:22,22,Madurai-East,
C06199,9968562185,Farook Menon,9352181883,Rajesh Gupta,2026-08-08 19:21,114,Coimbatore-North,
C06200,9968562185,Farook Menon,9352181883,Rajesh Gupta,2026-08-09 17:45,133,Chennai-Central,
C06201,9968562185,Farook Menon,9352181883,Rajesh Gupta,2026-08-10 10:31,260,Salem-South,
C06202,9968562185,Farook Menon,9489025039,Karthik Velu,2026-08-10 12:05,25,Salem-South,
C06203,9968562185,Farook Menon,9489025039,Karthik Velu,2026-08-10 18:48,208,Madurai-East,
C06204,9968562185,Farook Menon,9352181883,Rajesh Gupta,2026-08-11 13:52,291,Coimbatore-North,
C06205,9968562185,Farook Menon,9352181883,Rajesh Gupta,2026-08-11 19:35,91,Coimbatore-North,
C06206,9968562185,Farook Menon,9489025039,Karthik Velu,2026-08-11 15:11,278,Coimbatore-North,
C06207,9968562185,Farook Menon,9997700886,Hari Sharma,2026-08-12 09:37,88,Erode-Hub,
C06208,9968562185,Farook Menon,9489025039,Karthik Velu,2026-08-13 19:42,573,Chennai-Central,
C06209,9968562185,Farook Menon,9005411998,Kannan Subramaniam,2026-08-14 17:56,225,Madurai-East,
C06210,9159996504,Vijay Venkatesh,9528922680,Madhavan Murthy,2026-08-01 16:08,596,Trichy-West,
C06211,9159996504,Vijay Venkatesh,9528922680,Madhavan Murthy,2026-08-01 09:45,213,Erode-Hub,
C06212,9159996504,Vijay Venkatesh,9341232812,Sabari Rao,2026-08-01 16:33,459,Trichy-West,
C06213,9159996504,Vijay Venkatesh,9341232812,Sabari Rao,2026-08-02 22:29,343,Salem-South,
C06214,9159996504,Vijay Venkatesh,9855744431,Gopal Krishnan,2026-08-02 14:08,465,Erode-Hub,
C06215,9159996504,Vijay Venkatesh,9494808313,Sathish Gupta,2026-08-03 20:44,456,Madurai-East,
C06216,9159996504,Vijay Venkatesh,9855744431,Gopal Krishnan,2026-08-03 21:28,416,Madurai-East,
C06217,9159996504,Vijay Venkatesh,9528922680,Madhavan Murthy,2026-08-04 08:33,263,Coimbatore-North,
C06218,9159996504,Vijay Venkatesh,9855744431,Gopal Krishnan,2026-08-04 11:00,348,Chennai-Central,
C06219,9159996504,Vijay Venkatesh,9280598262,Karthik Shetty,2026-08-05 07:51,62,Trichy-West,
C06220,9159996504,Vijay Venkatesh,9341232812,Sabari Rao,2026-08-05 10:00,166,Chennai-Central,
C06221,9159996504,Vijay Venkatesh,9280598262,Karthik Shetty,2026-08-06 18:57,226,Erode-Hub,
C06222,9159996504,Vijay Venkatesh,9280598262,Karthik Shetty,2026-08-06 07:07,359,Salem-South,
C06223,9159996504,Vijay Venkatesh,9280598262,Karthik Shetty,2026-08-07 10:48,303,Madurai-East,
C06224,9159996504,Vijay Venkatesh,9528922680,Madhavan Murthy,2026-08-07 18:33,600,Chennai-Central,
C06225,9159996504,Vijay Venkatesh,9280598262,Karthik Shetty,2026-08-07 12:27,230,Erode-Hub,
C06226,9159996504,Vijay Venkatesh,9855744431,Gopal Krishnan,2026-08-08 13:14,259,Trichy-West,
C06227,9159996504,Vijay Venkatesh,9855744431,Gopal Krishnan,2026-08-09 16:53,536,Salem-South,
C06228,9159996504,Vijay Venkatesh,9280598262,Karthik Shetty,2026-08-09 07:47,483,Coimbatore-North,
C06229,9159996504,Vijay Venkatesh,9494808313,Sathish Gupta,2026-08-10 17:37,63,Coimbatore-North,
C06230,9159996504,Vijay Venkatesh,9855744431,Gopal Krishnan,2026-08-10 17:00,374,Coimbatore-North,
C06231,9159996504,Vijay Venkatesh,9842199330,Dinesh Achari,2026-08-10 08:42,314,Madurai-East,
C06232,9159996504,Vijay Venkatesh,9855744431,Gopal Krishnan,2026-08-11 09:36,423,Madurai-East,
C06233,9159996504,Vijay Venkatesh,9842199330,Dinesh Achari,2026-08-11 11:11,474,Trichy-West,
C06234,9159996504,Vijay Venkatesh,9528922680,Madhavan Murthy,2026-08-11 17:37,299,Coimbatore-North,
C06235,9159996504,Vijay Venkatesh,9842199330,Dinesh Achari,2026-08-12 15:15,384,Salem-South,
C06236,9159996504,Vijay Venkatesh,9528922680,Madhavan Murthy,2026-08-12 08:34,486,Chennai-Central,
C06237,9159996504,Vijay Venkatesh,9280598262,Karthik Shetty,2026-08-12 10:51,275,Madurai-East,
C06238,9159996504,Vijay Venkatesh,9280598262,Karthik Shetty,2026-08-13 19:40,130,Trichy-West,
C06239,9159996504,Vijay Venkatesh,9341232812,Sabari Rao,2026-08-14 15:32,416,Madurai-East,
C06240,9159996504,Vijay Venkatesh,9494808313,Sathish Gupta,2026-08-14 07:16,571,Trichy-West,
C06241,9159996504,Vijay Venkatesh,9280598262,Karthik Shetty,2026-08-14 21:22,111,Salem-South,
C06242,9159996504,Vijay Venkatesh,9032699102,Unknown,2026-08-09 02:10,44,Coimbatore-North,SUSPICIOUS_BURST
C06243,9159996504,Vijay Venkatesh,9032699102,Unknown,2026-08-09 00:12,40,Chennai-Central,SUSPICIOUS_BURST
C06244,9159996504,Vijay Venkatesh,9032699102,Unknown,2026-08-09 17:28,43,Coimbatore-North,SUSPICIOUS_BURST
C06245,9159996504,Vijay Venkatesh,9032699102,Unknown,2026-08-09 02:59,58,Chennai-Central,SUSPICIOUS_BURST
C06246,9159996504,Vijay Venkatesh,9032699102,Unknown,2026-08-09 02:03,23,Chennai-Central,SUSPICIOUS_BURST
C06247,9159996504,Vijay Venkatesh,9032699102,Unknown,2026-08-09 00:55,39,Coimbatore-North,SUSPICIOUS_BURST
C06248,9159996504,Vijay Venkatesh,9032699102,Unknown,2026-08-09 07:20,21,Chennai-Central,SUSPICIOUS_BURST
C06249,9159996504,Vijay Venkatesh,9032699102,Unknown,2026-08-09 06:42,8,Chennai-Central,SUSPICIOUS_BURST
C06250,9159996504,Vijay Venkatesh,9032699102,Unknown,2026-08-09 22:00,7,Coimbatore-North,SUSPICIOUS_BURST
C06251,9159996504,Vijay Venkatesh,9032699102,Unknown,2026-08-09 16:17,60,Coimbatore-North,SUSPICIOUS_BURST
C06252,9159996504,Vijay Venkatesh,9032699102,Unknown,2026-08-09 09:21,53,Coimbatore-North,SUSPICIOUS_BURST
C06253,9159996504,Vijay Venkatesh,9032699102,Unknown,2026-08-09 15:14,28,Chennai-Central,SUSPICIOUS_BURST
C06254,9159996504,Vijay Venkatesh,9032699102,Unknown,2026-08-09 13:43,42,Coimbatore-North,SUSPICIOUS_BURST
C06255,9159996504,Vijay Venkatesh,9032699102,Unknown,2026-08-09 15:41,31,Coimbatore-North,SUSPICIOUS_BURST
C06256,9159996504,Vijay Venkatesh,9032699102,Unknown,2026-08-09 00:11,25,Chennai-Central,SUSPICIOUS_BURST
C06257,9159996504,Vijay Venkatesh,9032699102,Unknown,2026-08-09 05:37,36,Coimbatore-North,SUSPICIOUS_BURST
C06258,9159996504,Vijay Venkatesh,9032699102,Unknown,2026-08-09 14:27,9,Chennai-Central,SUSPICIOUS_BURST
C06259,9159996504,Vijay Venkatesh,9032699102,Unknown,2026-08-09 01:44,50,Coimbatore-North,SUSPICIOUS_BURST
C06260,9159996504,Vijay Venkatesh,9032699102,Unknown,2026-08-09 10:45,30,Chennai-Central,SUSPICIOUS_BURST
C06261,9159996504,Vijay Venkatesh,9032699102,Unknown,2026-08-09 10:50,6,Chennai-Central,SUSPICIOUS_BURST
C06262,9159996504,Vijay Venkatesh,9032699102,Unknown,2026-08-09 20:16,34,Coimbatore-North,SUSPICIOUS_BURST
C06263,9159996504,Vijay Venkatesh,9032699102,Unknown,2026-08-09 00:05,5,Chennai-Central,SUSPICIOUS_BURST
C06264,9159996504,Vijay Venkatesh,9032699102,Unknown,2026-08-09 07:20,19,Chennai-Central,SUSPICIOUS_BURST
C06265,9159996504,Vijay Venkatesh,9032699102,Unknown,2026-08-09 20:46,27,Coimbatore-North,SUSPICIOUS_BURST
C06266,9159996504,Vijay Venkatesh,9032699102,Unknown,2026-08-09 17:17,12,Chennai-Central,SUSPICIOUS_BURST
C06267,9159996504,Vijay Venkatesh,9032699102,Unknown,2026-08-09 08:56,23,Coimbatore-North,SUSPICIOUS_BURST
C06268,9159996504,Vijay Venkatesh,9032699102,Unknown,2026-08-09 13:01,54,Chennai-Central,SUSPICIOUS_BURST
C06269,9159996504,Vijay Venkatesh,9032699102,Unknown,2026-08-09 11:38,22,Chennai-Central,SUSPICIOUS_BURST
C06270,9159996504,Vijay Venkatesh,9032699102,Unknown,2026-08-09 10:42,5,Coimbatore-North,SUSPICIOUS_BURST
C06271,9159996504,Vijay Venkatesh,9032699102,Unknown,2026-08-09 12:36,43,Chennai-Central,SUSPICIOUS_BURST
C06272,9159996504,Vijay Venkatesh,9032699102,Unknown,2026-08-09 03:33,50,Chennai-Central,SUSPICIOUS_BURST
C06273,9159996504,Vijay Venkatesh,9032699102,Unknown,2026-08-09 16:31,36,Coimbatore-North,SUSPICIOUS_BURST
C06274,9159996504,Vijay Venkatesh,9032699102,Unknown,2026-08-09 18:23,8,Coimbatore-North,SUSPICIOUS_BURST
C06275,9159996504,Vijay Venkatesh,9032699102,Unknown,2026-08-09 02:45,38,Chennai-Central,SUSPICIOUS_BURST
C06276,9159996504,Vijay Venkatesh,9032699102,Unknown,2026-08-09 06:08,35,Chennai-Central,SUSPICIOUS_BURST
C06277,9159996504,Vijay Venkatesh,9032699102,Unknown,2026-08-09 18:42,44,Chennai-Central,SUSPICIOUS_BURST
C06278,9159996504,Vijay Venkatesh,9032699102,Unknown,2026-08-09 18:15,39,Chennai-Central,SUSPICIOUS_BURST
C06279,9159996504,Vijay Venkatesh,9032699102,Unknown,2026-08-09 01:40,48,Coimbatore-North,SUSPICIOUS_BURST
C06280,9159996504,Vijay Venkatesh,9032699102,Unknown,2026-08-09 05:58,47,Coimbatore-North,SUSPICIOUS_BURST
C06281,9296194311,Elango Krishnan,9361939909,Harish Iyer,2026-08-01 16:10,418,Madurai-East,
C06282,9296194311,Elango Krishnan,9826758692,Anand Shetty,2026-08-01 18:51,193,Chennai-Central,
C06283,9296194311,Elango Krishnan,9997700886,Hari Sharma,2026-08-01 21:01,402,Chennai-Central,
C06284,9296194311,Elango Krishnan,9858549733,Prakash Subramaniam,2026-08-02 08:13,169,Madurai-East,
C06285,9296194311,Elango Krishnan,9826758692,Anand Shetty,2026-08-02 07:42,327,Chennai-Central,
C06286,9296194311,Elango Krishnan,9935978207,Siva Achari,2026-08-02 17:30,583,Chennai-Central,
C06287,9296194311,Elango Krishnan,9826758692,Anand Shetty,2026-08-03 22:47,382,Salem-South,
C06288,9296194311,Elango Krishnan,9740748217,Jagan Pillai,2026-08-03 15:27,569,Madurai-East,
C06289,9296194311,Elango Krishnan,9935978207,Siva Achari,2026-08-03 07:10,541,Salem-South,
C06290,9296194311,Elango Krishnan,9361939909,Harish Iyer,2026-08-04 11:17,536,Salem-South,
C06291,9296194311,Elango Krishnan,9482366299,Kumar Mohan,2026-08-04 17:28,182,Salem-South,
C06292,9296194311,Elango Krishnan,9361939909,Harish Iyer,2026-08-04 13:16,91,Madurai-East,
C06293,9296194311,Elango Krishnan,9659180339,Aravind Gowda,2026-08-05 14:44,232,Coimbatore-North,
C06294,9296194311,Elango Krishnan,9858549733,Prakash Subramaniam,2026-08-05 09:51,574,Madurai-East,
C06295,9296194311,Elango Krishnan,9997700886,Hari Sharma,2026-08-05 16:04,261,Erode-Hub,
C06296,9296194311,Elango Krishnan,9858549733,Prakash Subramaniam,2026-08-06 16:03,485,Trichy-West,
C06297,9296194311,Elango Krishnan,9482366299,Kumar Mohan,2026-08-06 22:02,446,Chennai-Central,
C06298,9296194311,Elango Krishnan,9659180339,Aravind Gowda,2026-08-07 11:30,565,Trichy-West,
C06299,9296194311,Elango Krishnan,9659180339,Aravind Gowda,2026-08-07 16:28,100,Madurai-East,
C06300,9296194311,Elango Krishnan,9935978207,Siva Achari,2026-08-07 22:44,44,Madurai-East,
C06301,9296194311,Elango Krishnan,9740748217,Jagan Pillai,2026-08-08 17:27,209,Chennai-Central,
C06302,9296194311,Elango Krishnan,9482366299,Kumar Mohan,2026-08-08 21:01,308,Salem-South,
C06303,9296194311,Elango Krishnan,9361939909,Harish Iyer,2026-08-08 15:45,483,Chennai-Central,
C06304,9296194311,Elango Krishnan,9482366299,Kumar Mohan,2026-08-09 17:32,106,Chennai-Central,
C06305,9296194311,Elango Krishnan,9826758692,Anand Shetty,2026-08-09 14:03,387,Coimbatore-North,
C06306,9296194311,Elango Krishnan,9858549733,Prakash Subramaniam,2026-08-09 18:55,424,Erode-Hub,
C06307,9296194311,Elango Krishnan,9361939909,Harish Iyer,2026-08-10 09:01,75,Coimbatore-North,
C06308,9296194311,Elango Krishnan,9997700886,Hari Sharma,2026-08-11 13:12,368,Chennai-Central,
C06309,9296194311,Elango Krishnan,9361939909,Harish Iyer,2026-08-11 12:24,537,Coimbatore-North,
C06310,9296194311,Elango Krishnan,9935978207,Siva Achari,2026-08-12 21:02,326,Chennai-Central,
C06311,9296194311,Elango Krishnan,9858549733,Prakash Subramaniam,2026-08-13 08:18,486,Coimbatore-North,
C06312,9296194311,Elango Krishnan,9997700886,Hari Sharma,2026-08-14 07:15,44,Coimbatore-North,
C06313,9296194311,Elango Krishnan,9740748217,Jagan Pillai,2026-08-14 21:53,418,Coimbatore-North,
C06314,9265511047,Omkar Sundaram,9784980841,Ramesh Nair,2026-08-01 22:46,75,Coimbatore-North,
C06315,9265511047,Omkar Sundaram,9067383028,Anand Balakrishnan,2026-08-02 14:53,493,Trichy-West,
C06316,9265511047,Omkar Sundaram,9506716572,Bharath Pandian,2026-08-03 17:30,37,Coimbatore-North,
C06317,9265511047,Omkar Sundaram,9067383028,Anand Balakrishnan,2026-08-03 14:53,379,Coimbatore-North,
C06318,9265511047,Omkar Sundaram,9740748217,Jagan Pillai,2026-08-04 11:55,247,Erode-Hub,
C06319,9265511047,Omkar Sundaram,9067383028,Anand Balakrishnan,2026-08-05 09:36,190,Trichy-West,
C06320,9265511047,Omkar Sundaram,9740748217,Jagan Pillai,2026-08-05 21:13,376,Erode-Hub,
C06321,9265511047,Omkar Sundaram,9784980841,Ramesh Nair,2026-08-05 20:26,311,Salem-South,
C06322,9265511047,Omkar Sundaram,9784980841,Ramesh Nair,2026-08-06 07:56,384,Madurai-East,
C06323,9265511047,Omkar Sundaram,9506716572,Bharath Pandian,2026-08-06 08:54,457,Salem-South,
C06324,9265511047,Omkar Sundaram,9067383028,Anand Balakrishnan,2026-08-06 18:43,573,Coimbatore-North,
C06325,9265511047,Omkar Sundaram,9506716572,Bharath Pandian,2026-08-07 16:46,257,Madurai-East,
C06326,9265511047,Omkar Sundaram,9067383028,Anand Balakrishnan,2026-08-07 12:17,578,Trichy-West,
C06327,9265511047,Omkar Sundaram,9740748217,Jagan Pillai,2026-08-08 17:51,441,Coimbatore-North,
C06328,9265511047,Omkar Sundaram,9740748217,Jagan Pillai,2026-08-09 09:46,282,Salem-South,
C06329,9265511047,Omkar Sundaram,9784980841,Ramesh Nair,2026-08-10 16:18,343,Chennai-Central,
C06330,9265511047,Omkar Sundaram,9067383028,Anand Balakrishnan,2026-08-11 09:34,310,Coimbatore-North,
C06331,9265511047,Omkar Sundaram,9740748217,Jagan Pillai,2026-08-12 15:26,189,Coimbatore-North,
C06332,9265511047,Omkar Sundaram,9067383028,Anand Balakrishnan,2026-08-12 16:01,221,Madurai-East,
C06333,9265511047,Omkar Sundaram,9506716572,Bharath Pandian,2026-08-13 13:54,503,Erode-Hub,
C06334,9265511047,Omkar Sundaram,9506716572,Bharath Pandian,2026-08-13 16:34,83,Trichy-West,
C06335,9265511047,Omkar Sundaram,9067383028,Anand Balakrishnan,2026-08-13 21:26,300,Coimbatore-North,
C06336,9265511047,Omkar Sundaram,9784980841,Ramesh Nair,2026-08-14 18:27,181,Trichy-West,
C06337,9267888610,Ravi Iyer,9596966416,Karthik Gowda,2026-08-01 10:34,82,Erode-Hub,
C06338,9267888610,Ravi Iyer,9901476797,Naveen Ramaswamy,2026-08-01 22:56,413,Chennai-Central,
C06339,9267888610,Ravi Iyer,9596966416,Karthik Gowda,2026-08-02 11:48,165,Madurai-East,
C06340,9267888610,Ravi Iyer,9596966416,Karthik Gowda,2026-08-03 20:22,317,Trichy-West,
C06341,9267888610,Ravi Iyer,9901476797,Naveen Ramaswamy,2026-08-04 17:41,101,Trichy-West,
C06342,9267888610,Ravi Iyer,9901476797,Naveen Ramaswamy,2026-08-05 22:37,322,Erode-Hub,
C06343,9267888610,Ravi Iyer,9683885160,Prakash Patel,2026-08-06 18:35,122,Madurai-East,
C06344,9267888610,Ravi Iyer,9683885160,Prakash Patel,2026-08-07 21:42,474,Madurai-East,
C06345,9267888610,Ravi Iyer,9191088398,Omkar Singh,2026-08-08 09:45,93,Madurai-East,
C06346,9267888610,Ravi Iyer,9596966416,Karthik Gowda,2026-08-08 18:27,263,Coimbatore-North,
C06347,9267888610,Ravi Iyer,9901476797,Naveen Ramaswamy,2026-08-09 07:19,132,Erode-Hub,
C06348,9267888610,Ravi Iyer,9901476797,Naveen Ramaswamy,2026-08-09 21:21,212,Erode-Hub,
C06349,9267888610,Ravi Iyer,9191088398,Omkar Singh,2026-08-10 17:22,36,Coimbatore-North,
C06350,9267888610,Ravi Iyer,9596966416,Karthik Gowda,2026-08-10 17:51,591,Erode-Hub,
C06351,9267888610,Ravi Iyer,9596966416,Karthik Gowda,2026-08-10 19:46,215,Madurai-East,
C06352,9267888610,Ravi Iyer,9596966416,Karthik Gowda,2026-08-11 07:02,134,Erode-Hub,
C06353,9267888610,Ravi Iyer,9683885160,Prakash Patel,2026-08-11 18:50,356,Salem-South,
C06354,9267888610,Ravi Iyer,9901476797,Naveen Ramaswamy,2026-08-11 19:32,23,Salem-South,
C06355,9267888610,Ravi Iyer,9191088398,Omkar Singh,2026-08-12 20:02,429,Coimbatore-North,
C06356,9267888610,Ravi Iyer,9683885160,Prakash Patel,2026-08-13 16:08,264,Madurai-East,
C06357,9267888610,Ravi Iyer,9596966416,Karthik Gowda,2026-08-13 10:20,211,Madurai-East,
C06358,9267888610,Ravi Iyer,9191088398,Omkar Singh,2026-08-13 13:41,302,Erode-Hub,
C06359,9267888610,Ravi Iyer,9596966416,Karthik Gowda,2026-08-14 17:35,589,Erode-Hub,
C06360,9267888610,Ravi Iyer,9683885160,Prakash Patel,2026-08-14 07:01,575,Erode-Hub,
C06361,9466183982,Elango Kumar,9661825128,Elango Subramaniam,2026-08-01 17:16,141,Trichy-West,
C06362,9466183982,Elango Kumar,9661825128,Elango Subramaniam,2026-08-02 21:36,90,Trichy-West,
C06363,9466183982,Elango Kumar,9375758441,Ramesh Natarajan,2026-08-03 19:08,431,Madurai-East,
C06364,9466183982,Elango Kumar,9872624731,Ganesh Rao,2026-08-03 12:08,356,Erode-Hub,
C06365,9466183982,Elango Kumar,9661825128,Elango Subramaniam,2026-08-04 18:57,473,Coimbatore-North,
C06366,9466183982,Elango Kumar,9661825128,Elango Subramaniam,2026-08-04 15:24,541,Coimbatore-North,
C06367,9466183982,Elango Kumar,9799650752,Anand Ramaswamy,2026-08-05 07:47,288,Trichy-West,
C06368,9466183982,Elango Kumar,9872624731,Ganesh Rao,2026-08-06 22:57,170,Trichy-West,
C06369,9466183982,Elango Kumar,9872624731,Ganesh Rao,2026-08-06 13:15,167,Trichy-West,
C06370,9466183982,Elango Kumar,9661825128,Elango Subramaniam,2026-08-06 21:51,193,Madurai-East,
C06371,9466183982,Elango Kumar,9872624731,Ganesh Rao,2026-08-07 10:43,388,Trichy-West,
C06372,9466183982,Elango Kumar,9872624731,Ganesh Rao,2026-08-07 08:02,433,Chennai-Central,
C06373,9466183982,Elango Kumar,9872624731,Ganesh Rao,2026-08-07 16:36,594,Erode-Hub,
C06374,9466183982,Elango Kumar,9799650752,Anand Ramaswamy,2026-08-08 13:59,399,Madurai-East,
C06375,9466183982,Elango Kumar,9799650752,Anand Ramaswamy,2026-08-08 16:20,193,Salem-South,
C06376,9466183982,Elango Kumar,9661825128,Elango Subramaniam,2026-08-08 11:48,183,Trichy-West,
C06377,9466183982,Elango Kumar,9799650752,Anand Ramaswamy,2026-08-09 07:32,449,Erode-Hub,
C06378,9466183982,Elango Kumar,9799650752,Anand Ramaswamy,2026-08-09 08:15,198,Coimbatore-North,
C06379,9466183982,Elango Kumar,9799650752,Anand Ramaswamy,2026-08-09 21:39,599,Erode-Hub,
C06380,9466183982,Elango Kumar,9661825128,Elango Subramaniam,2026-08-10 18:03,24,Chennai-Central,
C06381,9466183982,Elango Kumar,9872624731,Ganesh Rao,2026-08-10 10:08,251,Coimbatore-North,
C06382,9466183982,Elango Kumar,9872624731,Ganesh Rao,2026-08-10 15:26,546,Trichy-West,
C06383,9466183982,Elango Kumar,9872624731,Ganesh Rao,2026-08-11 20:27,57,Erode-Hub,
C06384,9466183982,Elango Kumar,9375758441,Ramesh Natarajan,2026-08-11 13:43,457,Trichy-West,
C06385,9466183982,Elango Kumar,9661825128,Elango Subramaniam,2026-08-11 11:17,353,Trichy-West,
C06386,9466183982,Elango Kumar,9872624731,Ganesh Rao,2026-08-12 08:31,352,Salem-South,
C06387,9466183982,Elango Kumar,9799650752,Anand Ramaswamy,2026-08-12 10:09,446,Trichy-West,
C06388,9466183982,Elango Kumar,9872624731,Ganesh Rao,2026-08-13 08:37,536,Chennai-Central,
C06389,9466183982,Elango Kumar,9375758441,Ramesh Natarajan,2026-08-14 14:32,499,Trichy-West,
C06390,9466183982,Elango Kumar,9872624731,Ganesh Rao,2026-08-14 09:09,202,Erode-Hub,
C06391,9466183982,Elango Kumar,9661825128,Elango Subramaniam,2026-08-14 21:14,254,Erode-Hub,
C06392,9472126464,Dinesh Verma,9596966416,Karthik Gowda,2026-08-01 22:42,219,Erode-Hub,
C06393,9472126464,Dinesh Verma,9541566765,Thiru Sharma,2026-08-02 14:13,85,Salem-South,
C06394,9472126464,Dinesh Verma,9541566765,Thiru Sharma,2026-08-02 14:48,240,Coimbatore-North,
C06395,9472126464,Dinesh Verma,9101666870,Madhavan Venkatesh,2026-08-03 09:45,190,Trichy-West,
C06396,9472126464,Dinesh Verma,9101666870,Madhavan Venkatesh,2026-08-03 21:59,229,Coimbatore-North,
C06397,9472126464,Dinesh Verma,9541566765,Thiru Sharma,2026-08-03 21:08,192,Erode-Hub,
C06398,9472126464,Dinesh Verma,9541566765,Thiru Sharma,2026-08-04 13:32,393,Coimbatore-North,
C06399,9472126464,Dinesh Verma,9221418880,Ganesh Menon,2026-08-05 08:02,61,Chennai-Central,
C06400,9472126464,Dinesh Verma,9221418880,Ganesh Menon,2026-08-06 13:57,236,Chennai-Central,
C06401,9472126464,Dinesh Verma,9101666870,Madhavan Venkatesh,2026-08-07 21:11,470,Chennai-Central,
C06402,9472126464,Dinesh Verma,9221418880,Ganesh Menon,2026-08-07 12:15,540,Trichy-West,
C06403,9472126464,Dinesh Verma,9013990490,Harish Pillai,2026-08-07 15:07,451,Coimbatore-North,
C06404,9472126464,Dinesh Verma,9101666870,Madhavan Venkatesh,2026-08-08 10:15,484,Erode-Hub,
C06405,9472126464,Dinesh Verma,9603669096,Devan Subramaniam,2026-08-08 22:37,168,Salem-South,
C06406,9472126464,Dinesh Verma,9603669096,Devan Subramaniam,2026-08-09 22:08,97,Chennai-Central,
C06407,9472126464,Dinesh Verma,9541566765,Thiru Sharma,2026-08-09 17:07,355,Erode-Hub,
C06408,9472126464,Dinesh Verma,9596966416,Karthik Gowda,2026-08-10 22:50,76,Coimbatore-North,
C06409,9472126464,Dinesh Verma,9221418880,Ganesh Menon,2026-08-10 18:45,306,Coimbatore-North,
C06410,9472126464,Dinesh Verma,9013990490,Harish Pillai,2026-08-10 16:16,472,Salem-South,
C06411,9472126464,Dinesh Verma,9678669125,Karthik Verma,2026-08-11 19:07,123,Chennai-Central,
C06412,9472126464,Dinesh Verma,9101666870,Madhavan Venkatesh,2026-08-11 13:38,589,Erode-Hub,
C06413,9472126464,Dinesh Verma,9221418880,Ganesh Menon,2026-08-12 11:40,41,Chennai-Central,
C06414,9472126464,Dinesh Verma,9603669096,Devan Subramaniam,2026-08-12 13:46,521,Erode-Hub,
C06415,9472126464,Dinesh Verma,9678669125,Karthik Verma,2026-08-13 18:59,102,Chennai-Central,
C06416,9472126464,Dinesh Verma,9596966416,Karthik Gowda,2026-08-13 22:09,295,Chennai-Central,
C06417,9472126464,Dinesh Verma,9013990490,Harish Pillai,2026-08-13 12:08,57,Madurai-East,
C06418,9472126464,Dinesh Verma,9603669096,Devan Subramaniam,2026-08-14 16:23,80,Coimbatore-North,
C06419,9472126464,Dinesh Verma,9221418880,Ganesh Menon,2026-08-14 19:19,21,Coimbatore-North,
C06420,9799371240,Sathish Menon,9962309130,Naveen Murthy,2026-08-01 18:35,255,Erode-Hub,
C06421,9799371240,Sathish Menon,9348734714,Siva Pillai,2026-08-01 19:55,338,Coimbatore-North,
C06422,9799371240,Sathish Menon,9816850542,Lokesh Natarajan,2026-08-02 21:36,439,Erode-Hub,
C06423,9799371240,Sathish Menon,9962309130,Naveen Murthy,2026-08-02 18:19,410,Chennai-Central,
C06424,9799371240,Sathish Menon,9962309130,Naveen Murthy,2026-08-02 10:34,485,Erode-Hub,
C06425,9799371240,Sathish Menon,9594078161,Gopal Gowda,2026-08-03 19:17,388,Chennai-Central,
C06426,9799371240,Sathish Menon,9962309130,Naveen Murthy,2026-08-03 07:43,153,Madurai-East,
C06427,9799371240,Sathish Menon,9638546785,Omkar Rao,2026-08-03 09:32,57,Chennai-Central,
C06428,9799371240,Sathish Menon,9341036971,Thiru Verma,2026-08-04 11:01,354,Chennai-Central,
C06429,9799371240,Sathish Menon,9816850542,Lokesh Natarajan,2026-08-05 12:45,114,Salem-South,
C06430,9799371240,Sathish Menon,9962309130,Naveen Murthy,2026-08-06 22:59,546,Trichy-West,
C06431,9799371240,Sathish Menon,9594078161,Gopal Gowda,2026-08-06 21:36,214,Trichy-West,
C06432,9799371240,Sathish Menon,9962309130,Naveen Murthy,2026-08-07 22:29,349,Coimbatore-North,
C06433,9799371240,Sathish Menon,9962309130,Naveen Murthy,2026-08-08 08:11,297,Salem-South,
C06434,9799371240,Sathish Menon,9816850542,Lokesh Natarajan,2026-08-08 19:32,54,Trichy-West,
C06435,9799371240,Sathish Menon,9341036971,Thiru Verma,2026-08-08 07:52,193,Salem-South,
C06436,9799371240,Sathish Menon,9341036971,Thiru Verma,2026-08-09 18:21,351,Coimbatore-North,
C06437,9799371240,Sathish Menon,9594078161,Gopal Gowda,2026-08-09 18:55,549,Salem-South,
C06438,9799371240,Sathish Menon,9594078161,Gopal Gowda,2026-08-09 07:56,238,Trichy-West,
C06439,9799371240,Sathish Menon,9341036971,Thiru Verma,2026-08-10 08:43,439,Madurai-East,
C06440,9799371240,Sathish Menon,9962309130,Naveen Murthy,2026-08-11 20:21,508,Chennai-Central,
C06441,9799371240,Sathish Menon,9348734714,Siva Pillai,2026-08-12 13:50,519,Erode-Hub,
C06442,9799371240,Sathish Menon,9816850542,Lokesh Natarajan,2026-08-13 19:20,586,Madurai-East,
C06443,9799371240,Sathish Menon,9962309130,Naveen Murthy,2026-08-13 07:22,496,Madurai-East,
C06444,9799371240,Sathish Menon,9638546785,Omkar Rao,2026-08-14 18:25,261,Madurai-East,
C06445,9799371240,Sathish Menon,9638546785,Omkar Rao,2026-08-14 10:32,27,Chennai-Central,
C06446,9799371240,Sathish Menon,9100339075,Unknown,2026-08-13 20:26,39,Coimbatore-North,SUSPICIOUS_BURST
C06447,9799371240,Sathish Menon,9100339075,Unknown,2026-08-13 18:10,18,Chennai-Central,SUSPICIOUS_BURST
C06448,9799371240,Sathish Menon,9100339075,Unknown,2026-08-13 14:13,56,Chennai-Central,SUSPICIOUS_BURST
C06449,9799371240,Sathish Menon,9100339075,Unknown,2026-08-13 06:43,31,Coimbatore-North,SUSPICIOUS_BURST
C06450,9799371240,Sathish Menon,9100339075,Unknown,2026-08-13 16:50,27,Coimbatore-North,SUSPICIOUS_BURST
C06451,9799371240,Sathish Menon,9100339075,Unknown,2026-08-13 05:45,41,Coimbatore-North,SUSPICIOUS_BURST
C06452,9799371240,Sathish Menon,9100339075,Unknown,2026-08-13 03:38,25,Chennai-Central,SUSPICIOUS_BURST
C06453,9799371240,Sathish Menon,9100339075,Unknown,2026-08-13 06:47,16,Chennai-Central,SUSPICIOUS_BURST
C06454,9799371240,Sathish Menon,9100339075,Unknown,2026-08-13 18:55,56,Chennai-Central,SUSPICIOUS_BURST
C06455,9799371240,Sathish Menon,9100339075,Unknown,2026-08-13 11:10,25,Coimbatore-North,SUSPICIOUS_BURST
C06456,9799371240,Sathish Menon,9100339075,Unknown,2026-08-13 23:18,9,Chennai-Central,SUSPICIOUS_BURST
C06457,9799371240,Sathish Menon,9100339075,Unknown,2026-08-13 16:49,42,Coimbatore-North,SUSPICIOUS_BURST
C06458,9799371240,Sathish Menon,9100339075,Unknown,2026-08-13 09:41,6,Chennai-Central,SUSPICIOUS_BURST
C06459,9799371240,Sathish Menon,9100339075,Unknown,2026-08-13 07:26,59,Chennai-Central,SUSPICIOUS_BURST
C06460,9799371240,Sathish Menon,9100339075,Unknown,2026-08-13 23:56,9,Chennai-Central,SUSPICIOUS_BURST
C06461,9799371240,Sathish Menon,9100339075,Unknown,2026-08-13 06:37,11,Chennai-Central,SUSPICIOUS_BURST
C06462,9799371240,Sathish Menon,9100339075,Unknown,2026-08-13 18:22,13,Chennai-Central,SUSPICIOUS_BURST
C06463,9799371240,Sathish Menon,9100339075,Unknown,2026-08-13 18:47,20,Chennai-Central,SUSPICIOUS_BURST
C06464,9799371240,Sathish Menon,9100339075,Unknown,2026-08-13 15:19,60,Coimbatore-North,SUSPICIOUS_BURST
C06465,9799371240,Sathish Menon,9100339075,Unknown,2026-08-13 13:14,43,Chennai-Central,SUSPICIOUS_BURST
C06466,9799371240,Sathish Menon,9100339075,Unknown,2026-08-13 23:36,9,Chennai-Central,SUSPICIOUS_BURST
C06467,9799371240,Sathish Menon,9100339075,Unknown,2026-08-13 01:20,17,Coimbatore-North,SUSPICIOUS_BURST
C06468,9799371240,Sathish Menon,9100339075,Unknown,2026-08-13 01:53,24,Chennai-Central,SUSPICIOUS_BURST
C06469,9799371240,Sathish Menon,9100339075,Unknown,2026-08-13 05:52,60,Chennai-Central,SUSPICIOUS_BURST
C06470,9799371240,Sathish Menon,9100339075,Unknown,2026-08-13 01:32,40,Coimbatore-North,SUSPICIOUS_BURST
C06471,9799371240,Sathish Menon,9100339075,Unknown,2026-08-13 10:16,28,Coimbatore-North,SUSPICIOUS_BURST
C06472,9799371240,Sathish Menon,9100339075,Unknown,2026-08-13 07:20,34,Chennai-Central,SUSPICIOUS_BURST
C06473,9799371240,Sathish Menon,9100339075,Unknown,2026-08-13 20:23,30,Coimbatore-North,SUSPICIOUS_BURST
C06474,9799371240,Sathish Menon,9100339075,Unknown,2026-08-13 08:00,53,Chennai-Central,SUSPICIOUS_BURST
C06475,9799371240,Sathish Menon,9100339075,Unknown,2026-08-13 13:53,14,Chennai-Central,SUSPICIOUS_BURST
C06476,9799371240,Sathish Menon,9100339075,Unknown,2026-08-13 15:47,22,Coimbatore-North,SUSPICIOUS_BURST
C06477,9799371240,Sathish Menon,9100339075,Unknown,2026-08-13 03:15,18,Coimbatore-North,SUSPICIOUS_BURST
C06478,9799371240,Sathish Menon,9100339075,Unknown,2026-08-13 19:06,19,Coimbatore-North,SUSPICIOUS_BURST
C06479,9799371240,Sathish Menon,9100339075,Unknown,2026-08-13 21:26,16,Coimbatore-North,SUSPICIOUS_BURST
C06480,9799371240,Sathish Menon,9100339075,Unknown,2026-08-13 05:12,40,Coimbatore-North,SUSPICIOUS_BURST
C06481,9799371240,Sathish Menon,9100339075,Unknown,2026-08-13 17:40,57,Chennai-Central,SUSPICIOUS_BURST
C06482,9799371240,Sathish Menon,9100339075,Unknown,2026-08-13 23:02,26,Chennai-Central,SUSPICIOUS_BURST
C06483,9799371240,Sathish Menon,9100339075,Unknown,2026-08-13 15:01,57,Coimbatore-North,SUSPICIOUS_BURST
C06484,9799371240,Sathish Menon,9100339075,Unknown,2026-08-13 15:45,34,Chennai-Central,SUSPICIOUS_BURST
C06485,9799371240,Sathish Menon,9100339075,Unknown,2026-08-13 16:45,50,Chennai-Central,SUSPICIOUS_BURST
C06486,9799371240,Sathish Menon,9100339075,Unknown,2026-08-13 15:05,10,Coimbatore-North,SUSPICIOUS_BURST
C06487,9799371240,Sathish Menon,9100339075,Unknown,2026-08-13 18:13,25,Chennai-Central,SUSPICIOUS_BURST
C06488,9799371240,Sathish Menon,9100339075,Unknown,2026-08-13 02:56,16,Coimbatore-North,SUSPICIOUS_BURST
C06489,9569245937,Bala Subramaniam,9254629148,Deepak Das,2026-08-01 20:41,21,Coimbatore-North,
C06490,9569245937,Bala Subramaniam,9528098851,Raja Reddy,2026-08-02 20:59,248,Madurai-East,
C06491,9569245937,Bala Subramaniam,9528098851,Raja Reddy,2026-08-02 19:41,504,Erode-Hub,
C06492,9569245937,Bala Subramaniam,9436995777,Arun Verma,2026-08-02 11:54,44,Chennai-Central,
C06493,9569245937,Bala Subramaniam,9254629148,Deepak Das,2026-08-03 22:23,167,Erode-Hub,
C06494,9569245937,Bala Subramaniam,9034131647,Omkar Iyer,2026-08-04 08:54,419,Erode-Hub,
C06495,9569245937,Bala Subramaniam,9254629148,Deepak Das,2026-08-04 15:29,490,Chennai-Central,
C06496,9569245937,Bala Subramaniam,9056856624,Eswar Raj,2026-08-04 12:17,35,Chennai-Central,
C06497,9569245937,Bala Subramaniam,9824493534,Manoj Balakrishnan,2026-08-05 11:28,316,Erode-Hub,
C06498,9569245937,Bala Subramaniam,9056856624,Eswar Raj,2026-08-05 13:05,529,Coimbatore-North,
C06499,9569245937,Bala Subramaniam,9824493534,Manoj Balakrishnan,2026-08-06 13:55,137,Erode-Hub,
C06500,9569245937,Bala Subramaniam,9436995777,Arun Verma,2026-08-06 11:34,280,Chennai-Central,
C06501,9569245937,Bala Subramaniam,9535841438,Naveen Nair,2026-08-07 22:17,409,Salem-South,
C06502,9569245937,Bala Subramaniam,9034131647,Omkar Iyer,2026-08-07 18:50,153,Trichy-West,
C06503,9569245937,Bala Subramaniam,9034131647,Omkar Iyer,2026-08-07 15:40,198,Madurai-East,
C06504,9569245937,Bala Subramaniam,9824493534,Manoj Balakrishnan,2026-08-08 08:16,225,Salem-South,
C06505,9569245937,Bala Subramaniam,9254629148,Deepak Das,2026-08-08 20:07,418,Trichy-West,
C06506,9569245937,Bala Subramaniam,9254629148,Deepak Das,2026-08-08 16:58,181,Erode-Hub,
C06507,9569245937,Bala Subramaniam,9528098851,Raja Reddy,2026-08-09 16:10,180,Erode-Hub,
C06508,9569245937,Bala Subramaniam,9528098851,Raja Reddy,2026-08-09 09:10,561,Trichy-West,
C06509,9569245937,Bala Subramaniam,9254629148,Deepak Das,2026-08-10 16:30,479,Erode-Hub,
C06510,9569245937,Bala Subramaniam,9056856624,Eswar Raj,2026-08-10 17:03,540,Chennai-Central,
C06511,9569245937,Bala Subramaniam,9056856624,Eswar Raj,2026-08-10 11:33,420,Chennai-Central,
C06512,9569245937,Bala Subramaniam,9056856624,Eswar Raj,2026-08-11 10:10,599,Madurai-East,
C06513,9569245937,Bala Subramaniam,9535841438,Naveen Nair,2026-08-11 22:05,406,Madurai-East,
C06514,9569245937,Bala Subramaniam,9824493534,Manoj Balakrishnan,2026-08-12 20:39,436,Coimbatore-North,
C06515,9569245937,Bala Subramaniam,9535841438,Naveen Nair,2026-08-12 16:48,322,Salem-South,
C06516,9569245937,Bala Subramaniam,9034131647,Omkar Iyer,2026-08-13 10:08,51,Salem-South,
C06517,9569245937,Bala Subramaniam,9034131647,Omkar Iyer,2026-08-14 13:57,227,Erode-Hub,
C06518,9793564651,Rajesh Natarajan,9348734714,Siva Pillai,2026-08-01 20:34,27,Chennai-Central,
C06519,9793564651,Rajesh Natarajan,9131712748,Eswar Krishnan,2026-08-01 14:01,253,Trichy-West,
C06520,9793564651,Rajesh Natarajan,9348734714,Siva Pillai,2026-08-01 12:56,77,Chennai-Central,
C06521,9793564651,Rajesh Natarajan,9474687234,Arun Mohan,2026-08-02 07:11,380,Coimbatore-North,
C06522,9793564651,Rajesh Natarajan,9611836736,Bharath Bose,2026-08-02 11:14,578,Trichy-West,
C06523,9793564651,Rajesh Natarajan,9131712748,Eswar Krishnan,2026-08-02 18:14,416,Trichy-West,
C06524,9793564651,Rajesh Natarajan,9611836736,Bharath Bose,2026-08-03 08:06,215,Trichy-West,
C06525,9793564651,Rajesh Natarajan,9474687234,Arun Mohan,2026-08-04 19:41,126,Madurai-East,
C06526,9793564651,Rajesh Natarajan,9348734714,Siva Pillai,2026-08-04 11:01,150,Erode-Hub,
C06527,9793564651,Rajesh Natarajan,9348734714,Siva Pillai,2026-08-05 14:21,59,Coimbatore-North,
C06528,9793564651,Rajesh Natarajan,9131712748,Eswar Krishnan,2026-08-05 09:54,228,Trichy-West,
C06529,9793564651,Rajesh Natarajan,9131712748,Eswar Krishnan,2026-08-05 20:13,356,Madurai-East,
C06530,9793564651,Rajesh Natarajan,9474687234,Arun Mohan,2026-08-06 11:23,492,Trichy-West,
C06531,9793564651,Rajesh Natarajan,9611836736,Bharath Bose,2026-08-06 14:27,251,Erode-Hub,
C06532,9793564651,Rajesh Natarajan,9611836736,Bharath Bose,2026-08-07 15:37,313,Madurai-East,
C06533,9793564651,Rajesh Natarajan,9611836736,Bharath Bose,2026-08-08 14:54,460,Chennai-Central,
C06534,9793564651,Rajesh Natarajan,9611836736,Bharath Bose,2026-08-08 09:17,410,Coimbatore-North,
C06535,9793564651,Rajesh Natarajan,9611836736,Bharath Bose,2026-08-08 17:45,451,Salem-South,
C06536,9793564651,Rajesh Natarajan,9131712748,Eswar Krishnan,2026-08-09 17:21,448,Salem-South,
C06537,9793564651,Rajesh Natarajan,9348734714,Siva Pillai,2026-08-09 16:36,326,Madurai-East,
C06538,9793564651,Rajesh Natarajan,9474687234,Arun Mohan,2026-08-10 10:28,400,Trichy-West,
C06539,9793564651,Rajesh Natarajan,9474687234,Arun Mohan,2026-08-11 21:55,398,Trichy-West,
C06540,9793564651,Rajesh Natarajan,9348734714,Siva Pillai,2026-08-12 19:18,375,Trichy-West,
C06541,9793564651,Rajesh Natarajan,9474687234,Arun Mohan,2026-08-12 12:30,233,Erode-Hub,
C06542,9793564651,Rajesh Natarajan,9611836736,Bharath Bose,2026-08-12 19:43,488,Salem-South,
C06543,9793564651,Rajesh Natarajan,9348734714,Siva Pillai,2026-08-13 07:42,212,Erode-Hub,
C06544,9793564651,Rajesh Natarajan,9348734714,Siva Pillai,2026-08-14 08:16,74,Madurai-East,
C06545,9793564651,Rajesh Natarajan,9131712748,Eswar Krishnan,2026-08-14 15:55,588,Chennai-Central,
